file_html,test_me_inf,instance,replace,complex
https://github.com/aerdem4/lofo-importance/tree/master/lofo/lofo_importance.py,"('https://github.com/aerdem4/lofo-importance/tree/master/tests/test_lofo_importance.py', 'tests.test_lofo_importance', '', 'test_multithreading')",0,,1
https://github.com/aliyun/aliyun-openapi-python-sdk/tree/master/aliyun-python-sdk-core-v3/aliyunsdkcore/http/http_request.py,"('https://github.com/aliyun/aliyun-openapi-python-sdk/tree/master/aliyun-python-sdk-core-v3/tests/http/test_http_request.py', 'aliyun-python-sdk-core-v3.tests.http.test_http_request', 'TestHTTPRequest', 'test_http_request')",0,1,
https://github.com/aliyun/aliyun-openapi-python-sdk/tree/master/aliyun-python-sdk-core-v3/aliyunsdkcore/http/http_request.py,"('https://github.com/aliyun/aliyun-openapi-python-sdk/tree/master/aliyun-python-sdk-core-v3/tests/http/test_http_request.py', 'aliyun-python-sdk-core-v3.tests.http.test_http_request', 'TestHTTPRequest', 'test_http_request')",1,1,
https://github.com/alteryx/evalml/tree/master/evalml/automl/automl_search.py,"('https://github.com/alteryx/evalml/tree/master/evalml/tests/automl_tests/test_search.py', 'evalml.tests.automl_tests.test_search', '', 'test_search_data_check_error')",0,1,
https://github.com/alteryx/evalml/tree/master/evalml/automl/automl_search.py,"('https://github.com/alteryx/evalml/tree/master/evalml/tests/automl_tests/test_search.py', 'evalml.tests.automl_tests.test_search', '', 'test_search_args')",3,1,
https://github.com/alteryx/evalml/tree/master/evalml/model_understanding/decision_boundary.py,"('https://github.com/alteryx/evalml/tree/master/evalml/tests/model_understanding_tests/test_decision_boundary.py', 'evalml.tests.model_understanding_tests.test_decision_boundary', '', 'test_find_confusion_matrix_values')",0,,1
https://github.com/ammaraskar/pyCraft/tree/master/minecraft/authentication.py,"('https://github.com/ammaraskar/pyCraft/tree/master/tests/test_authentication.py', 'tests.test_authentication', 'BoolProfile', 'test_bool_no_data')",2,,1
https://github.com/ammaraskar/pyCraft/tree/master/minecraft/authentication.py,"('https://github.com/ammaraskar/pyCraft/tree/master/tests/test_authentication.py', 'tests.test_authentication', 'BoolProfile', 'test_bool_with_data')",2,,1
https://github.com/arvkevi/kneed/tree/master/kneed/shape_detector.py,"('https://github.com/arvkevi/kneed/tree/master/tests/test_sample.py', 'tests.test_sample', '', 'test_find_shape')",0,1,
https://github.com/arvkevi/kneed/tree/master/kneed/shape_detector.py,"('https://github.com/arvkevi/kneed/tree/master/tests/test_sample.py', 'tests.test_sample', '', 'test_find_shape')",2,1,
https://github.com/arvkevi/kneed/tree/master/kneed/shape_detector.py,"('https://github.com/arvkevi/kneed/tree/master/tests/test_sample.py', 'tests.test_sample', '', 'test_find_shape')",0,1,
https://github.com/arvkevi/kneed/tree/master/kneed/shape_detector.py,"('https://github.com/arvkevi/kneed/tree/master/tests/test_sample.py', 'tests.test_sample', '', 'test_find_shape')",0,1,
https://github.com/arvkevi/kneed/tree/master/kneed/shape_detector.py,"('https://github.com/arvkevi/kneed/tree/master/tests/test_sample.py', 'tests.test_sample', '', 'test_find_shape')",3,1,
https://github.com/automl/SMAC3/tree/master/smac/epm/util_funcs.py,"('https://github.com/automl/SMAC3/tree/master/test/test_facade/test_smac_facade.py', 'test.test_facade.test_smac_facade', 'TestSMACFacade', 'test_check_random_states')",1,1,
https://github.com/automl/SMAC3/tree/master/smac/epm/util_funcs.py,"('https://github.com/automl/SMAC3/tree/master/test/test_facade/test_smac_facade.py', 'test.test_facade.test_smac_facade', 'TestSMACFacade', 'test_check_random_states')",4,1,
https://github.com/automl/SMAC3/tree/master/smac/epm/util_funcs.py,"('https://github.com/automl/SMAC3/tree/master/test/test_facade/test_smac_facade.py', 'test.test_facade.test_smac_facade', 'TestSMACFacade', 'test_check_random_states')",5,1,
https://github.com/automl/SMAC3/tree/master/smac/epm/util_funcs.py,"('https://github.com/automl/SMAC3/tree/master/test/test_facade/test_smac_facade.py', 'test.test_facade.test_smac_facade', 'TestSMACFacade', 'test_check_random_states')",2,1,
https://github.com/automl/SMAC3/tree/master/smac/runhistory/runhistory.py,"('https://github.com/automl/SMAC3/tree/master/test/test_smbo/test_pSMAC.py', 'test.test_smbo.test_pSMAC', 'TestPSMAC', 'test_write')",3,,1
https://github.com/automl/SMAC3/tree/master/smac/runhistory/runhistory.py,"('https://github.com/automl/SMAC3/tree/master/test/test_smbo/test_pSMAC.py', 'test.test_smbo.test_pSMAC', 'TestPSMAC', 'test_write')",0,,1
https://github.com/automl/SMAC3/tree/master/smac/runhistory/runhistory.py,"('https://github.com/automl/SMAC3/tree/master/test/test_smbo/test_pSMAC.py', 'test.test_smbo.test_pSMAC', 'TestPSMAC', 'test_write')",1,,1
https://github.com/bayespy/bayespy/tree/master/bayespy/utils/optimize.py,"('https://github.com/bayespy/bayespy/tree/master/bayespy/inference/vmp/tests/test_transformations.py', 'bayespy.inference.vmp.tests.test_transformations', 'TestRotateGaussianMarkovChain', 'test_cost_gradient')",2,1,
https://github.com/bayespy/bayespy/tree/master/bayespy/utils/optimize.py,"('https://github.com/bayespy/bayespy/tree/master/bayespy/inference/vmp/tests/test_transformations.py', 'bayespy.inference.vmp.tests.test_transformations', 'TestRotateGaussianMarkovChain', 'test_cost_gradient')",1,1,
https://github.com/bayespy/bayespy/tree/master/bayespy/utils/optimize.py,"('https://github.com/bayespy/bayespy/tree/master/bayespy/inference/vmp/tests/test_transformations.py', 'bayespy.inference.vmp.tests.test_transformations', 'TestRotateGaussianMarkovChain', 'test_cost_gradient')",5,1,
https://github.com/bayespy/bayespy/tree/master/bayespy/utils/optimize.py,"('https://github.com/bayespy/bayespy/tree/master/bayespy/inference/vmp/tests/test_transformations.py', 'bayespy.inference.vmp.tests.test_transformations', 'TestRotateGaussianMarkovChain', 'test_cost_gradient')",3,1,
https://github.com/beancount/beancount/tree/master/beancount/core/data.py,"('https://github.com/beancount/beancount/tree/master/beancount/core/data_test.py', 'beancount.core.data_test', 'TestData', 'test_posting_has_conversion')",0,,1
https://github.com/beancount/beancount/tree/master/beancount/core/data.py,"('https://github.com/beancount/beancount/tree/master/beancount/core/data_test.py', 'beancount.core.data_test', 'TestData', 'test_posting_has_conversion')",1,,1
https://github.com/beancount/beancount/tree/master/beancount/utils/memo.py,"('https://github.com/beancount/beancount/tree/master/beancount/utils/memo_test.py', 'beancount.utils.memo_test', 'TestMemoization', 'test_memoization_success')",0,,1
https://github.com/blackjack4494/yt-dlc/tree/master/youtube_dlc/utils.py,"('https://github.com/blackjack4494/yt-dlc/tree/master/test/test_utils.py', 'test.test_utils', 'TestUtil', 'test_remove_quotes')",0,1,
https://github.com/Blockstream/satellite/tree/master/blocksatcli/api/bidding.py,"('https://github.com/Blockstream/satellite/tree/master/blocksatcli/api/test_bidding.py', 'blocksatcli.api.test_bidding', 'TestBidding', 'test_bid_validation')",3,1,
https://github.com/Blockstream/satellite/tree/master/blocksatcli/api/bidding.py,"('https://github.com/Blockstream/satellite/tree/master/blocksatcli/api/test_bidding.py', 'blocksatcli.api.test_bidding', 'TestBidding', 'test_bid_validation')",1,1,
https://github.com/Blockstream/satellite/tree/master/blocksatcli/api/bidding.py,"('https://github.com/Blockstream/satellite/tree/master/blocksatcli/api/test_bidding.py', 'blocksatcli.api.test_bidding', 'TestBidding', 'test_bid_validation')",0,1,
https://github.com/Blockstream/satellite/tree/master/blocksatcli/api/bidding.py,"('https://github.com/Blockstream/satellite/tree/master/blocksatcli/api/test_bidding.py', 'blocksatcli.api.test_bidding', 'TestBidding', 'test_bid_validation')",2,1,
https://github.com/Blockstream/satellite/tree/master/blocksatcli/config.py,"('https://github.com/Blockstream/satellite/tree/master/blocksatcli/test_config.py', 'blocksatcli.test_config', 'TestConfigHelpers', 'test_lnb_model')",2,1,
https://github.com/Blockstream/satellite/tree/master/blocksatcli/config.py,"('https://github.com/Blockstream/satellite/tree/master/blocksatcli/test_config.py', 'blocksatcli.test_config', 'TestConfigHelpers', 'test_lnb_model')",1,1,
https://github.com/Blockstream/satellite/tree/master/blocksatcli/config.py,"('https://github.com/Blockstream/satellite/tree/master/blocksatcli/test_config.py', 'blocksatcli.test_config', 'TestConfigHelpers', 'test_lnb_model')",0,1,
https://github.com/brilee/MuGo/tree/master//sgf_wrapper.py,"('https://github.com/brilee/MuGo/tree/master/tests/test_sgf_wrapper.py', 'tests.test_sgf_wrapper', 'TestPositionReplay', 'test_replay_position')",0,1,
https://github.com/brilee/MuGo/tree/master//sgf_wrapper.py,"('https://github.com/brilee/MuGo/tree/master/tests/test_sgf_wrapper.py', 'tests.test_sgf_wrapper', 'TestSgfWrapper', 'test_sgf_props')",0,1,
https://github.com/brilee/MuGo/tree/master//sgf_wrapper.py,"('https://github.com/brilee/MuGo/tree/master/tests/test_sgf_wrapper.py', 'tests.test_sgf_wrapper', 'TestSgfWrapper', 'test_chinese_handicap_handling')",0,1,
https://github.com/CamDavidsonPilon/lifetimes/tree/master/lifetimes/utils.py,"('https://github.com/CamDavidsonPilon/lifetimes/tree/master/tests/test_utils.py', 'tests.test_utils', '', 'test_expected_cumulative_transactions_date_index')",0,,1
https://github.com/CamDavidsonPilon/lifetimes/tree/master/lifetimes/utils.py,"('https://github.com/CamDavidsonPilon/lifetimes/tree/master/tests/test_utils.py', 'tests.test_utils', '', 'test_expected_cumulative_transactions_dedups_inside_a_time_period')",0,,1
https://github.com/capitalone/DataProfiler/tree/master/dataprofiler/profilers/float_column_profile.py,"('https://github.com/capitalone/DataProfiler/tree/master/dataprofiler/tests/profilers/test_float_column_profile.py', 'dataprofiler.tests.profilers.test_float_column_profile', 'TestFloatColumn', 'test_profiled_precision')",2,1,
https://github.com/capitalone/DataProfiler/tree/master/dataprofiler/profilers/float_column_profile.py,"('https://github.com/capitalone/DataProfiler/tree/master/dataprofiler/tests/profilers/test_float_column_profile.py', 'dataprofiler.tests.profilers.test_float_column_profile', 'TestFloatColumn', 'test_profiled_precision')",5,1,
https://github.com/capitalone/DataProfiler/tree/master/dataprofiler/profilers/float_column_profile.py,"('https://github.com/capitalone/DataProfiler/tree/master/dataprofiler/tests/profilers/test_float_column_profile.py', 'dataprofiler.tests.profilers.test_float_column_profile', 'TestFloatColumn', 'test_profiled_precision')",0,1,
https://github.com/capitalone/DataProfiler/tree/master/dataprofiler/profilers/float_column_profile.py,"('https://github.com/capitalone/DataProfiler/tree/master/dataprofiler/tests/profilers/test_float_column_profile.py', 'dataprofiler.tests.profilers.test_float_column_profile', 'TestFloatColumn', 'test_profiled_precision')",4,1,
https://github.com/capitalone/DataProfiler/tree/master/dataprofiler/profilers/helpers/report_helpers.py,"('https://github.com/capitalone/DataProfiler/tree/master/dataprofiler/tests/profilers/test_profile_builder.py', 'dataprofiler.tests.profilers.test_profile_builder', 'TestStructuredProfiler', 'test_report_compact')",2,1,
https://github.com/capitalone/DataProfiler/tree/master/dataprofiler/profilers/helpers/report_helpers.py,"('https://github.com/capitalone/DataProfiler/tree/master/dataprofiler/tests/profilers/test_profile_builder.py', 'dataprofiler.tests.profilers.test_profile_builder', 'TestStructuredProfiler', 'test_report_compact')",0,1,
https://github.com/capitalone/DataProfiler/tree/master/dataprofiler/profilers/helpers/report_helpers.py,"('https://github.com/capitalone/DataProfiler/tree/master/dataprofiler/tests/profilers/test_profile_builder.py', 'dataprofiler.tests.profilers.test_profile_builder', 'TestStructuredProfiler', 'test_report_compact')",4,1,
https://github.com/capitalone/DataProfiler/tree/master/dataprofiler/profilers/utils.py,"('https://github.com/capitalone/DataProfiler/tree/master/dataprofiler/tests/profilers/test_utils.py', 'dataprofiler.tests.profilers.test_utils', 'TestShuffleInChunks', 'test_find_diff')",2,1,
https://github.com/capitalone/DataProfiler/tree/master/dataprofiler/profilers/utils.py,"('https://github.com/capitalone/DataProfiler/tree/master/dataprofiler/tests/profilers/test_utils.py', 'dataprofiler.tests.profilers.test_utils', 'TestShuffleInChunks', 'test_find_diff')",3,1,
https://github.com/capitalone/DataProfiler/tree/master/dataprofiler/profilers/utils.py,"('https://github.com/capitalone/DataProfiler/tree/master/dataprofiler/tests/profilers/test_utils.py', 'dataprofiler.tests.profilers.test_utils', 'TestShuffleInChunks', 'test_find_diff')",4,1,
https://github.com/caronc/apprise/tree/master/apprise/config/ConfigHTTP.py,"('https://github.com/caronc/apprise/tree/master/test/test_config_http.py', 'test.test_config_http', '', 'test_config_http')",0,,1
https://github.com/caronc/apprise/tree/master/apprise/config/ConfigHTTP.py,"('https://github.com/caronc/apprise/tree/master/test/test_config_http.py', 'test.test_config_http', '', 'test_config_http')",3,,1
https://github.com/caronc/apprise/tree/master/apprise/config/ConfigHTTP.py,"('https://github.com/caronc/apprise/tree/master/test/test_config_http.py', 'test.test_config_http', '', 'test_config_http')",1,,1
https://github.com/caronc/apprise/tree/master/apprise/config/ConfigHTTP.py,"('https://github.com/caronc/apprise/tree/master/test/test_config_http.py', 'test.test_config_http', '', 'test_config_http')",5,,1
https://github.com/caronc/apprise/tree/master/apprise/config/ConfigHTTP.py,"('https://github.com/caronc/apprise/tree/master/test/test_config_http.py', 'test.test_config_http', '', 'test_config_http')",2,,1
https://github.com/caronc/apprise/tree/master/apprise/config/ConfigHTTP.py,"('https://github.com/caronc/apprise/tree/master/test/test_config_http.py', 'test.test_config_http', '', 'test_config_http')",4,,1
https://github.com/chainer/chainerrl/tree/master/chainerrl/experiments/train_agent_batch.py,"('https://github.com/chainer/chainerrl/tree/master/tests/experiments_tests/test_train_agent_batch.py', 'tests.experiments_tests.test_train_agent_batch', 'TestTrainAgentBatchNeedsReset', 'test_needs_reset')",0,,1
https://github.com/clips/pattern/tree/master/pattern/metrics.py,"('https://github.com/clips/pattern/tree/master/test/test_metrics.py', 'test.test_metrics', 'TestInterpolation', 'test_smoothrange')",0,1,
https://github.com/clips/pattern/tree/master/pattern/metrics.py,"('https://github.com/clips/pattern/tree/master/test/test_metrics.py', 'test.test_metrics', 'TestInterpolation', 'test_smoothrange')",1,1,
https://github.com/clips/pattern/tree/master/pattern/metrics.py,"('https://github.com/clips/pattern/tree/master/test/test_metrics.py', 'test.test_metrics', 'TestInterpolation', 'test_smoothrange')",2,1,
https://github.com/cloud-custodian/cloud-custodian/tree/master/c7n/resources/aws.py,"('https://github.com/cloud-custodian/cloud-custodian/tree/master/tests/test_aws.py', 'tests.test_aws', 'TestArnResolver', 'test_arn_resolve_type')",3,,1
https://github.com/cloud-custodian/cloud-custodian/tree/master/c7n/resources/aws.py,"('https://github.com/cloud-custodian/cloud-custodian/tree/master/tests/test_aws.py', 'tests.test_aws', 'TestArnResolver', 'test_arn_resolve_type')",4,,1
https://github.com/cloud-custodian/cloud-custodian/tree/master/c7n/resources/aws.py,"('https://github.com/cloud-custodian/cloud-custodian/tree/master/tests/test_aws.py', 'tests.test_aws', 'TestArnResolver', 'test_arn_resolve_type')",0,,1
https://github.com/cloud-custodian/cloud-custodian/tree/master/c7n/resources/aws.py,"('https://github.com/cloud-custodian/cloud-custodian/tree/master/tests/test_aws.py', 'tests.test_aws', 'TestArnResolver', 'test_arn_resolve_type')",2,,1
https://github.com/cloud-custodian/cloud-custodian/tree/master/c7n/resources/aws.py,"('https://github.com/cloud-custodian/cloud-custodian/tree/master/tests/test_aws.py', 'tests.test_aws', 'TestArnResolver', 'test_arn_resolve_type')",1,,1
https://github.com/conjure-up/conjure-up/tree/master/conjureup/utils.py,"('https://github.com/conjure-up/conjure-up/tree/master/test/test_utils.py', 'test.test_utils', 'UtilsTestCase', 'test_sentry_report')",1,1,
https://github.com/d0c-s4vage/lookatme/tree/master/lookatme/parser.py,"('https://github.com/d0c-s4vage/lookatme/tree/master/tests/test_parse.py', 'tests.test_parse', '', 'test_parse_smart_slides_multiple_h2')",0,,1
https://github.com/dulwich/dulwich/tree/master/dulwich/client.py,"('https://github.com/dulwich/dulwich/tree/master/dulwich/tests/test_client.py', 'dulwich.tests.test_client', 'TCPGitClientTests', 'test_get_url_with_port')",0,,1
https://github.com/dulwich/dulwich/tree/master/dulwich/diff_tree.py,"('https://github.com/dulwich/dulwich/tree/master/dulwich/tests/test_porcelain.py', 'dulwich.tests.test_porcelain', 'ResetTests', 'test_hard_head')",0,1,
https://github.com/dulwich/dulwich/tree/master/dulwich/diff_tree.py,"('https://github.com/dulwich/dulwich/tree/master/dulwich/tests/test_porcelain.py', 'dulwich.tests.test_porcelain', 'ResetTests', 'test_hard_commit')",0,1,
https://github.com/EducationalTestingService/skll/tree/master/skll/utils/commandline/compute_eval_from_predictions.py,"('https://github.com/EducationalTestingService/skll/tree/master/tests/test_commandline_utils.py', 'tests.test_commandline_utils', '', 'test_compute_eval_from_predictions_breaks_with_expval_and_nonnumeric_classes')",0,,1
https://github.com/EducationalTestingService/skll/tree/master/skll/utils/commandline/compute_eval_from_predictions.py,"('https://github.com/EducationalTestingService/skll/tree/master/tests/test_commandline_utils.py', 'tests.test_commandline_utils', '', 'test_conflicting_prediction_and_example_ids')",0,,1
https://github.com/ericvsmith/dataclasses/tree/master//dataclasses.py,"('https://github.com/ericvsmith/dataclasses/tree/master/test/test_dataclasses.py', 'test.test_dataclasses', 'TestFieldNoAnnotation', 'test_field_without_annotation')",0,1,
https://github.com/errbotio/errbot/tree/master/errbot/utils.py,"('https://github.com/errbotio/errbot/tree/master/tests/utils_test.py', 'tests.utils_test', '', 'test_formattimedelta')",0,1,
https://github.com/facebookincubator/xar/tree/master/xar/py_util.py,"('https://github.com/facebookincubator/xar/tree/master/xar/tests/py_util_test.py', 'xar.tests.py_util_test', 'PyUtilTest', 'test_wheel_copy_installation')",0,,1
https://github.com/gnes-ai/gnes/tree/master/gnes/helper.py,"('https://github.com/gnes-ai/gnes/tree/master/tests/test_batching.py', 'tests.test_batching', 'TestBatching', 'test_mini_batch')",0,1,
https://github.com/gnes-ai/gnes/tree/master/gnes/preprocessor/video/frame_select.py,"('https://github.com/gnes-ai/gnes/tree/master/tests/test_frame_selector.py', 'tests.test_frame_selector', 'TestFrameSelector', 'test_big_sframe')",0,,1
https://github.com/gnes-ai/gnes/tree/master/gnes/preprocessor/video/frame_select.py,"('https://github.com/gnes-ai/gnes/tree/master/tests/test_frame_selector.py', 'tests.test_frame_selector', 'TestFrameSelector', 'test_get_frames')",0,,1
https://github.com/GNS3/gns3-server/tree/master/gns3server/compute/port_manager.py,"('https://github.com/GNS3/gns3-server/tree/master/tests/compute/test_port_manager.py', 'tests.compute.test_port_manager', '', 'test_reserve_tcp_port')",1,1,
https://github.com/GNS3/gns3-server/tree/master/gns3server/compute/port_manager.py,"('https://github.com/GNS3/gns3-server/tree/master/tests/compute/test_port_manager.py', 'tests.compute.test_port_manager', '', 'test_reserve_tcp_port_already_used_by_another_program')",0,1,
https://github.com/GNS3/gns3-server/tree/master/gns3server/compute/port_manager.py,"('https://github.com/GNS3/gns3-server/tree/master/tests/compute/test_port_manager.py', 'tests.compute.test_port_manager', '', 'test_reserve_tcp_port')",0,1,
https://github.com/google/pinject/tree/master/pinject/decorators.py,"('https://github.com/google/pinject/tree/master/tests/decorators_test.py', 'tests.decorators_test', 'InjectTest', 'test_arg_names_must_be_sequence')",0,1,
https://github.com/google/pinject/tree/master/pinject/object_graph.py,"('https://github.com/google/pinject/tree/master/tests/object_graph_test.py', 'tests.object_graph_test', 'ObjectGraphProvideTest', 'test_can_provide_class_that_itself_requires_injection')",0,,1
https://github.com/google/pinject/tree/master/pinject/object_graph.py,"('https://github.com/google/pinject/tree/master/tests/object_graph_test.py', 'tests.object_graph_test', 'NewObjectGraphTest', 'test_allows_binding_spec_with_only_provider_methods')",0,,1
https://github.com/google/pinject/tree/master/pinject/object_graph.py,"('https://github.com/google/pinject/tree/master/tests/object_graph_test.py', 'tests.object_graph_test', 'NewObjectGraphTest', 'test_customizing_binding_spec_method_names_allow_method_omission')",0,,1
https://github.com/google/pinject/tree/master/pinject/object_graph.py,"('https://github.com/google/pinject/tree/master/tests/object_graph_test.py', 'tests.object_graph_test', 'ObjectGraphProvideTest', 'test_injectable_decorated_class_is_explicitly_bound')",0,,1
https://github.com/google/TensorNetwork/tree/master/tensornetwork/block_sparse/charge.py,"('https://github.com/google/TensorNetwork/tree/master/tensornetwork/block_sparse/blocksparsetensor_test.py', 'tensornetwork.block_sparse.blocksparsetensor_test', '', 'test_BlockSparseTensor_contiguous_1')",3,,1
https://github.com/google/TensorNetwork/tree/master/tensornetwork/block_sparse/charge.py,"('https://github.com/google/TensorNetwork/tree/master/tensornetwork/block_sparse/blocksparsetensor_test.py', 'tensornetwork.block_sparse.blocksparsetensor_test', '', 'test_BlockSparseTensor_contiguous_1')",1,,1
https://github.com/google/TensorNetwork/tree/master/tensornetwork/block_sparse/charge.py,"('https://github.com/google/TensorNetwork/tree/master/tensornetwork/block_sparse/caching_test.py', 'tensornetwork.block_sparse.caching_test', '', 'test_cache')",0,,1
https://github.com/google/TensorNetwork/tree/master/tensornetwork/block_sparse/charge.py,"('https://github.com/google/TensorNetwork/tree/master/tensornetwork/block_sparse/blocksparsetensor_test.py', 'tensornetwork.block_sparse.blocksparsetensor_test', '', 'test_BlockSparseTensor_init')",0,,1
https://github.com/google-research/meta-dataset/tree/master/meta_dataset/data/imagenet_specification.py,"('https://github.com/google-research/meta-dataset/tree/master/meta_dataset/data/imagenet_specification_test.py', 'meta_dataset.data.imagenet_specification_test', 'SplitCreationTest', 'test_toy_root_proposer')",0,1,
https://github.com/google-research/pegasus/tree/master/pegasus/layers/decoding.py,"('https://github.com/google-research/pegasus/tree/master/pegasus/layers/decoding_test.py', 'pegasus.layers.decoding_test', 'DecodingTest', 'test_top_k')",0,1,
https://github.com/google-research/pegasus/tree/master/pegasus/layers/decoding.py,"('https://github.com/google-research/pegasus/tree/master/pegasus/layers/decoding_test.py', 'pegasus.layers.decoding_test', 'DecodingTest', 'test_top_p')",1,1,
https://github.com/gugarosa/opytimizer/tree/master/opytimizer/core/node.py,"('https://github.com/gugarosa/opytimizer/tree/master/tests/opytimizer/core/test_node.py', 'tests.opytimizer.core.test_node', '', 'test_node_properties')",0,,1
https://github.com/gugarosa/opytimizer/tree/master/opytimizer/optimizers/social/bso.py,"('https://github.com/gugarosa/opytimizer/tree/master/tests/opytimizer/optimizers/social/test_bso.py', 'tests.opytimizer.optimizers.social.test_bso', '', 'test_bso_update')",0,,1
https://github.com/gugarosa/opytimizer/tree/master/opytimizer/optimizers/social/bso.py,"('https://github.com/gugarosa/opytimizer/tree/master/tests/opytimizer/optimizers/social/test_bso.py', 'tests.opytimizer.optimizers.social.test_bso', '', 'test_bso_update')",1,,1
https://github.com/indigo-dc/udocker/tree/master/udocker/utils/fileutil.py,"('https://github.com/indigo-dc/udocker/tree/master/tests/unit/test_fileutil.py', 'tests.unit.test_fileutil', 'FileUtilTestCase', 'test_36_copyto')",1,,1
https://github.com/indigo-dc/udocker/tree/master/udocker/utils/fileutil.py,"('https://github.com/indigo-dc/udocker/tree/master/tests/unit/test_fileutil.py', 'tests.unit.test_fileutil', 'FileUtilTestCase', 'test_36_copyto')",0,,1
https://github.com/indigo-dc/udocker/tree/master/udocker/utils/fileutil.py,"('https://github.com/indigo-dc/udocker/tree/master/tests/unit/test_fileutil.py', 'tests.unit.test_fileutil', 'FileUtilTestCase', 'test_36_copyto')",1,,1
https://github.com/indigo-dc/udocker/tree/master/udocker/utils/uvolume.py,"('https://github.com/indigo-dc/udocker/tree/master/tests/unit/test_uvolume.py', 'tests.unit.test_uvolume', 'UvolumeTestCase', 'test_02_cleanpath')",1,1,
https://github.com/indigo-dc/udocker/tree/master/udocker/utils/uvolume.py,"('https://github.com/indigo-dc/udocker/tree/master/tests/unit/test_uvolume.py', 'tests.unit.test_uvolume', 'UvolumeTestCase', 'test_02_cleanpath')",0,1,
https://github.com/jaraco/inflect/tree/master//inflect.py,"('https://github.com/jaraco/inflect/tree/master/tests/test_pwd.py', 'tests.test_pwd', 'test', 'test_count')",2,,1
https://github.com/jaraco/inflect/tree/master//inflect.py,"('https://github.com/jaraco/inflect/tree/master/tests/test_pwd.py', 'tests.test_pwd', 'test', 'test_count')",5,,1
https://github.com/jaraco/inflect/tree/master//inflect.py,"('https://github.com/jaraco/inflect/tree/master/tests/test_pwd.py', 'tests.test_pwd', 'test', 'test_count')",3,,1
https://github.com/jaraco/inflect/tree/master//inflect.py,"('https://github.com/jaraco/inflect/tree/master/tests/test_pwd.py', 'tests.test_pwd', 'test', 'test_count')",1,,1
https://github.com/jazzband/geojson/tree/master/geojson/base.py,"('https://github.com/jazzband/geojson/tree/master/tests/test_base.py', 'tests.test_base', 'BaseTestCase', 'test_to_instance')",0,1,
https://github.com/JelteF/PyLaTeX/tree/master/pylatex/table.py,"('https://github.com/JelteF/PyLaTeX/tree/master/tests/test_args.py', 'tests.test_args', '', 'test_table')",0,1,
https://github.com/jmathai/elodie/tree/master/elodie/localstorage.py,"('https://github.com/jmathai/elodie/tree/master/elodie/tests/localstorage_test.py', 'elodie.tests.localstorage_test', '', 'test_get_location_name')",0,1,
https://github.com/jmathai/elodie/tree/master/elodie/localstorage.py,"('https://github.com/jmathai/elodie/tree/master/elodie/tests/localstorage_test.py', 'elodie.tests.localstorage_test', '', 'test_get_location_name_outside_threshold')",0,1,
https://github.com/joblib/joblib/tree/master/joblib/memory.py,"('https://github.com/joblib/joblib/tree/master/joblib/test/test_memory.py', 'joblib.test.test_memory', '', 'test_memory_reduce_size')",1,,1
https://github.com/joblib/joblib/tree/master/joblib/memory.py,"('https://github.com/joblib/joblib/tree/master/joblib/test/test_memory.py', 'joblib.test.test_memory', '', 'test_memory_reduce_size')",3,,1
https://github.com/jsvine/markovify/tree/master/markovify/text.py,"('https://github.com/jsvine/markovify/tree/master/test/test_itertext.py', 'test.test_itertext', 'MarkovifyTest', 'test_simple')",0,,1
https://github.com/kellyjonbrazil/jc/tree/master/jc/cli.py,"('https://github.com/kellyjonbrazil/jc/tree/master/tests/test_cli.py', 'tests.test_cli', 'MyTests', 'test_cli_set_env_colors')",1,1,
https://github.com/kellyjonbrazil/jc/tree/master/jc/cli.py,"('https://github.com/kellyjonbrazil/jc/tree/master/tests/test_cli.py', 'tests.test_cli', 'MyTests', 'test_cli_set_env_colors')",2,1,
https://github.com/kellyjonbrazil/jc/tree/master/jc/cli.py,"('https://github.com/kellyjonbrazil/jc/tree/master/tests/test_cli.py', 'tests.test_cli', 'MyTests', 'test_cli_set_env_colors')",3,1,
https://github.com/ljvmiranda921/pyswarms/tree/master/pyswarms/backend/generators.py,"('https://github.com/ljvmiranda921/pyswarms/tree/master/tests/backend/test_generators.py', 'tests.backend.test_generators', 'TestGenerateSwarm', 'test_out_of_bounds')",0,1,
https://github.com/lrvick/youtube-dl/tree/master/youtube_dl/utils.py,"('https://github.com/lrvick/youtube-dl/tree/master/test/test_utils.py', 'test.test_utils', 'TestUtil', 'test_remove_quotes')",2,1,
https://github.com/lrvick/youtube-dl/tree/master/youtube_dl/utils.py,"('https://github.com/lrvick/youtube-dl/tree/master/test/test_utils.py', 'test.test_utils', 'TestUtil', 'test_remove_quotes')",1,1,
https://github.com/lrvick/youtube-dl/tree/master/youtube_dl/utils.py,"('https://github.com/lrvick/youtube-dl/tree/master/test/test_utils.py', 'test.test_utils', 'TestUtil', 'test_remove_quotes')",0,1,
https://github.com/mahmoud/glom/tree/master/glom/core.py,"('https://github.com/mahmoud/glom/tree/master/glom/test/test_error.py', 'glom.test.test_error', '', 'test_short_trace')",0,1,
https://github.com/makepath/xarray-spatial/tree/master/xrspatial/pathfinding.py,"('https://github.com/makepath/xarray-spatial/tree/master/xrspatial/tests/test_pathfinding.py', 'xrspatial.tests.test_pathfinding', '', 'test_a_star_search')",3,1,
https://github.com/makepath/xarray-spatial/tree/master/xrspatial/pathfinding.py,"('https://github.com/makepath/xarray-spatial/tree/master/xrspatial/tests/test_pathfinding.py', 'xrspatial.tests.test_pathfinding', '', 'test_a_star_search')",1,1,
https://github.com/maxcountryman/flask-login/tree/master/flask_login/utils.py,"('https://github.com/maxcountryman/flask-login/tree/master//test_login.py', 'test_login', 'LoginTestCase', 'test_unauthorized_uses_blueprint_login_view')",0,,1
https://github.com/metabrainz/picard/tree/master/picard/track.py,"('https://github.com/metabrainz/picard/tree/master/test/test_track.py', 'test.test_track', 'TrackGenres2MetadataTest', 'test_basic')",0,1,
https://github.com/metabrainz/picard/tree/master/picard/track.py,"('https://github.com/metabrainz/picard/tree/master/test/test_track.py', 'test.test_track', 'TrackGenres2MetadataTest', 'test_negative_zero')",0,1,
https://github.com/metabrainz/picard/tree/master/picard/track.py,"('https://github.com/metabrainz/picard/tree/master/test/test_track.py', 'test.test_track', 'TrackGenres2MetadataTest', 'test_empty')",0,1,
https://github.com/michaelchu/optopsy/tree/master/optopsy/checks.py,"('https://github.com/michaelchu/optopsy/tree/master/tests/test_checks.py', 'tests.test_checks', '', 'test_check_side')",1,1,
https://github.com/m-labs/nmigen/tree/master/nmigen/hdl/ir.py,"('https://github.com/m-labs/nmigen/tree/master/tests/test_compat.py', 'tests.test_compat', 'CompatTestCase', 'test_fragment_get')",0,1,
https://github.com/myint/cppclean/tree/master/cpp/tokenize.py,"('https://github.com/myint/cppclean/tree/master//test_ast.py', 'test_ast', 'ASTBuilderIntegrationTest', 'test_destructor')",0,1,
https://github.com/myint/cppclean/tree/master/cpp/tokenize.py,"('https://github.com/myint/cppclean/tree/master//test_ast.py', 'test_ast', 'TypeConverterToTypeTest', 'test_template_with_function_arg_zero_arg')",0,1,
https://github.com/myint/cppclean/tree/master/cpp/tokenize.py,"('https://github.com/myint/cppclean/tree/master//test_ast.py', 'test_ast', 'TypeConverterToTypeTest', 'test_template')",0,1,
https://github.com/myint/cppclean/tree/master/cpp/tokenize.py,"('https://github.com/myint/cppclean/tree/master//test_ast.py', 'test_ast', 'TypeConverterToTypeTest', 'test_template_with_multiple_template_args_start')",0,1,
https://github.com/myint/cppclean/tree/master/cpp/tokenize.py,"('https://github.com/myint/cppclean/tree/master//test_ast.py', 'test_ast', 'TypeConverterDeclarationToPartsTest', 'test_simple_array')",0,1,
https://github.com/nccgroup/fuzzowski/tree/master/fuzzowski/mutants/blocks/size.py,"('https://github.com/nccgroup/fuzzowski/tree/master/tests/test_blocks_size.py', 'tests.test_blocks_size', '', 'test_sizes')",0,1,
https://github.com/nccgroup/ScoutSuite/tree/master/ScoutSuite/core/conditions.py,"('https://github.com/nccgroup/ScoutSuite/tree/master/tests/test_utils_conditions.py', 'tests.test_utils_conditions', 'TestOpinelConditionClass', 'test_pass_condition')",0,1,
https://github.com/nccgroup/ScoutSuite/tree/master/ScoutSuite/core/conditions.py,"('https://github.com/nccgroup/ScoutSuite/tree/master/tests/test_utils_conditions.py', 'tests.test_utils_conditions', 'TestOpinelConditionClass', 'test_pass_condition')",4,1,
https://github.com/nccgroup/ScoutSuite/tree/master/ScoutSuite/core/conditions.py,"('https://github.com/nccgroup/ScoutSuite/tree/master/tests/test_utils_conditions.py', 'tests.test_utils_conditions', 'TestOpinelConditionClass', 'test_pass_condition')",2,1,
https://github.com/nccgroup/ScoutSuite/tree/master/ScoutSuite/core/conditions.py,"('https://github.com/nccgroup/ScoutSuite/tree/master/tests/test_utils_conditions.py', 'tests.test_utils_conditions', 'TestOpinelConditionClass', 'test_pass_condition')",5,1,
https://github.com/nccgroup/ScoutSuite/tree/master/ScoutSuite/core/conditions.py,"('https://github.com/nccgroup/ScoutSuite/tree/master/tests/test_utils_conditions.py', 'tests.test_utils_conditions', 'TestOpinelConditionClass', 'test_pass_condition')",1,1,
https://github.com/networkx/networkx/tree/master/networkx/algorithms/approximation/connectivity.py,"('https://github.com/networkx/networkx/tree/master/networkx/algorithms/approximation/tests/test_connectivity.py', 'networkx.algorithms.approximation.tests.test_connectivity', '', 'test_complete_graphs')",0,1,
https://github.com/networkx/networkx/tree/master/networkx/algorithms/approximation/connectivity.py,"('https://github.com/networkx/networkx/tree/master/networkx/algorithms/approximation/tests/test_connectivity.py', 'networkx.algorithms.approximation.tests.test_connectivity', '', 'test_complete_graphs')",2,1,
https://github.com/networkx/networkx/tree/master/networkx/algorithms/approximation/connectivity.py,"('https://github.com/networkx/networkx/tree/master/networkx/algorithms/approximation/tests/test_connectivity.py', 'networkx.algorithms.approximation.tests.test_connectivity', '', 'test_directed_node_connectivity')",2,1,
https://github.com/networkx/networkx/tree/master/networkx/algorithms/approximation/connectivity.py,"('https://github.com/networkx/networkx/tree/master/networkx/algorithms/approximation/tests/test_connectivity.py', 'networkx.algorithms.approximation.tests.test_connectivity', '', 'test_directed_node_connectivity')",1,1,
https://github.com/networkx/networkx/tree/master/networkx/algorithms/approximation/connectivity.py,"('https://github.com/networkx/networkx/tree/master/networkx/algorithms/approximation/tests/test_connectivity.py', 'networkx.algorithms.approximation.tests.test_connectivity', '', 'test_complete_graphs')",0,1,
https://github.com/networkx/networkx/tree/master/networkx/algorithms/approximation/connectivity.py,"('https://github.com/networkx/networkx/tree/master/networkx/algorithms/approximation/tests/test_connectivity.py', 'networkx.algorithms.approximation.tests.test_connectivity', '', 'test_directed_node_connectivity')",2,1,
https://github.com/networkx/networkx/tree/master/networkx/algorithms/approximation/connectivity.py,"('https://github.com/networkx/networkx/tree/master/networkx/algorithms/approximation/tests/test_connectivity.py', 'networkx.algorithms.approximation.tests.test_connectivity', '', 'test_complete_graphs')",3,1,
https://github.com/networkx/networkx/tree/master/networkx/algorithms/approximation/connectivity.py,"('https://github.com/networkx/networkx/tree/master/networkx/algorithms/approximation/tests/test_connectivity.py', 'networkx.algorithms.approximation.tests.test_connectivity', '', 'test_complete_graphs')",1,1,
https://github.com/networkx/networkx/tree/master/networkx/algorithms/approximation/connectivity.py,"('https://github.com/networkx/networkx/tree/master/networkx/algorithms/approximation/tests/test_connectivity.py', 'networkx.algorithms.approximation.tests.test_connectivity', '', 'test_complete_graphs')",1,1,
https://github.com/networkx/networkx/tree/master/networkx/algorithms/approximation/connectivity.py,"('https://github.com/networkx/networkx/tree/master/networkx/algorithms/approximation/tests/test_connectivity.py', 'networkx.algorithms.approximation.tests.test_connectivity', '', 'test_directed_node_connectivity')",0,1,
https://github.com/networkx/networkx/tree/master/networkx/algorithms/approximation/connectivity.py,"('https://github.com/networkx/networkx/tree/master/networkx/algorithms/approximation/tests/test_connectivity.py', 'networkx.algorithms.approximation.tests.test_connectivity', '', 'test_complete_graphs')",1,1,
https://github.com/networkx/networkx/tree/master/networkx/algorithms/approximation/connectivity.py,"('https://github.com/networkx/networkx/tree/master/networkx/algorithms/approximation/tests/test_connectivity.py', 'networkx.algorithms.approximation.tests.test_connectivity', '', 'test_complete_graphs')",0,1,
https://github.com/networkx/networkx/tree/master/networkx/algorithms/coloring/equitable_coloring.py,"('https://github.com/networkx/networkx/tree/master/networkx/algorithms/coloring/tests/test_coloring.py', 'networkx.algorithms.coloring.tests.test_coloring', 'TestColoring', 'test_case_V_plus_not_in_A_cal')",0,1,
https://github.com/networkx/networkx/tree/master/networkx/algorithms/coloring/equitable_coloring.py,"('https://github.com/networkx/networkx/tree/master/networkx/algorithms/coloring/tests/test_coloring.py', 'networkx.algorithms.coloring.tests.test_coloring', 'TestColoring', 'test_cast_no_solo')",0,1,
https://github.com/networkx/networkx/tree/master/networkx/algorithms/cycles.py,"('https://github.com/networkx/networkx/tree/master/networkx/algorithms/tests/test_cycles.py', 'networkx.algorithms.tests.test_cycles', 'TestFindCycle', 'test_digraph_orientation_none')",0,1,
https://github.com/networkx/networkx/tree/master/networkx/algorithms/cycles.py,"('https://github.com/networkx/networkx/tree/master/networkx/algorithms/tests/test_cycles.py', 'networkx.algorithms.tests.test_cycles', 'TestFindCycle', 'test_multidigraph')",0,1,
https://github.com/networkx/networkx/tree/master/networkx/algorithms/cycles.py,"('https://github.com/networkx/networkx/tree/master/networkx/algorithms/tests/test_cycles.py', 'networkx.algorithms.tests.test_cycles', 'TestFindCycle', 'test_digraph')",0,1,
https://github.com/networkx/networkx/tree/master/networkx/algorithms/cycles.py,"('https://github.com/networkx/networkx/tree/master/networkx/algorithms/tests/test_cycles.py', 'networkx.algorithms.tests.test_cycles', 'TestFindCycle', 'test_multidigraph_ignore2')",0,1,
https://github.com/networkx/networkx/tree/master/networkx/algorithms/cycles.py,"('https://github.com/networkx/networkx/tree/master/networkx/algorithms/tests/test_cycles.py', 'networkx.algorithms.tests.test_cycles', 'TestFindCycle', 'test_digraph_ignore')",0,1,
https://github.com/networkx/networkx/tree/master/networkx/algorithms/cycles.py,"('https://github.com/networkx/networkx/tree/master/networkx/algorithms/tests/test_cycles.py', 'networkx.algorithms.tests.test_cycles', 'TestFindCycle', 'test_digraph_orientation_original')",0,1,
https://github.com/networkx/networkx/tree/master/networkx/algorithms/isomorphism/tree_isomorphism.py,"('https://github.com/networkx/networkx/tree/master/networkx/algorithms/isomorphism/tests/test_tree_isomorphism.py', 'networkx.algorithms.isomorphism.tests.test_tree_isomorphism', '', 'test_hardcoded')",0,1,
https://github.com/networkx/networkx/tree/master/networkx/generators/classic.py,"('https://github.com/networkx/networkx/tree/master/networkx/algorithms/tests/test_regular.py', 'networkx.algorithms.tests.test_regular', 'TestIsKRegular', 'test_is_k_regular3')",0,1,
https://github.com/nipy/nibabel/tree/master/nibabel/fileslice.py,"('https://github.com/nipy/nibabel/tree/master/nibabel/tests/test_fileslice.py', 'nibabel.tests.test_fileslice', '', 'test_fill_slicer')",1,1,
https://github.com/nipy/nibabel/tree/master/nibabel/fileslice.py,"('https://github.com/nipy/nibabel/tree/master/nibabel/tests/test_fileslice.py', 'nibabel.tests.test_fileslice', '', 'test_fill_slicer')",0,1,
https://github.com/nipy/nibabel/tree/master/nibabel/fileslice.py,"('https://github.com/nipy/nibabel/tree/master/nibabel/tests/test_fileslice.py', 'nibabel.tests.test_fileslice', '', 'test_fill_slicer')",4,1,
https://github.com/nipy/nibabel/tree/master/nibabel/fileslice.py,"('https://github.com/nipy/nibabel/tree/master/nibabel/tests/test_fileslice.py', 'nibabel.tests.test_fileslice', '', 'test_fill_slicer')",4,1,
https://github.com/nipy/nibabel/tree/master/nibabel/fileslice.py,"('https://github.com/nipy/nibabel/tree/master/nibabel/tests/test_fileslice.py', 'nibabel.tests.test_fileslice', '', 'test_fill_slicer')",1,1,
https://github.com/nolar/kopf/tree/master/kopf/structs/resources.py,"('https://github.com/nolar/kopf/tree/master/tests/basic-structs/test_resource.py', 'tests.basic-structs.test_resource', '', 'test_url_of_custom_resource_list_cluster_scoped_with_subresource')",0,1,
https://github.com/nolar/kopf/tree/master/kopf/structs/resources.py,"('https://github.com/nolar/kopf/tree/master/tests/basic-structs/test_resource.py', 'tests.basic-structs.test_resource', '', 'test_url_of_custom_resource_item_namespaced')",0,1,
https://github.com/OmkarPathak/pygorithm/tree/master/pygorithm/data_structures/graph.py,"('https://github.com/OmkarPathak/pygorithm/tree/master/tests/test_pathing.py', 'tests.test_pathing', 'SimplePathfindingTestCaseTimed', 'test_find_path_package_example')",0,1,
https://github.com/OmkarPathak/pygorithm/tree/master/pygorithm/geometry/polygon2.py,"('https://github.com/OmkarPathak/pygorithm/tree/master/tests/test_geometry.py', 'tests.test_geometry', 'TestPolygon', 'test_from_regular_center')",5,1,
https://github.com/OmkarPathak/pygorithm/tree/master/pygorithm/geometry/polygon2.py,"('https://github.com/OmkarPathak/pygorithm/tree/master/tests/test_geometry.py', 'tests.test_geometry', 'TestPolygon', 'test_from_regular_center')",4,1,
https://github.com/OmkarPathak/pygorithm/tree/master/pygorithm/geometry/polygon2.py,"('https://github.com/OmkarPathak/pygorithm/tree/master/tests/test_geometry.py', 'tests.test_geometry', 'TestPolygon', 'test_from_regular_center')",1,1,
https://github.com/OmkarPathak/pygorithm/tree/master/pygorithm/geometry/polygon2.py,"('https://github.com/OmkarPathak/pygorithm/tree/master/tests/test_geometry.py', 'tests.test_geometry', 'TestPolygon', 'test_from_regular_center')",3,,1
https://github.com/OmkarPathak/pygorithm/tree/master/pygorithm/geometry/rect2.py,"('https://github.com/OmkarPathak/pygorithm/tree/master/tests/test_geometry.py', 'tests.test_geometry', 'TestRect2', 'test_contains_point_edge')",0,,1
https://github.com/OmkarPathak/pygorithm/tree/master/pygorithm/searching/interpolation_search.py,"('https://github.com/OmkarPathak/pygorithm/tree/master/tests/test_searching.py', 'tests.test_searching', 'TestInterpolationSearch', 'test_interpolation_search')",0,1,
https://github.com/open-io/oio-sds/tree/master/oio/api/io.py,"('https://github.com/open-io/oio-sds/tree/master/tests/unit/api/test_io.py', 'tests.unit.api.test_io', 'IOTest', 'test_recover')",1,1,
https://github.com/open-io/oio-sds/tree/master/oio/api/io.py,"('https://github.com/open-io/oio-sds/tree/master/tests/unit/api/test_io.py', 'tests.unit.api.test_io', 'IOTest', 'test_recover')",0,1,
https://github.com/open-io/oio-sds/tree/master/oio/common/storage_functions.py,"('https://github.com/open-io/oio-sds/tree/master/tests/unit/api/test_utils.py', 'tests.unit.api.test_utils', 'TestUtils', 'test_obj_range_to_meta_chunk_range')",5,,1
https://github.com/open-io/oio-sds/tree/master/oio/common/storage_functions.py,"('https://github.com/open-io/oio-sds/tree/master/tests/unit/api/test_utils.py', 'tests.unit.api.test_utils', 'TestUtils', 'test_obj_range_to_meta_chunk_range')",2,,1
https://github.com/open-io/oio-sds/tree/master/oio/common/storage_functions.py,"('https://github.com/open-io/oio-sds/tree/master/tests/unit/api/test_utils.py', 'tests.unit.api.test_utils', 'TestUtils', 'test_obj_range_to_meta_chunk_range')",1,,1
https://github.com/open-io/oio-sds/tree/master/oio/common/storage_functions.py,"('https://github.com/open-io/oio-sds/tree/master/tests/unit/api/test_utils.py', 'tests.unit.api.test_utils', 'TestUtils', 'test_obj_range_to_meta_chunk_range')",5,,1
https://github.com/open-io/oio-sds/tree/master/oio/common/storage_functions.py,"('https://github.com/open-io/oio-sds/tree/master/tests/unit/api/test_utils.py', 'tests.unit.api.test_utils', 'TestUtils', 'test_obj_range_to_meta_chunk_range')",2,1,
https://github.com/open-io/oio-sds/tree/master/oio/common/storage_functions.py,"('https://github.com/open-io/oio-sds/tree/master/tests/unit/api/test_utils.py', 'tests.unit.api.test_utils', 'TestUtils', 'test_obj_range_to_meta_chunk_range')",0,1,
https://github.com/open-io/oio-sds/tree/master/oio/common/storage_functions.py,"('https://github.com/open-io/oio-sds/tree/master/tests/unit/api/test_utils.py', 'tests.unit.api.test_utils', 'TestUtils', 'test_obj_range_to_meta_chunk_range')",1,1,
https://github.com/open-io/oio-sds/tree/master/oio/common/storage_functions.py,"('https://github.com/open-io/oio-sds/tree/master/tests/unit/api/test_utils.py', 'tests.unit.api.test_utils', 'TestUtils', 'test_obj_range_to_meta_chunk_range')",3,1,
https://github.com/open-io/oio-sds/tree/master/oio/common/storage_functions.py,"('https://github.com/open-io/oio-sds/tree/master/tests/unit/api/test_utils.py', 'tests.unit.api.test_utils', 'TestUtils', 'test_obj_range_to_meta_chunk_range')",2,,1
https://github.com/open-io/oio-sds/tree/master/oio/common/storage_functions.py,"('https://github.com/open-io/oio-sds/tree/master/tests/unit/api/test_utils.py', 'tests.unit.api.test_utils', 'TestUtils', 'test_obj_range_to_meta_chunk_range')",0,,1
https://github.com/open-io/oio-sds/tree/master/oio/common/storage_functions.py,"('https://github.com/open-io/oio-sds/tree/master/tests/unit/api/test_utils.py', 'tests.unit.api.test_utils', 'TestUtils', 'test_obj_range_to_meta_chunk_range')",0,,1
https://github.com/open-io/oio-sds/tree/master/oio/common/storage_functions.py,"('https://github.com/open-io/oio-sds/tree/master/tests/unit/api/test_utils.py', 'tests.unit.api.test_utils', 'TestUtils', 'test_obj_range_to_meta_chunk_range')",0,,1
https://github.com/open-io/oio-sds/tree/master/oio/common/storage_functions.py,"('https://github.com/open-io/oio-sds/tree/master/tests/unit/api/test_utils.py', 'tests.unit.api.test_utils', 'TestUtils', 'test_obj_range_to_meta_chunk_range')",2,,1
https://github.com/open-io/oio-sds/tree/master/oio/common/storage_functions.py,"('https://github.com/open-io/oio-sds/tree/master/tests/unit/api/test_utils.py', 'tests.unit.api.test_utils', 'TestUtils', 'test_obj_range_to_meta_chunk_range')",5,1,
https://github.com/open-io/oio-sds/tree/master/oio/container/lifecycle.py,"('https://github.com/open-io/oio-sds/tree/master/tests/unit/container/test_lifecycle.py', 'tests.unit.container.test_lifecycle', 'TestContainerLifecycle', 'test_NoncurrentVersionExpiration_from_element')",1,1,
https://github.com/open-io/oio-sds/tree/master/oio/container/lifecycle.py,"('https://github.com/open-io/oio-sds/tree/master/tests/unit/container/test_lifecycle.py', 'tests.unit.container.test_lifecycle', 'TestContainerLifecycle', 'test_NoncurrentVersionExpiration_from_element')",4,1,
https://github.com/open-io/oio-sds/tree/master/oio/container/lifecycle.py,"('https://github.com/open-io/oio-sds/tree/master/tests/unit/container/test_lifecycle.py', 'tests.unit.container.test_lifecycle', 'TestContainerLifecycle', 'test_NoncurrentVersionExpiration_from_element')",2,1,
https://github.com/open-io/oio-sds/tree/master/oio/container/lifecycle.py,"('https://github.com/open-io/oio-sds/tree/master/tests/unit/container/test_lifecycle.py', 'tests.unit.container.test_lifecycle', 'TestContainerLifecycle', 'test_NoncurrentVersionExpiration_from_element')",3,1,
https://github.com/open-io/oio-sds/tree/master/oio/content/content.py,"('https://github.com/open-io/oio-sds/tree/master/tests/unit/content/test_content_functions.py', 'tests.unit.content.test_content_functions', 'TestContentFunctions', 'test_compare_chunk_quality_better')",1,,1
https://github.com/open-io/oio-sds/tree/master/oio/content/content.py,"('https://github.com/open-io/oio-sds/tree/master/tests/unit/content/test_content_functions.py', 'tests.unit.content.test_content_functions', 'TestContentFunctions', 'test_compare_chunk_quality_better')",0,,1
https://github.com/open-io/oio-sds/tree/master/oio/content/content.py,"('https://github.com/open-io/oio-sds/tree/master/tests/unit/content/test_content_functions.py', 'tests.unit.content.test_content_functions', 'TestContentFunctions', 'test_compare_chunk_quality_better')",4,,1
https://github.com/open-io/oio-sds/tree/master/oio/content/content.py,"('https://github.com/open-io/oio-sds/tree/master/tests/unit/content/test_content_functions.py', 'tests.unit.content.test_content_functions', 'TestContentFunctions', 'test_compare_chunk_quality_same')",1,,1
https://github.com/open-io/oio-sds/tree/master/oio/content/content.py,"('https://github.com/open-io/oio-sds/tree/master/tests/unit/content/test_content_functions.py', 'tests.unit.content.test_content_functions', 'TestContentFunctions', 'test_compare_chunk_quality_better')",2,,1
https://github.com/open-io/oio-sds/tree/master/oio/content/content.py,"('https://github.com/open-io/oio-sds/tree/master/tests/unit/content/test_content_functions.py', 'tests.unit.content.test_content_functions', 'TestContentFunctions', 'test_compare_chunk_quality_same')",2,,1
https://github.com/overviewer/Minecraft-Overviewer/tree/master/contrib/contributors.py,"('https://github.com/overviewer/Minecraft-Overviewer/tree/master/test/test_contributors.py', 'test.test_contributors', 'TestContributors', 'test_get_new_contributors_new_email')",0,1,
https://github.com/oxidane/tmuxomatic/tree/master/windowgram/windowgram.py,"('https://github.com/oxidane/tmuxomatic/tree/master/windowgram/windowgram_test.py', 'windowgram.windowgram_test', 'Test_FlexCores', 'test_GroupCore_Insufficient')",0,,1
https://github.com/oxidane/tmuxomatic/tree/master/windowgram/windowgram.py,"('https://github.com/oxidane/tmuxomatic/tree/master/windowgram/windowgram_test.py', 'windowgram.windowgram_test', 'Test_WindowgramGroup_Convert', 'test_WindowgramGroup_Convert_PatternToList')",3,1,
https://github.com/oxidane/tmuxomatic/tree/master/windowgram/windowgram.py,"('https://github.com/oxidane/tmuxomatic/tree/master/windowgram/windowgram_test.py', 'windowgram.windowgram_test', 'Test_FlexCores', 'test_GroupCore_Sufficient')",0,,1
https://github.com/oxidane/tmuxomatic/tree/master/windowgram/windowgram.py,"('https://github.com/oxidane/tmuxomatic/tree/master/windowgram/windowgram_test.py', 'windowgram.windowgram_test', 'Test_WindowgramGroup_Convert', 'test_WindowgramGroup_Convert_PatternToList')",0,1,
https://github.com/oxidane/tmuxomatic/tree/master/windowgram/windowgram.py,"('https://github.com/oxidane/tmuxomatic/tree/master/windowgram/windowgram_test.py', 'windowgram.windowgram_test', 'Test_WindowgramGroup_Convert', 'test_WindowgramGroup_Convert_PatternToList')",1,1,
https://github.com/petertodd/python-bitcoinlib/tree/master/bitcoin/core/script.py,"('https://github.com/petertodd/python-bitcoinlib/tree/master/bitcoin/tests/test_script.py', 'bitcoin.tests.test_script', 'Test_IsLowDERSignature', 'test_high_s_value')",0,,1
https://github.com/petertodd/python-bitcoinlib/tree/master/bitcoin/core/script.py,"('https://github.com/petertodd/python-bitcoinlib/tree/master/bitcoin/tests/test_wallet.py', 'bitcoin.tests.test_wallet', 'Test_CBitcoinSecret', 'test_sign')",0,,1
https://github.com/petertodd/python-bitcoinlib/tree/master/bitcoin/segwit_addr.py,"('https://github.com/petertodd/python-bitcoinlib/tree/master/bitcoin/tests/test_bech32.py', 'bitcoin.tests.test_bech32', 'Test_bech32', 'test_encode_decode')",3,,1
https://github.com/petertodd/python-bitcoinlib/tree/master/bitcoin/segwit_addr.py,"('https://github.com/petertodd/python-bitcoinlib/tree/master/bitcoin/tests/test_bech32.py', 'bitcoin.tests.test_bech32', 'Test_bech32', 'test_encode_decode')",2,,1
https://github.com/petertodd/python-bitcoinlib/tree/master/bitcoin/segwit_addr.py,"('https://github.com/petertodd/python-bitcoinlib/tree/master/bitcoin/tests/test_bech32.py', 'bitcoin.tests.test_bech32', 'Test_bech32', 'test_encode_decode')",0,,1
https://github.com/petertodd/python-bitcoinlib/tree/master/bitcoin/segwit_addr.py,"('https://github.com/petertodd/python-bitcoinlib/tree/master/bitcoin/tests/test_bech32.py', 'bitcoin.tests.test_bech32', 'Test_bech32', 'test_encode_decode')",4,,1
https://github.com/petertodd/python-bitcoinlib/tree/master/bitcoin/segwit_addr.py,"('https://github.com/petertodd/python-bitcoinlib/tree/master/bitcoin/tests/test_bech32.py', 'bitcoin.tests.test_bech32', 'Test_bech32', 'test_encode_decode')",5,,1
https://github.com/pgmpy/pgmpy/tree/master/pgmpy/independencies/Independencies.py,"('https://github.com/pgmpy/pgmpy/tree/master/pgmpy/tests/test_independencies/test_Independencies.py', 'pgmpy.tests.test_independencies.test_Independencies', 'TestIndependencies', 'test_entails')",1,,1
https://github.com/pgmpy/pgmpy/tree/master/pgmpy/independencies/Independencies.py,"('https://github.com/pgmpy/pgmpy/tree/master/pgmpy/tests/test_independencies/test_Independencies.py', 'pgmpy.tests.test_independencies.test_Independencies', 'TestIndependencies', 'test_entails')",4,,1
https://github.com/pgmpy/pgmpy/tree/master/pgmpy/independencies/Independencies.py,"('https://github.com/pgmpy/pgmpy/tree/master/pgmpy/tests/test_independencies/test_Independencies.py', 'pgmpy.tests.test_independencies.test_Independencies', 'TestIndependencies', 'test_entails')",3,,1
https://github.com/Project-MONAI/MONAI/tree/master/monai/utils/deprecate_utils.py,"('https://github.com/Project-MONAI/MONAI/tree/master/tests/test_deprecated.py', 'tests.test_deprecated', 'TestDeprecated', 'test_warning2')",0,1,
https://github.com/Project-MONAI/MONAI/tree/master/monai/utils/deprecate_utils.py,"('https://github.com/Project-MONAI/MONAI/tree/master/tests/test_deprecated.py', 'tests.test_deprecated', 'TestDeprecatedRC', 'test_warning_beyond')",0,1,
https://github.com/Project-MONAI/MONAI/tree/master/monai/utils/deprecate_utils.py,"('https://github.com/Project-MONAI/MONAI/tree/master/tests/test_deprecated.py', 'tests.test_deprecated', 'TestDeprecated', 'test_class_warning1')",0,1,
https://github.com/pydata/xarray/tree/master/xarray/core/variable.py,"('https://github.com/pydata/xarray/tree/master/xarray/tests/test_variable.py', 'xarray.tests.test_variable', 'TestVariable', 'test_as_variable')",0,,1
https://github.com/pydata/xarray/tree/master/xarray/core/variable.py,"('https://github.com/pydata/xarray/tree/master/xarray/tests/test_variable.py', 'xarray.tests.test_variable', 'TestVariable', 'test_as_variable')",3,,1
https://github.com/pydata/xarray/tree/master/xarray/core/variable.py,"('https://github.com/pydata/xarray/tree/master/xarray/tests/test_variable.py', 'xarray.tests.test_variable', 'TestVariable', 'test_as_variable')",1,,1
https://github.com/pydata/xarray/tree/master/xarray/core/variable.py,"('https://github.com/pydata/xarray/tree/master/xarray/tests/test_variable.py', 'xarray.tests.test_variable', 'TestVariable', 'test_as_variable')",2,,1
https://github.com/pydata/xarray/tree/master/xarray/core/variable.py,"('https://github.com/pydata/xarray/tree/master/xarray/tests/test_variable.py', 'xarray.tests.test_variable', 'TestVariable', 'test_as_variable')",5,,1
https://github.com/pydicom/pydicom/tree/master/pydicom/dataset.py,"('https://github.com/pydicom/pydicom/tree/master/pydicom/tests/test_dataset.py', 'pydicom.tests.test_dataset', 'TestDataset', 'test_get_item_slice')",4,1,
https://github.com/pydicom/pydicom/tree/master/pydicom/dataset.py,"('https://github.com/pydicom/pydicom/tree/master/pydicom/tests/test_dataset.py', 'pydicom.tests.test_dataset', 'TestDataset', 'test_get_item_slice')",3,1,
https://github.com/pydicom/pydicom/tree/master/pydicom/dataset.py,"('https://github.com/pydicom/pydicom/tree/master/pydicom/tests/test_dataset.py', 'pydicom.tests.test_dataset', 'TestDataset', 'test_get_item_slice')",0,1,
https://github.com/pydicom/pydicom/tree/master/pydicom/dataset.py,"('https://github.com/pydicom/pydicom/tree/master/pydicom/tests/test_dataset.py', 'pydicom.tests.test_dataset', 'TestDataset', 'test_get_item_slice')",1,1,
https://github.com/pydicom/pydicom/tree/master/pydicom/dataset.py,"('https://github.com/pydicom/pydicom/tree/master/pydicom/tests/test_dataset.py', 'pydicom.tests.test_dataset', 'TestDataset', 'test_get_item_slice')",5,1,
https://github.com/pydicom/pydicom/tree/master/pydicom/filereader.py,"('https://github.com/pydicom/pydicom/tree/master/pydicom/tests/test_filereader.py', 'pydicom.tests.test_filereader', 'TestReader', 'test_dcmread_does_not_raise')",0,,1
https://github.com/pydicom/pydicom/tree/master/pydicom/filereader.py,"('https://github.com/pydicom/pydicom/tree/master/pydicom/tests/test_filereader.py', 'pydicom.tests.test_filereader', 'TestDataElementGenerator', 'test_big_endian_explicit')",0,,1
https://github.com/pydicom/pydicom/tree/master/pydicom/filereader.py,"('https://github.com/pydicom/pydicom/tree/master/pydicom/tests/test_filereader.py', 'pydicom.tests.test_filereader', 'TestReader', 'test_dcmread_does_not_raise')",1,,1
https://github.com/pydicom/pydicom/tree/master/pydicom/valuerep.py,"('https://github.com/pydicom/pydicom/tree/master/pydicom/tests/test_charset.py', 'pydicom.tests.test_charset', 'TestCharset', 'test_japanese_multi_byte_personname')",1,,1
https://github.com/pydicom/pydicom/tree/master/pydicom/valuerep.py,"('https://github.com/pydicom/pydicom/tree/master/pydicom/tests/test_charset.py', 'pydicom.tests.test_charset', 'TestCharset', 'test_japanese_multi_byte_personname')",2,,1
https://github.com/pydicom/pydicom/tree/master/pydicom/valuerep.py,"('https://github.com/pydicom/pydicom/tree/master/pydicom/tests/test_charset.py', 'pydicom.tests.test_charset', 'TestCharset', 'test_japanese_multi_byte_personname')",0,,1
https://github.com/python-excel/xlrd/tree/master/xlrd/xldate.py,"('https://github.com/python-excel/xlrd/tree/master/tests/test_xldate.py', 'tests.test_xldate', 'TestXLDate', 'test_xldate_from_date_tuple')",1,1,
https://github.com/PyTorchLightning/lightning-flash/tree/master/flash/core/serve/dag/optimization.py,"('https://github.com/PyTorchLightning/lightning-flash/tree/master/tests/core/serve/test_dag/test_optimization.py', 'tests.core.serve.test_dag.test_optimization', '', 'test_fuse_stressed')",0,1,
https://github.com/PyTorchLightning/lightning-flash/tree/master/flash/core/serve/dag/optimization.py,"('https://github.com/PyTorchLightning/lightning-flash/tree/master/tests/core/serve/test_dag/test_optimization.py', 'tests.core.serve.test_dag.test_optimization', '', 'test_fuse_subgraphs')",0,1,
https://github.com/PyTorchLightning/lightning-flash/tree/master/flash/core/serve/dag/optimization.py,"('https://github.com/PyTorchLightning/lightning-flash/tree/master/tests/core/serve/test_dag/test_optimization.py', 'tests.core.serve.test_dag.test_optimization', '', 'test_fuse_subgraphs')",3,1,
https://github.com/quantumlib/OpenFermion/tree/master/src/openfermion/chem/molecular_data.py,"('https://github.com/quantumlib/OpenFermion/tree/master/src/openfermion/chem/reduced_hamiltonian_test.py', 'src.openfermion.chem.reduced_hamiltonian_test', '', 'test_fci_energy')",0,1,
https://github.com/quantumlib/OpenFermion/tree/master/src/openfermion/chem/molecular_data.py,"('https://github.com/quantumlib/OpenFermion/tree/master/src/openfermion/linalg/erpa_test.py', 'src.openfermion.linalg.erpa_test', '', 'test_erpa_eom_ham_h2')",0,1,
https://github.com/quantumlib/OpenFermion/tree/master/src/openfermion/chem/molecular_data.py,"('https://github.com/quantumlib/OpenFermion/tree/master/src/openfermion/linalg/erpa_test.py', 'src.openfermion.linalg.erpa_test', '', 'test_h2_rpa')",0,1,
https://github.com/quantumlib/OpenFermion/tree/master/src/openfermion/hamiltonians/jellium.py,"('https://github.com/quantumlib/OpenFermion/tree/master/src/openfermion/hamiltonians/jellium_test.py', 'src.openfermion.hamiltonians.jellium_test', 'JelliumTest', 'test_kinetic_integration')",1,1,
https://github.com/quantumlib/OpenFermion/tree/master/src/openfermion/linalg/givens_rotations.py,"('https://github.com/quantumlib/OpenFermion/tree/master/src/openfermion/linalg/givens_rotations_test.py', 'src.openfermion.linalg.givens_rotations_test', 'GivensMatrixElementsTest', 'test_real')",2,,1
https://github.com/quantumlib/OpenFermion/tree/master/src/openfermion/linalg/givens_rotations.py,"('https://github.com/quantumlib/OpenFermion/tree/master/src/openfermion/linalg/givens_rotations_test.py', 'src.openfermion.linalg.givens_rotations_test', 'GivensMatrixElementsTest', 'test_real')",1,,1
https://github.com/quantumlib/OpenFermion/tree/master/src/openfermion/linalg/givens_rotations.py,"('https://github.com/quantumlib/OpenFermion/tree/master/src/openfermion/linalg/givens_rotations_test.py', 'src.openfermion.linalg.givens_rotations_test', 'GivensMatrixElementsTest', 'test_real')",0,,1
https://github.com/quantumlib/OpenFermion/tree/master/src/openfermion/linalg/givens_rotations.py,"('https://github.com/quantumlib/OpenFermion/tree/master/src/openfermion/linalg/givens_rotations_test.py', 'src.openfermion.linalg.givens_rotations_test', 'DoubleGivensRotateTest', 'test_bad_input')",0,,1
https://github.com/quantumlib/OpenFermion/tree/master/src/openfermion/measurements/fermion_partitioning.py,"('https://github.com/quantumlib/OpenFermion/tree/master/src/openfermion/measurements/fermion_partitioning_test.py', 'src.openfermion.measurements.fermion_partitioning_test', 'TestPairingWithSymmetries', 'test_two_fermions')",0,,1
https://github.com/quantumlib/OpenFermion/tree/master/src/openfermion/measurements/qubit_partitioning.py,"('https://github.com/quantumlib/OpenFermion/tree/master/src/openfermion/measurements/qubit_partitioning_test.py', 'src.openfermion.measurements.qubit_partitioning_test', 'BinaryPartitionIteratorTest', 'test_partitioning_odd')",3,1,
https://github.com/quantumlib/OpenFermion/tree/master/src/openfermion/measurements/qubit_partitioning.py,"('https://github.com/quantumlib/OpenFermion/tree/master/src/openfermion/measurements/qubit_partitioning_test.py', 'src.openfermion.measurements.qubit_partitioning_test', 'BinaryPartitionIteratorTest', 'test_partitioning_odd')",4,1,
https://github.com/quantumlib/OpenFermion/tree/master/src/openfermion/measurements/qubit_partitioning.py,"('https://github.com/quantumlib/OpenFermion/tree/master/src/openfermion/measurements/qubit_partitioning_test.py', 'src.openfermion.measurements.qubit_partitioning_test', 'BinaryPartitionIteratorTest', 'test_partitioning_odd')",0,1,
https://github.com/quantumlib/OpenFermion/tree/master/src/openfermion/ops/operators/majorana_operator.py,"('https://github.com/quantumlib/OpenFermion/tree/master/src/openfermion/ops/operators/majorana_operator_test.py', 'src.openfermion.ops.operators.majorana_operator_test', '', 'test_majorana_operator_commutes_with')",1,,1
https://github.com/quantumlib/OpenFermion/tree/master/src/openfermion/ops/operators/majorana_operator.py,"('https://github.com/quantumlib/OpenFermion/tree/master/src/openfermion/ops/operators/majorana_operator_test.py', 'src.openfermion.ops.operators.majorana_operator_test', '', 'test_majorana_operator_commutes_with')",2,,1
https://github.com/quantumlib/OpenFermion/tree/master/src/openfermion/ops/operators/majorana_operator.py,"('https://github.com/quantumlib/OpenFermion/tree/master/src/openfermion/ops/operators/majorana_operator_test.py', 'src.openfermion.ops.operators.majorana_operator_test', '', 'test_majorana_operator_commutes_with')",3,,1
https://github.com/quantumlib/OpenFermion/tree/master/src/openfermion/ops/operators/majorana_operator.py,"('https://github.com/quantumlib/OpenFermion/tree/master/src/openfermion/ops/operators/majorana_operator_test.py', 'src.openfermion.ops.operators.majorana_operator_test', '', 'test_majorana_operator_commutes_with')",4,,1
https://github.com/quantumlib/OpenFermion/tree/master/src/openfermion/transforms/opconversions/bksf.py,"('https://github.com/quantumlib/OpenFermion/tree/master/src/openfermion/transforms/opconversions/bksf_test.py', 'src.openfermion.transforms.opconversions.bksf_test', 'bravyi_kitaev_fastTransformTest', 'test_bravyi_kitaev_fast_generate_fermions')",0,1,
https://github.com/quantumlib/OpenFermion/tree/master/src/openfermion/transforms/opconversions/bksf.py,"('https://github.com/quantumlib/OpenFermion/tree/master/src/openfermion/transforms/opconversions/bksf_test.py', 'src.openfermion.transforms.opconversions.bksf_test', 'bravyi_kitaev_fastTransformTest', 'test_bravyi_kitaev_fast_generate_fermions')",2,1,
https://github.com/quantumlib/OpenFermion/tree/master/src/openfermion/transforms/opconversions/bksf.py,"('https://github.com/quantumlib/OpenFermion/tree/master/src/openfermion/transforms/opconversions/bksf_test.py', 'src.openfermion.transforms.opconversions.bksf_test', 'bravyi_kitaev_fastTransformTest', 'test_bravyi_kitaev_fast_generate_fermions')",3,1,
https://github.com/quantumlib/OpenFermion/tree/master/src/openfermion/transforms/opconversions/commutator_diagonal_coulomb_operator.py,"('https://github.com/quantumlib/OpenFermion/tree/master/src/openfermion/transforms/opconversions/commutator_diagonal_coulomb_operator_test.py', 'src.openfermion.transforms.opconversions.commutator_diagonal_coulomb_operator_test', 'DiagonalHamiltonianCommutatorTest', 'test_add_to_existing_result')",0,,1
https://github.com/quantumlib/OpenFermion/tree/master/src/openfermion/transforms/opconversions/commutator_diagonal_coulomb_operator.py,"('https://github.com/quantumlib/OpenFermion/tree/master/src/openfermion/transforms/opconversions/commutator_diagonal_coulomb_operator_test.py', 'src.openfermion.transforms.opconversions.commutator_diagonal_coulomb_operator_test', 'DiagonalHamiltonianCommutatorTest', 'test_integration_jellium_hamiltonian_with_negation')",1,,1
https://github.com/raphaelvallat/pingouin/tree/master/pingouin/correlation.py,"('https://github.com/raphaelvallat/pingouin/tree/master/pingouin/tests/test_pandas.py', 'pingouin.tests.test_pandas', 'TestParametric', 'test_pandas')",0,1,
https://github.com/raphaelvallat/pingouin/tree/master/pingouin/correlation.py,"('https://github.com/raphaelvallat/pingouin/tree/master/pingouin/tests/test_correlation.py', 'pingouin.tests.test_correlation', 'TestCorrelation', 'test_partial_corr')",2,1,
https://github.com/raphaelvallat/pingouin/tree/master/pingouin/correlation.py,"('https://github.com/raphaelvallat/pingouin/tree/master/pingouin/tests/test_correlation.py', 'pingouin.tests.test_correlation', 'TestCorrelation', 'test_partial_corr')",1,1,
https://github.com/raphaelvallat/pingouin/tree/master/pingouin/correlation.py,"('https://github.com/raphaelvallat/pingouin/tree/master/pingouin/tests/test_pandas.py', 'pingouin.tests.test_pandas', 'TestParametric', 'test_pandas')",2,1,
https://github.com/raphaelvallat/pingouin/tree/master/pingouin/correlation.py,"('https://github.com/raphaelvallat/pingouin/tree/master/pingouin/tests/test_pandas.py', 'pingouin.tests.test_pandas', 'TestParametric', 'test_pandas')",1,1,
https://github.com/raphaelvallat/pingouin/tree/master/pingouin/distribution.py,"('https://github.com/raphaelvallat/pingouin/tree/master/pingouin/tests/test_distribution.py', 'pingouin.tests.test_distribution', 'TestDistribution', 'test_normality')",0,1,
https://github.com/raphaelvallat/pingouin/tree/master/pingouin/distribution.py,"('https://github.com/raphaelvallat/pingouin/tree/master/pingouin/tests/test_distribution.py', 'pingouin.tests.test_distribution', 'TestDistribution', 'test_normality')",1,1,
https://github.com/raphaelvallat/pingouin/tree/master/pingouin/effsize.py,"('https://github.com/raphaelvallat/pingouin/tree/master/pingouin/tests/test_effsize.py', 'pingouin.tests.test_effsize', 'TestEffsize', 'test_compute_esci')",3,1,
https://github.com/raphaelvallat/pingouin/tree/master/pingouin/effsize.py,"('https://github.com/raphaelvallat/pingouin/tree/master/pingouin/tests/test_effsize.py', 'pingouin.tests.test_effsize', 'TestEffsize', 'test_compute_esci')",2,1,
https://github.com/raphaelvallat/pingouin/tree/master/pingouin/effsize.py,"('https://github.com/raphaelvallat/pingouin/tree/master/pingouin/tests/test_effsize.py', 'pingouin.tests.test_effsize', 'TestEffsize', 'test_compute_esci')",5,1,
https://github.com/raphaelvallat/pingouin/tree/master/pingouin/effsize.py,"('https://github.com/raphaelvallat/pingouin/tree/master/pingouin/tests/test_effsize.py', 'pingouin.tests.test_effsize', 'TestEffsize', 'test_compute_esci')",4,1,
https://github.com/raphaelvallat/pingouin/tree/master/pingouin/effsize.py,"('https://github.com/raphaelvallat/pingouin/tree/master/pingouin/tests/test_effsize.py', 'pingouin.tests.test_effsize', 'TestEffsize', 'test_compute_esci')",1,1,
https://github.com/raphaelvallat/pingouin/tree/master/pingouin/plotting.py,"('https://github.com/raphaelvallat/pingouin/tree/master/pingouin/tests/test_plotting.py', 'pingouin.tests.test_plotting', 'TestPlotting', 'test_plot_blandaltman')",4,,1
https://github.com/raphaelvallat/pingouin/tree/master/pingouin/power.py,"('https://github.com/raphaelvallat/pingouin/tree/master/pingouin/tests/test_power.py', 'pingouin.tests.test_power', 'TestPower', 'test_power_corr')",2,1,
https://github.com/raphaelvallat/pingouin/tree/master/pingouin/power.py,"('https://github.com/raphaelvallat/pingouin/tree/master/pingouin/tests/test_power.py', 'pingouin.tests.test_power', 'TestPower', 'test_power_corr')",0,1,
https://github.com/raphaelvallat/pingouin/tree/master/pingouin/power.py,"('https://github.com/raphaelvallat/pingouin/tree/master/pingouin/tests/test_power.py', 'pingouin.tests.test_power', 'TestPower', 'test_power_corr')",5,1,
https://github.com/raphaelvallat/pingouin/tree/master/pingouin/power.py,"('https://github.com/raphaelvallat/pingouin/tree/master/pingouin/tests/test_power.py', 'pingouin.tests.test_power', 'TestPower', 'test_power_corr')",4,1,
https://github.com/raphaelvallat/pingouin/tree/master/pingouin/power.py,"('https://github.com/raphaelvallat/pingouin/tree/master/pingouin/tests/test_power.py', 'pingouin.tests.test_power', 'TestPower', 'test_power_corr')",3,1,
https://github.com/raphaelvallat/pingouin/tree/master/pingouin/power.py,"('https://github.com/raphaelvallat/pingouin/tree/master/pingouin/tests/test_power.py', 'pingouin.tests.test_power', 'TestPower', 'test_power_corr')",1,1,
https://github.com/raphaelvallat/pingouin/tree/master/pingouin/power.py,"('https://github.com/raphaelvallat/pingouin/tree/master/pingouin/tests/test_power.py', 'pingouin.tests.test_power', 'TestPower', 'test_power_corr')",5,1,
https://github.com/raphaelvallat/pingouin/tree/master/pingouin/power.py,"('https://github.com/raphaelvallat/pingouin/tree/master/pingouin/tests/test_power.py', 'pingouin.tests.test_power', 'TestPower', 'test_power_corr')",0,1,
https://github.com/raphaelvallat/pingouin/tree/master/pingouin/power.py,"('https://github.com/raphaelvallat/pingouin/tree/master/pingouin/tests/test_power.py', 'pingouin.tests.test_power', 'TestPower', 'test_power_corr')",4,1,
https://github.com/raphaelvallat/pingouin/tree/master/pingouin/power.py,"('https://github.com/raphaelvallat/pingouin/tree/master/pingouin/tests/test_power.py', 'pingouin.tests.test_power', 'TestPower', 'test_power_corr')",3,1,
https://github.com/rasbt/mlxtend/tree/master/mlxtend/feature_selection/sequential_feature_selector.py,"('https://github.com/rasbt/mlxtend/tree/master/mlxtend/feature_selection/tests/test_sequential_feature_selector_fixed_features.py', 'mlxtend.feature_selection.tests.test_sequential_feature_selector_fixed_features', '', 'test_run_floating_forward')",0,1,
https://github.com/rasbt/mlxtend/tree/master/mlxtend/feature_selection/sequential_feature_selector.py,"('https://github.com/rasbt/mlxtend/tree/master/mlxtend/feature_selection/tests/test_sequential_feature_selector_fixed_features.py', 'mlxtend.feature_selection.tests.test_sequential_feature_selector_fixed_features', '', 'test_run_floating_forward_with_range')",0,1,
https://github.com/rasbt/mlxtend/tree/master/mlxtend/plotting/pca_correlation_graph.py,"('https://github.com/rasbt/mlxtend/tree/master/mlxtend/plotting/tests/test_pca_corr_graph.py', 'mlxtend.plotting.tests.test_pca_corr_graph', '', 'test_pass_pca_corr_pca_out')",0,1,
https://github.com/rasbt/mlxtend/tree/master/mlxtend/plotting/pca_correlation_graph.py,"('https://github.com/rasbt/mlxtend/tree/master/mlxtend/plotting/tests/test_pca_corr_graph.py', 'mlxtend.plotting.tests.test_pca_corr_graph', '', 'test_X_PCA_but_no_explained_variance')",0,1,
https://github.com/rasbt/mlxtend/tree/master/mlxtend/plotting/pca_correlation_graph.py,"('https://github.com/rasbt/mlxtend/tree/master/mlxtend/plotting/tests/test_pca_corr_graph.py', 'mlxtend.plotting.tests.test_pca_corr_graph', '', 'test_pass_pca_corr_pca_out')",0,1,
https://github.com/rasbt/mlxtend/tree/master/mlxtend/plotting/pca_correlation_graph.py,"('https://github.com/rasbt/mlxtend/tree/master/mlxtend/plotting/tests/test_pca_corr_graph.py', 'mlxtend.plotting.tests.test_pca_corr_graph', '', 'test_pass_pca_corr_pca_out')",0,1,
https://github.com/rasbt/mlxtend/tree/master/mlxtend/plotting/pca_correlation_graph.py,"('https://github.com/rasbt/mlxtend/tree/master/mlxtend/plotting/tests/test_pca_corr_graph.py', 'mlxtend.plotting.tests.test_pca_corr_graph', '', 'test_no_X_PCA_but_explained_variance')",0,1,
https://github.com/rasbt/mlxtend/tree/master/mlxtend/plotting/pca_correlation_graph.py,"('https://github.com/rasbt/mlxtend/tree/master/mlxtend/plotting/tests/test_pca_corr_graph.py', 'mlxtend.plotting.tests.test_pca_corr_graph', '', 'test_X_PCA_but_no_explained_variance')",0,1,
https://github.com/rasbt/mlxtend/tree/master/mlxtend/plotting/pca_correlation_graph.py,"('https://github.com/rasbt/mlxtend/tree/master/mlxtend/plotting/tests/test_pca_corr_graph.py', 'mlxtend.plotting.tests.test_pca_corr_graph', '', 'test_not_enough_components')",0,1,
https://github.com/rasbt/mlxtend/tree/master/mlxtend/plotting/pca_correlation_graph.py,"('https://github.com/rasbt/mlxtend/tree/master/mlxtend/plotting/tests/test_pca_corr_graph.py', 'mlxtend.plotting.tests.test_pca_corr_graph', '', 'test_no_X_PCA_but_explained_variance')",0,1,
https://github.com/rasbt/mlxtend/tree/master/mlxtend/plotting/pca_correlation_graph.py,"('https://github.com/rasbt/mlxtend/tree/master/mlxtend/plotting/tests/test_pca_corr_graph.py', 'mlxtend.plotting.tests.test_pca_corr_graph', '', 'test_pass_pca_corr')",0,1,
https://github.com/readbeyond/aeneas/tree/master/aeneas/globalfunctions.py,"('https://github.com/readbeyond/aeneas/tree/master/aeneas/tests/test_globalfunctions.py', 'aeneas.tests.test_globalfunctions', 'TestGlobalFunctions', 'test_norm_join')",1,1,
https://github.com/readbeyond/aeneas/tree/master/aeneas/globalfunctions.py,"('https://github.com/readbeyond/aeneas/tree/master/aeneas/tests/test_globalfunctions.py', 'aeneas.tests.test_globalfunctions', 'TestGlobalFunctions', 'test_norm_join')",5,1,
https://github.com/readbeyond/aeneas/tree/master/aeneas/task.py,"('https://github.com/readbeyond/aeneas/tree/master/aeneas/tests/test_task.py', 'aeneas.tests.test_task', 'TestTask', 'test_output_sync_map')",0,,1
https://github.com/schematics/schematics/tree/master/schematics/transforms.py,"('https://github.com/schematics/schematics/tree/master/tests/test_serialize.py', 'tests.test_serialize', '', 'test_serialize_none_fields_if_field_says_so')",0,1,
https://github.com/schematics/schematics/tree/master/schematics/transforms.py,"('https://github.com/schematics/schematics/tree/master/tests/test_serialize.py', 'tests.test_serialize', '', 'test_serialize_none_fields_if_export_loop_says_so')",0,1,
https://github.com/schematics/schematics/tree/master/schematics/types/base.py,"('https://github.com/schematics/schematics/tree/master/tests/test_types.py', 'tests.test_types', '', 'test_multilingualstring_should_validate_regex')",2,,1
https://github.com/schematics/schematics/tree/master/schematics/types/base.py,"('https://github.com/schematics/schematics/tree/master/tests/test_types.py', 'tests.test_types', '', 'test_multilingualstring_should_validate_regex')",1,,1
https://github.com/schematics/schematics/tree/master/schematics/types/base.py,"('https://github.com/schematics/schematics/tree/master/tests/test_types.py', 'tests.test_types', '', 'test_multilingualstring_should_validate_regex')",2,,1
https://github.com/schematics/schematics/tree/master/schematics/types/base.py,"('https://github.com/schematics/schematics/tree/master/tests/test_types.py', 'tests.test_types', '', 'test_multilingualstring_should_validate_regex')",1,,1
https://github.com/schematics/schematics/tree/master/schematics/types/base.py,"('https://github.com/schematics/schematics/tree/master/tests/test_types.py', 'tests.test_types', '', 'test_multilingualstring_should_validate_regex')",0,,1
https://github.com/simpleai-team/simpleai/tree/master/simpleai/search/csp.py,"('https://github.com/simpleai-team/simpleai/tree/master/tests/search/test_csp.py', 'tests.search.test_csp', 'TestCsp', 'test_find_conflicts')",0,1,
https://github.com/simpleai-team/simpleai/tree/master/simpleai/search/csp.py,"('https://github.com/simpleai-team/simpleai/tree/master/tests/search/test_csp.py', 'tests.search.test_csp', 'TestCsp', 'test_find_conflicts_with_added_variable')",0,1,
https://github.com/smicallef/spiderfoot/tree/master/spiderfoot/plugin.py,"('https://github.com/smicallef/spiderfoot/tree/master/test/unit/spiderfoot/test_spiderfootplugin.py', 'test.unit.spiderfoot.test_spiderfootplugin', 'TestSpiderFootPlugin', 'test_checkForStop')",2,,1
https://github.com/smicallef/spiderfoot/tree/master/spiderfoot/plugin.py,"('https://github.com/smicallef/spiderfoot/tree/master/test/unit/spiderfoot/test_spiderfootplugin.py', 'test.unit.spiderfoot.test_spiderfootplugin', 'TestSpiderFootPlugin', 'test_checkForStop')",0,,1
https://github.com/Socialbird-AILab/BERT-Classification-Tutorial/tree/master//tokenization.py,"('https://github.com/Socialbird-AILab/BERT-Classification-Tutorial/tree/master//tokenization_test.py', 'tokenization_test', 'TokenizationTest', 'test_is_punctuation')",5,1,
https://github.com/Socialbird-AILab/BERT-Classification-Tutorial/tree/master//tokenization.py,"('https://github.com/Socialbird-AILab/BERT-Classification-Tutorial/tree/master//tokenization_test.py', 'tokenization_test', 'TokenizationTest', 'test_is_punctuation')",0,1,
https://github.com/Socialbird-AILab/BERT-Classification-Tutorial/tree/master//tokenization.py,"('https://github.com/Socialbird-AILab/BERT-Classification-Tutorial/tree/master//tokenization_test.py', 'tokenization_test', 'TokenizationTest', 'test_is_punctuation')",0,1,
https://github.com/Socialbird-AILab/BERT-Classification-Tutorial/tree/master//tokenization.py,"('https://github.com/Socialbird-AILab/BERT-Classification-Tutorial/tree/master//tokenization_test.py', 'tokenization_test', 'TokenizationTest', 'test_is_punctuation')",2,1,
https://github.com/Socialbird-AILab/BERT-Classification-Tutorial/tree/master//tokenization.py,"('https://github.com/Socialbird-AILab/BERT-Classification-Tutorial/tree/master//tokenization_test.py', 'tokenization_test', 'TokenizationTest', 'test_is_punctuation')",5,1,
https://github.com/Socialbird-AILab/BERT-Classification-Tutorial/tree/master//tokenization.py,"('https://github.com/Socialbird-AILab/BERT-Classification-Tutorial/tree/master//tokenization_test.py', 'tokenization_test', 'TokenizationTest', 'test_is_punctuation')",4,1,
https://github.com/Socialbird-AILab/BERT-Classification-Tutorial/tree/master//tokenization.py,"('https://github.com/Socialbird-AILab/BERT-Classification-Tutorial/tree/master//tokenization_test.py', 'tokenization_test', 'TokenizationTest', 'test_is_punctuation')",1,1,
https://github.com/spaam/svtplay-dl/tree/master/lib/svtplay_dl/utils/output.py,"('https://github.com/spaam/svtplay-dl/tree/master/lib/svtplay_dl/tests/test_formatname.py', 'lib.svtplay_dl.tests.test_formatname', 'formatnameTest2', 'test_formatnameOutput')",0,,1
https://github.com/theacodes/nox/tree/master/nox/registry.py,"('https://github.com/theacodes/nox/tree/master/tests/test_registry.py', 'tests.test_registry', '', 'test_session_decorator_list_of_pythons')",0,1,
https://github.com/theacodes/nox/tree/master/nox/registry.py,"('https://github.com/theacodes/nox/tree/master/tests/test_registry.py', 'tests.test_registry', '', 'test_session_decorator_py_alias')",0,1,
https://github.com/theacodes/nox/tree/master/nox/registry.py,"('https://github.com/theacodes/nox/tree/master/tests/test_registry.py', 'tests.test_registry', '', 'test_session_decorator_single_python')",0,,1
https://github.com/wannesm/dtaidistance/tree/master/dtaidistance/dtw.py,"('https://github.com/wannesm/dtaidistance/tree/master/tests/test_dtw.py', 'tests.test_dtw', '', 'test_distance1_a')",0,,1
https://github.com/wannesm/dtaidistance/tree/master/dtaidistance/dtw.py,"('https://github.com/wannesm/dtaidistance/tree/master/tests/test_dtw.py', 'tests.test_dtw', '', 'test_distance1_a')",0,1,
https://github.com/xonsh/xonsh/tree/master/xonsh/aliases.py,"('https://github.com/xonsh/xonsh/tree/master/tests/aliases/test_source.py', 'tests.aliases.test_source', '', 'test_source_current_dir')",0,1,
https://github.com/xonsh/xonsh/tree/master/xonsh/environ.py,"('https://github.com/xonsh/xonsh/tree/master/tests/test_environ.py', 'tests.test_environ', '', 'test_env_detype_no_dict')",0,1,
https://github.com/xonsh/xonsh/tree/master/xonsh/environ.py,"('https://github.com/xonsh/xonsh/tree/master/tests/test_environ.py', 'tests.test_environ', '', 'test_env_iterate')",0,1,
https://github.com/xonsh/xonsh/tree/master/xonsh/environ.py,"('https://github.com/xonsh/xonsh/tree/master/tests/test_environ.py', 'tests.test_environ', '', 'test_register_var_path')",0,1,
https://github.com/xonsh/xonsh/tree/master/xonsh/environ.py,"('https://github.com/xonsh/xonsh/tree/master/tests/test_environ.py', 'tests.test_environ', '', 'test_env_iterate_rawkeys')",0,1,
https://github.com/xonsh/xonsh/tree/master/xonsh/environ.py,"('https://github.com/xonsh/xonsh/tree/master/tests/test_environ.py', 'tests.test_environ', '', 'test_register_callable_default')",0,1,
https://github.com/yt-dlp/yt-dlp/tree/master/yt_dlp/utils.py,"('https://github.com/yt-dlp/yt-dlp/tree/master/test/test_utils.py', 'test.test_utils', 'TestUtil', 'test_remove_quotes')",0,1,
,,,213,116
,,,0.647416413,0.352583587
