file_html,test_me_inf,instance,overload,complex,add,remove
https://github.com/venmo/business-rules/tree/master/business_rules/utils.py,"('https://github.com/venmo/business-rules/tree/master/tests/test_integration.py', 'tests.test_integration', 'IntegrationTests', 'test_export_rule_data')",0,,1,,
https://github.com/tomekwojcik/envelopes/tree/master/envelopes/envelope.py,"('https://github.com/tomekwojcik/envelopes/tree/master/tests/test_envelope.py', 'tests.test_envelope', 'Test_Envelope', 'test_to_mime_message_unicode')",0,,,1,
https://github.com/tarpas/pytest-testmon/tree/master/testmon/testmon_core.py,"('https://github.com/tarpas/pytest-testmon/tree/master/test/test_core.py', 'test.test_core', 'TestData', 'test_collect_garbage')",1,,,,
https://github.com/tarpas/pytest-testmon/tree/master/testmon/testmon_core.py,"('https://github.com/tarpas/pytest-testmon/tree/master/test/test_core.py', 'test.test_core', 'TestData', 'test_collect_garbage')",0,,,1,
https://github.com/sympy/sympy/tree/master/sympy/polys/polytools.py,"('https://github.com/sympy/sympy/tree/master/sympy/polys/tests/test_polytools.py', 'sympy.polys.tests.test_polytools', '', 'test_torational_factor_list')",0,,,1,
https://github.com/sympy/sympy/tree/master/sympy/polys/groebnertools.py,"('https://github.com/sympy/sympy/tree/master/sympy/polys/tests/test_groebnertools.py', 'sympy.polys.tests.test_groebnertools', '', 'test_is_reduced')",1,,1,,
https://github.com/sympy/sympy/tree/master/sympy/polys/groebnertools.py,"('https://github.com/sympy/sympy/tree/master/sympy/polys/tests/test_groebnertools.py', 'sympy.polys.tests.test_groebnertools', '', 'test_is_reduced')",0,,1,,
https://github.com/sympy/sympy/tree/master/sympy/physics/hep/gamma_matrices.py,"('https://github.com/sympy/sympy/tree/master/sympy/physics/hep/tests/test_gamma_matrices.py', 'sympy.physics.hep.tests.test_gamma_matrices', '', 'test_kahane_simplify1')",1,,,1,
https://github.com/sympy/sympy/tree/master/sympy/physics/hep/gamma_matrices.py,"('https://github.com/sympy/sympy/tree/master/sympy/physics/hep/tests/test_gamma_matrices.py', 'sympy.physics.hep.tests.test_gamma_matrices', '', 'test_kahane_simplify1')",0,,,1,
https://github.com/sympy/sympy/tree/master/sympy/integrals/rubi/utility_function.py,"('https://github.com/sympy/sympy/tree/master/sympy/integrals/rubi/tests/test_utility_function.py', 'sympy.integrals.rubi.tests.test_utility_function', '', 'test_MonomialFactor')",0,,1,,
https://github.com/sympy/sympy/tree/master/sympy/integrals/rubi/utility_function.py,"('https://github.com/sympy/sympy/tree/master/sympy/integrals/rubi/tests/test_utility_function.py', 'sympy.integrals.rubi.tests.test_utility_function', '', 'test_PerfectPowerTest')",0,,,1,
https://github.com/sympy/sympy/tree/master/sympy/integrals/rubi/utility_function.py,"('https://github.com/sympy/sympy/tree/master/sympy/integrals/rubi/tests/test_utility_function.py', 'sympy.integrals.rubi.tests.test_utility_function', '', 'test_PerfectPowerTest')",1,,,1,
https://github.com/sympy/sympy/tree/master/sympy/integrals/rubi/utility_function.py,"('https://github.com/sympy/sympy/tree/master/sympy/integrals/rubi/tests/test_utility_function.py', 'sympy.integrals.rubi.tests.test_utility_function', '', 'test_PerfectPowerTest')",0,,,1,
https://github.com/sympy/sympy/tree/master/sympy/integrals/rubi/parsetools/parse.py,"('https://github.com/sympy/sympy/tree/master/sympy/integrals/rubi/parsetools/tests/test_parse.py', 'sympy.integrals.rubi.parsetools.tests.test_parse', '', 'test_add_wildcards')",0,,,1,
https://github.com/sympy/sympy/tree/master/sympy/integrals/rubi/parsetools/parse.py,"('https://github.com/sympy/sympy/tree/master/sympy/integrals/rubi/parsetools/tests/test_parse.py', 'sympy.integrals.rubi.parsetools.tests.test_parse', '', 'test_add_wildcards')",0,,,1,
https://github.com/sympy/sympy/tree/master/sympy/integrals/rubi/parsetools/parse.py,"('https://github.com/sympy/sympy/tree/master/sympy/integrals/rubi/parsetools/tests/test_parse.py', 'sympy.integrals.rubi.parsetools.tests.test_parse', '', 'test_setWC')",0,,,1,
https://github.com/sympy/sympy/tree/master/sympy/integrals/rubi/parsetools/parse.py,"('https://github.com/sympy/sympy/tree/master/sympy/integrals/rubi/parsetools/tests/test_parse.py', 'sympy.integrals.rubi.parsetools.tests.test_parse', '', 'test_add_wildcards')",0,,,1,
https://github.com/sympy/sympy/tree/master/sympy/integrals/intpoly.py,"('https://github.com/sympy/sympy/tree/master/sympy/integrals/tests/test_intpoly.py', 'sympy.integrals.tests.test_intpoly', '', 'test_main_integrate')",0,,,1,
https://github.com/spotify/dh-virtualenv/tree/master/dh_virtualenv/deployment.py,"('https://github.com/spotify/dh-virtualenv/tree/master/test/test_deployment.py', 'test.test_deployment', '', 'test_fix_activate_path')",0,,,1,
https://github.com/spaam/svtplay-dl/tree/master/lib/svtplay_dl/utils/output.py,"('https://github.com/spaam/svtplay-dl/tree/master/lib/svtplay_dl/tests/test_formatname.py', 'lib.svtplay_dl.tests.test_formatname', 'formatnameTest', 'test_formatname')",6,,,,
https://github.com/spaam/svtplay-dl/tree/master/lib/svtplay_dl/utils/output.py,"('https://github.com/spaam/svtplay-dl/tree/master/lib/svtplay_dl/tests/test_formatname.py', 'lib.svtplay_dl.tests.test_formatname', 'formatnameTest', 'test_formatname')",57,,,,
https://github.com/spaam/svtplay-dl/tree/master/lib/svtplay_dl/utils/output.py,"('https://github.com/spaam/svtplay-dl/tree/master/lib/svtplay_dl/tests/test_formatname.py', 'lib.svtplay_dl.tests.test_formatname', 'formatnameTest', 'test_formatname')",49,,,,
https://github.com/spaam/svtplay-dl/tree/master/lib/svtplay_dl/utils/output.py,"('https://github.com/spaam/svtplay-dl/tree/master/lib/svtplay_dl/tests/test_formatname.py', 'lib.svtplay_dl.tests.test_formatname', 'formatnameTest', 'test_formatname')",42,,,,
https://github.com/spaam/svtplay-dl/tree/master/lib/svtplay_dl/utils/output.py,"('https://github.com/spaam/svtplay-dl/tree/master/lib/svtplay_dl/tests/test_formatname.py', 'lib.svtplay_dl.tests.test_formatname', 'formatnameTest', 'test_formatname')",51,,,,
https://github.com/spaam/svtplay-dl/tree/master/lib/svtplay_dl/utils/output.py,"('https://github.com/spaam/svtplay-dl/tree/master/lib/svtplay_dl/tests/test_formatname.py', 'lib.svtplay_dl.tests.test_formatname', 'formatnameTest', 'test_formatname')",60,,,,
https://github.com/spaam/svtplay-dl/tree/master/lib/svtplay_dl/utils/output.py,"('https://github.com/spaam/svtplay-dl/tree/master/lib/svtplay_dl/tests/test_formatname.py', 'lib.svtplay_dl.tests.test_formatname', 'formatnameTest', 'test_formatname')",24,,,,
https://github.com/spaam/svtplay-dl/tree/master/lib/svtplay_dl/utils/output.py,"('https://github.com/spaam/svtplay-dl/tree/master/lib/svtplay_dl/tests/test_formatname.py', 'lib.svtplay_dl.tests.test_formatname', 'formatnameTest', 'test_formatname')",48,,,,
https://github.com/spaam/svtplay-dl/tree/master/lib/svtplay_dl/utils/output.py,"('https://github.com/spaam/svtplay-dl/tree/master/lib/svtplay_dl/tests/test_formatname.py', 'lib.svtplay_dl.tests.test_formatname', 'formatnameTest', 'test_formatname')",58,,1,,
https://github.com/spaam/svtplay-dl/tree/master/lib/svtplay_dl/utils/output.py,"('https://github.com/spaam/svtplay-dl/tree/master/lib/svtplay_dl/tests/test_formatname.py', 'lib.svtplay_dl.tests.test_formatname', 'formatnameTest', 'test_formatname')",30,,,,
https://github.com/spaam/svtplay-dl/tree/master/lib/svtplay_dl/utils/output.py,"('https://github.com/spaam/svtplay-dl/tree/master/lib/svtplay_dl/tests/test_formatname.py', 'lib.svtplay_dl.tests.test_formatname', 'formatnameTest', 'test_formatname')",43,,1,,
https://github.com/spaam/svtplay-dl/tree/master/lib/svtplay_dl/utils/output.py,"('https://github.com/spaam/svtplay-dl/tree/master/lib/svtplay_dl/tests/test_formatname.py', 'lib.svtplay_dl.tests.test_formatname', 'formatnameTest', 'test_formatname')",7,,1,,
https://github.com/spaam/svtplay-dl/tree/master/lib/svtplay_dl/utils/output.py,"('https://github.com/spaam/svtplay-dl/tree/master/lib/svtplay_dl/tests/test_formatname.py', 'lib.svtplay_dl.tests.test_formatname', 'formatnameTest', 'test_formatname')",55,,1,,
https://github.com/spaam/svtplay-dl/tree/master/lib/svtplay_dl/utils/output.py,"('https://github.com/spaam/svtplay-dl/tree/master/lib/svtplay_dl/tests/test_formatname.py', 'lib.svtplay_dl.tests.test_formatname', 'formatnameTest', 'test_formatname')",13,,1,,
https://github.com/spaam/svtplay-dl/tree/master/lib/svtplay_dl/utils/output.py,"('https://github.com/spaam/svtplay-dl/tree/master/lib/svtplay_dl/tests/test_formatname.py', 'lib.svtplay_dl.tests.test_formatname', 'formatnameTest', 'test_formatname')",9,,1,,
https://github.com/spaam/svtplay-dl/tree/master/lib/svtplay_dl/utils/output.py,"('https://github.com/spaam/svtplay-dl/tree/master/lib/svtplay_dl/tests/test_formatname.py', 'lib.svtplay_dl.tests.test_formatname', 'formatnameTest', 'test_formatname')",61,,1,,
https://github.com/spaam/svtplay-dl/tree/master/lib/svtplay_dl/utils/output.py,"('https://github.com/spaam/svtplay-dl/tree/master/lib/svtplay_dl/tests/test_formatname.py', 'lib.svtplay_dl.tests.test_formatname', 'formatnameTest', 'test_formatname')",25,,1,,
https://github.com/spaam/svtplay-dl/tree/master/lib/svtplay_dl/utils/output.py,"('https://github.com/spaam/svtplay-dl/tree/master/lib/svtplay_dl/tests/test_formatname.py', 'lib.svtplay_dl.tests.test_formatname', 'formatnameTest', 'test_formatname')",19,,1,,
https://github.com/spaam/svtplay-dl/tree/master/lib/svtplay_dl/utils/output.py,"('https://github.com/spaam/svtplay-dl/tree/master/lib/svtplay_dl/tests/test_formatname.py', 'lib.svtplay_dl.tests.test_formatname', 'formatnameTest', 'test_formatname')",1,,1,,
https://github.com/spaam/svtplay-dl/tree/master/lib/svtplay_dl/utils/output.py,"('https://github.com/spaam/svtplay-dl/tree/master/lib/svtplay_dl/tests/test_formatname.py', 'lib.svtplay_dl.tests.test_formatname', 'formatnameTest', 'test_formatname')",39,,11,,
https://github.com/spaam/svtplay-dl/tree/master/lib/svtplay_dl/utils/output.py,"('https://github.com/spaam/svtplay-dl/tree/master/lib/svtplay_dl/tests/test_formatname.py', 'lib.svtplay_dl.tests.test_formatname', 'formatnameTest', 'test_formatname')",37,,1,,
https://github.com/spaam/svtplay-dl/tree/master/lib/svtplay_dl/utils/output.py,"('https://github.com/spaam/svtplay-dl/tree/master/lib/svtplay_dl/tests/test_formatname.py', 'lib.svtplay_dl.tests.test_formatname', 'formatnameTest', 'test_formatname')",46,,1,,
https://github.com/spaam/svtplay-dl/tree/master/lib/svtplay_dl/utils/output.py,"('https://github.com/spaam/svtplay-dl/tree/master/lib/svtplay_dl/tests/test_formatname.py', 'lib.svtplay_dl.tests.test_formatname', 'formatnameTest', 'test_formatname')",47,,1,,
https://github.com/spaam/svtplay-dl/tree/master/lib/svtplay_dl/utils/output.py,"('https://github.com/spaam/svtplay-dl/tree/master/lib/svtplay_dl/tests/test_formatname.py', 'lib.svtplay_dl.tests.test_formatname', 'formatnameTest', 'test_formatname')",33,,1,,
https://github.com/spaam/svtplay-dl/tree/master/lib/svtplay_dl/utils/output.py,"('https://github.com/spaam/svtplay-dl/tree/master/lib/svtplay_dl/tests/test_formatname.py', 'lib.svtplay_dl.tests.test_formatname', 'formatnameTest', 'test_formatname')",32,,1,,
https://github.com/spaam/svtplay-dl/tree/master/lib/svtplay_dl/utils/output.py,"('https://github.com/spaam/svtplay-dl/tree/master/lib/svtplay_dl/tests/test_formatname.py', 'lib.svtplay_dl.tests.test_formatname', 'formatnameTest', 'test_formatname')",17,,1,,
https://github.com/spaam/svtplay-dl/tree/master/lib/svtplay_dl/utils/output.py,"('https://github.com/spaam/svtplay-dl/tree/master/lib/svtplay_dl/tests/test_formatname.py', 'lib.svtplay_dl.tests.test_formatname', 'formatnameTest', 'test_formatname')",10,,1,,
https://github.com/spaam/svtplay-dl/tree/master/lib/svtplay_dl/utils/output.py,"('https://github.com/spaam/svtplay-dl/tree/master/lib/svtplay_dl/tests/test_formatname.py', 'lib.svtplay_dl.tests.test_formatname', 'formatnameTest', 'test_formatname')",11,,1,,
https://github.com/spaam/svtplay-dl/tree/master/lib/svtplay_dl/utils/output.py,"('https://github.com/spaam/svtplay-dl/tree/master/lib/svtplay_dl/tests/test_formatname.py', 'lib.svtplay_dl.tests.test_formatname', 'formatnameTest', 'test_formatname')",23,,1,,
https://github.com/spaam/svtplay-dl/tree/master/lib/svtplay_dl/utils/output.py,"('https://github.com/spaam/svtplay-dl/tree/master/lib/svtplay_dl/tests/test_formatname.py', 'lib.svtplay_dl.tests.test_formatname', 'formatnameTest', 'test_formatname')",4,,1,,
https://github.com/spaam/svtplay-dl/tree/master/lib/svtplay_dl/utils/output.py,"('https://github.com/spaam/svtplay-dl/tree/master/lib/svtplay_dl/tests/test_formatname.py', 'lib.svtplay_dl.tests.test_formatname', 'formatnameTest', 'test_formatname')",16,,1,,
https://github.com/spaam/svtplay-dl/tree/master/lib/svtplay_dl/utils/output.py,"('https://github.com/spaam/svtplay-dl/tree/master/lib/svtplay_dl/tests/test_formatname.py', 'lib.svtplay_dl.tests.test_formatname', 'formatnameTest', 'test_formatname')",28,,1,,
https://github.com/spaam/svtplay-dl/tree/master/lib/svtplay_dl/utils/output.py,"('https://github.com/spaam/svtplay-dl/tree/master/lib/svtplay_dl/tests/test_formatname.py', 'lib.svtplay_dl.tests.test_formatname', 'formatnameTest', 'test_formatname')",29,,1,,
https://github.com/spaam/svtplay-dl/tree/master/lib/svtplay_dl/utils/output.py,"('https://github.com/spaam/svtplay-dl/tree/master/lib/svtplay_dl/tests/test_formatname.py', 'lib.svtplay_dl.tests.test_formatname', 'formatnameTest', 'test_formatname')",2,,1,,
https://github.com/spaam/svtplay-dl/tree/master/lib/svtplay_dl/utils/output.py,"('https://github.com/spaam/svtplay-dl/tree/master/lib/svtplay_dl/tests/test_formatname.py', 'lib.svtplay_dl.tests.test_formatname', 'formatnameTest', 'test_formatname')",56,,1,,
https://github.com/spaam/svtplay-dl/tree/master/lib/svtplay_dl/utils/output.py,"('https://github.com/spaam/svtplay-dl/tree/master/lib/svtplay_dl/tests/test_formatname.py', 'lib.svtplay_dl.tests.test_formatname', 'formatnameTest', 'test_formatname')",41,,1,,
https://github.com/smicallef/spiderfoot/tree/master/modules/sfp_bitcoin.py,"('https://github.com/smicallef/spiderfoot/tree/master/test/unit/modules/test_sfp_bitcoin.py', 'test.unit.modules.test_sfp_bitcoin', 'TestModuleBitcoin', 'test_handleEvent_event_data_containing_bitcoin_string_in_legacy_base58_format_should_return_event')",0,,,1,
https://github.com/smicallef/spiderfoot/tree/master/modules/sfp_bitcoin.py,"('https://github.com/smicallef/spiderfoot/tree/master/test/unit/modules/test_sfp_bitcoin.py', 'test.unit.modules.test_sfp_bitcoin', 'TestModuleBitcoin', 'test_handleEvent_event_data_containing_bitcoin_string_in_bech32_format_should_return_event')",0,,,1,
https://github.com/rlabbe/filterpy/tree/master/filterpy/common/helpers.py,"('https://github.com/rlabbe/filterpy/tree/master/filterpy/common/tests/test_helpers.py', 'filterpy.common.tests.test_helpers', '', 'test_save_properties')",1,,1,,
https://github.com/rlabbe/filterpy/tree/master/filterpy/common/helpers.py,"('https://github.com/rlabbe/filterpy/tree/master/filterpy/kalman/tests/test_ckf.py', 'filterpy.kalman.tests.test_ckf', '', 'test_1d')",0,,,1,
https://github.com/rlabbe/filterpy/tree/master/filterpy/common/helpers.py,"('https://github.com/rlabbe/filterpy/tree/master/filterpy/kalman/tests/test_ckf.py', 'filterpy.kalman.tests.test_ckf', '', 'test_1d')",6,,,1,
https://github.com/rlabbe/filterpy/tree/master/filterpy/common/helpers.py,"('https://github.com/rlabbe/filterpy/tree/master/filterpy/kalman/tests/test_ckf.py', 'filterpy.kalman.tests.test_ckf', '', 'test_1d')",15,,,1,
https://github.com/rlabbe/filterpy/tree/master/filterpy/common/helpers.py,"('https://github.com/rlabbe/filterpy/tree/master/filterpy/kalman/tests/test_ckf.py', 'filterpy.kalman.tests.test_ckf', '', 'test_1d')",9,,,1,
https://github.com/rlabbe/filterpy/tree/master/filterpy/common/helpers.py,"('https://github.com/rlabbe/filterpy/tree/master/filterpy/kalman/tests/test_ckf.py', 'filterpy.kalman.tests.test_ckf', '', 'test_1d')",12,,,1,
https://github.com/rlabbe/filterpy/tree/master/filterpy/common/helpers.py,"('https://github.com/rlabbe/filterpy/tree/master/filterpy/kalman/tests/test_ckf.py', 'filterpy.kalman.tests.test_ckf', '', 'test_1d')",5,,,1,
https://github.com/rlabbe/filterpy/tree/master/filterpy/common/helpers.py,"('https://github.com/rlabbe/filterpy/tree/master/filterpy/kalman/tests/test_ckf.py', 'filterpy.kalman.tests.test_ckf', '', 'test_1d')",13,,,1,
https://github.com/rlabbe/filterpy/tree/master/filterpy/common/helpers.py,"('https://github.com/rlabbe/filterpy/tree/master/filterpy/kalman/tests/test_ckf.py', 'filterpy.kalman.tests.test_ckf', '', 'test_1d')",14,,,1,
https://github.com/rlabbe/filterpy/tree/master/filterpy/common/helpers.py,"('https://github.com/rlabbe/filterpy/tree/master/filterpy/kalman/tests/test_ckf.py', 'filterpy.kalman.tests.test_ckf', '', 'test_1d')",27,,,1,
https://github.com/rlabbe/filterpy/tree/master/filterpy/common/helpers.py,"('https://github.com/rlabbe/filterpy/tree/master/filterpy/kalman/tests/test_ckf.py', 'filterpy.kalman.tests.test_ckf', '', 'test_1d')",8,,,1,
https://github.com/rlabbe/filterpy/tree/master/filterpy/common/helpers.py,"('https://github.com/rlabbe/filterpy/tree/master/filterpy/kalman/tests/test_ckf.py', 'filterpy.kalman.tests.test_ckf', '', 'test_1d')",37,,,1,
https://github.com/rlabbe/filterpy/tree/master/filterpy/common/helpers.py,"('https://github.com/rlabbe/filterpy/tree/master/filterpy/kalman/tests/test_ckf.py', 'filterpy.kalman.tests.test_ckf', '', 'test_1d')",38,,,1,
https://github.com/rlabbe/filterpy/tree/master/filterpy/common/helpers.py,"('https://github.com/rlabbe/filterpy/tree/master/filterpy/kalman/tests/test_ckf.py', 'filterpy.kalman.tests.test_ckf', '', 'test_1d')",36,,,1,
https://github.com/rlabbe/filterpy/tree/master/filterpy/common/helpers.py,"('https://github.com/rlabbe/filterpy/tree/master/filterpy/kalman/tests/test_ckf.py', 'filterpy.kalman.tests.test_ckf', '', 'test_1d')",31,,,1,
https://github.com/rlabbe/filterpy/tree/master/filterpy/common/helpers.py,"('https://github.com/rlabbe/filterpy/tree/master/filterpy/kalman/tests/test_ckf.py', 'filterpy.kalman.tests.test_ckf', '', 'test_1d')",23,,,1,
https://github.com/rlabbe/filterpy/tree/master/filterpy/common/helpers.py,"('https://github.com/rlabbe/filterpy/tree/master/filterpy/kalman/tests/test_ckf.py', 'filterpy.kalman.tests.test_ckf', '', 'test_1d')",33,,,1,
https://github.com/rlabbe/filterpy/tree/master/filterpy/common/helpers.py,"('https://github.com/rlabbe/filterpy/tree/master/filterpy/kalman/tests/test_ckf.py', 'filterpy.kalman.tests.test_ckf', '', 'test_1d')",19,,,1,
https://github.com/rlabbe/filterpy/tree/master/filterpy/common/helpers.py,"('https://github.com/rlabbe/filterpy/tree/master/filterpy/kalman/tests/test_ckf.py', 'filterpy.kalman.tests.test_ckf', '', 'test_1d')",18,,,1,
https://github.com/rlabbe/filterpy/tree/master/filterpy/common/helpers.py,"('https://github.com/rlabbe/filterpy/tree/master/filterpy/kalman/tests/test_ckf.py', 'filterpy.kalman.tests.test_ckf', '', 'test_1d')",25,,,1,
https://github.com/rlabbe/filterpy/tree/master/filterpy/common/helpers.py,"('https://github.com/rlabbe/filterpy/tree/master/filterpy/kalman/tests/test_ckf.py', 'filterpy.kalman.tests.test_ckf', '', 'test_1d')",35,,,1,
https://github.com/rlabbe/filterpy/tree/master/filterpy/common/helpers.py,"('https://github.com/rlabbe/filterpy/tree/master/filterpy/kalman/tests/test_ckf.py', 'filterpy.kalman.tests.test_ckf', '', 'test_1d')",28,,,1,
https://github.com/rlabbe/filterpy/tree/master/filterpy/common/helpers.py,"('https://github.com/rlabbe/filterpy/tree/master/filterpy/kalman/tests/test_ckf.py', 'filterpy.kalman.tests.test_ckf', '', 'test_1d')",26,,,1,
https://github.com/rlabbe/filterpy/tree/master/filterpy/common/helpers.py,"('https://github.com/rlabbe/filterpy/tree/master/filterpy/kalman/tests/test_ckf.py', 'filterpy.kalman.tests.test_ckf', '', 'test_1d')",40,,,1,
https://github.com/rlabbe/filterpy/tree/master/filterpy/common/helpers.py,"('https://github.com/rlabbe/filterpy/tree/master/filterpy/kalman/tests/test_ckf.py', 'filterpy.kalman.tests.test_ckf', '', 'test_1d')",4,,,1,
https://github.com/rlabbe/filterpy/tree/master/filterpy/common/helpers.py,"('https://github.com/rlabbe/filterpy/tree/master/filterpy/kalman/tests/test_ckf.py', 'filterpy.kalman.tests.test_ckf', '', 'test_1d')",30,,,1,
https://github.com/rlabbe/filterpy/tree/master/filterpy/common/helpers.py,"('https://github.com/rlabbe/filterpy/tree/master/filterpy/kalman/tests/test_ckf.py', 'filterpy.kalman.tests.test_ckf', '', 'test_1d')",44,,,1,
https://github.com/rlabbe/filterpy/tree/master/filterpy/common/helpers.py,"('https://github.com/rlabbe/filterpy/tree/master/filterpy/kalman/tests/test_ckf.py', 'filterpy.kalman.tests.test_ckf', '', 'test_1d')",3,,,1,
https://github.com/rlabbe/filterpy/tree/master/filterpy/common/helpers.py,"('https://github.com/rlabbe/filterpy/tree/master/filterpy/kalman/tests/test_ckf.py', 'filterpy.kalman.tests.test_ckf', '', 'test_1d')",43,,,1,
https://github.com/rlabbe/filterpy/tree/master/filterpy/common/helpers.py,"('https://github.com/rlabbe/filterpy/tree/master/filterpy/kalman/tests/test_ckf.py', 'filterpy.kalman.tests.test_ckf', '', 'test_1d')",21,,,1,
https://github.com/rlabbe/filterpy/tree/master/filterpy/common/helpers.py,"('https://github.com/rlabbe/filterpy/tree/master/filterpy/kalman/tests/test_ckf.py', 'filterpy.kalman.tests.test_ckf', '', 'test_1d')",47,,,1,
https://github.com/rlabbe/filterpy/tree/master/filterpy/common/helpers.py,"('https://github.com/rlabbe/filterpy/tree/master/filterpy/kalman/tests/test_ckf.py', 'filterpy.kalman.tests.test_ckf', '', 'test_1d')",2,,,1,
https://github.com/rlabbe/filterpy/tree/master/filterpy/common/helpers.py,"('https://github.com/rlabbe/filterpy/tree/master/filterpy/kalman/tests/test_ckf.py', 'filterpy.kalman.tests.test_ckf', '', 'test_1d')",22,,,1,
https://github.com/rlabbe/filterpy/tree/master/filterpy/common/helpers.py,"('https://github.com/rlabbe/filterpy/tree/master/filterpy/kalman/tests/test_ckf.py', 'filterpy.kalman.tests.test_ckf', '', 'test_1d')",48,,,1,
https://github.com/rlabbe/filterpy/tree/master/filterpy/common/helpers.py,"('https://github.com/rlabbe/filterpy/tree/master/filterpy/kalman/tests/test_ckf.py', 'filterpy.kalman.tests.test_ckf', '', 'test_1d')",49,,,1,
https://github.com/rlabbe/filterpy/tree/master/filterpy/common/helpers.py,"('https://github.com/rlabbe/filterpy/tree/master/filterpy/common/tests/test_helpers.py', 'filterpy.common.tests.test_helpers', '', 'test_saver_kf')",10,,,1,
https://github.com/rlabbe/filterpy/tree/master/filterpy/common/helpers.py,"('https://github.com/rlabbe/filterpy/tree/master/filterpy/common/tests/test_helpers.py', 'filterpy.common.tests.test_helpers', '', 'test_saver_kf')",13,,,1,
https://github.com/rlabbe/filterpy/tree/master/filterpy/common/helpers.py,"('https://github.com/rlabbe/filterpy/tree/master/filterpy/common/tests/test_helpers.py', 'filterpy.common.tests.test_helpers', '', 'test_saver_kf')",11,,,1,
https://github.com/rlabbe/filterpy/tree/master/filterpy/common/helpers.py,"('https://github.com/rlabbe/filterpy/tree/master/filterpy/common/tests/test_helpers.py', 'filterpy.common.tests.test_helpers', '', 'test_saver_kf')",19,,,1,
https://github.com/rlabbe/filterpy/tree/master/filterpy/common/helpers.py,"('https://github.com/rlabbe/filterpy/tree/master/filterpy/common/tests/test_helpers.py', 'filterpy.common.tests.test_helpers', '', 'test_saver_kf')",14,,,1,
https://github.com/rlabbe/filterpy/tree/master/filterpy/common/helpers.py,"('https://github.com/rlabbe/filterpy/tree/master/filterpy/common/tests/test_helpers.py', 'filterpy.common.tests.test_helpers', '', 'test_saver_kf')",8,,,1,
https://github.com/rlabbe/filterpy/tree/master/filterpy/common/helpers.py,"('https://github.com/rlabbe/filterpy/tree/master/filterpy/common/tests/test_helpers.py', 'filterpy.common.tests.test_helpers', '', 'test_saver_UKF')",22,,,1,
https://github.com/rlabbe/filterpy/tree/master/filterpy/common/helpers.py,"('https://github.com/rlabbe/filterpy/tree/master/filterpy/common/tests/test_helpers.py', 'filterpy.common.tests.test_helpers', '', 'test_saver_kf')",18,,,1,
https://github.com/rlabbe/filterpy/tree/master/filterpy/common/helpers.py,"('https://github.com/rlabbe/filterpy/tree/master/filterpy/common/tests/test_helpers.py', 'filterpy.common.tests.test_helpers', '', 'test_saver_kf')",6,,,1,
https://github.com/rlabbe/filterpy/tree/master/filterpy/common/helpers.py,"('https://github.com/rlabbe/filterpy/tree/master/filterpy/common/tests/test_helpers.py', 'filterpy.common.tests.test_helpers', '', 'test_saver_kf')",15,,,1,
https://github.com/rlabbe/filterpy/tree/master/filterpy/common/helpers.py,"('https://github.com/rlabbe/filterpy/tree/master/filterpy/common/tests/test_helpers.py', 'filterpy.common.tests.test_helpers', '', 'test_saver_kf')",9,,,1,
https://github.com/rlabbe/filterpy/tree/master/filterpy/common/helpers.py,"('https://github.com/rlabbe/filterpy/tree/master/filterpy/common/tests/test_helpers.py', 'filterpy.common.tests.test_helpers', '', 'test_saver_kf')",7,,,1,
https://github.com/rlabbe/filterpy/tree/master/filterpy/common/helpers.py,"('https://github.com/rlabbe/filterpy/tree/master/filterpy/common/tests/test_helpers.py', 'filterpy.common.tests.test_helpers', '', 'test_saver_UKF')",23,,,1,
https://github.com/rlabbe/filterpy/tree/master/filterpy/common/helpers.py,"('https://github.com/rlabbe/filterpy/tree/master/filterpy/common/tests/test_helpers.py', 'filterpy.common.tests.test_helpers', '', 'test_saver_UKF')",10,,,1,
https://github.com/rlabbe/filterpy/tree/master/filterpy/common/helpers.py,"('https://github.com/rlabbe/filterpy/tree/master/filterpy/common/tests/test_helpers.py', 'filterpy.common.tests.test_helpers', '', 'test_saver_UKF')",16,,,1,
https://github.com/rlabbe/filterpy/tree/master/filterpy/common/helpers.py,"('https://github.com/rlabbe/filterpy/tree/master/filterpy/common/tests/test_helpers.py', 'filterpy.common.tests.test_helpers', '', 'test_saver_UKF')",21,,,1,
https://github.com/rlabbe/filterpy/tree/master/filterpy/common/helpers.py,"('https://github.com/rlabbe/filterpy/tree/master/filterpy/common/tests/test_helpers.py', 'filterpy.common.tests.test_helpers', '', 'test_saver_UKF')",8,,,1,
https://github.com/rlabbe/filterpy/tree/master/filterpy/common/helpers.py,"('https://github.com/rlabbe/filterpy/tree/master/filterpy/common/tests/test_helpers.py', 'filterpy.common.tests.test_helpers', '', 'test_saver_UKF')",9,,,1,
https://github.com/rlabbe/filterpy/tree/master/filterpy/common/helpers.py,"('https://github.com/rlabbe/filterpy/tree/master/filterpy/common/tests/test_helpers.py', 'filterpy.common.tests.test_helpers', '', 'test_saver_UKF')",18,,,1,
https://github.com/rlabbe/filterpy/tree/master/filterpy/common/helpers.py,"('https://github.com/rlabbe/filterpy/tree/master/filterpy/common/tests/test_helpers.py', 'filterpy.common.tests.test_helpers', '', 'test_saver_UKF')",5,,,1,
https://github.com/rlabbe/filterpy/tree/master/filterpy/common/helpers.py,"('https://github.com/rlabbe/filterpy/tree/master/filterpy/common/tests/test_helpers.py', 'filterpy.common.tests.test_helpers', '', 'test_saver_UKF')",12,,,1,
https://github.com/rlabbe/filterpy/tree/master/filterpy/common/helpers.py,"('https://github.com/rlabbe/filterpy/tree/master/filterpy/common/tests/test_helpers.py', 'filterpy.common.tests.test_helpers', '', 'test_saver_UKF')",14,,,1,
https://github.com/rlabbe/filterpy/tree/master/filterpy/common/helpers.py,"('https://github.com/rlabbe/filterpy/tree/master/filterpy/common/tests/test_helpers.py', 'filterpy.common.tests.test_helpers', '', 'test_saver_UKF')",19,,,1,
https://github.com/rlabbe/filterpy/tree/master/filterpy/common/helpers.py,"('https://github.com/rlabbe/filterpy/tree/master/filterpy/common/tests/test_helpers.py', 'filterpy.common.tests.test_helpers', '', 'test_saver_UKF')",13,,,1,
https://github.com/rlabbe/filterpy/tree/master/filterpy/common/helpers.py,"('https://github.com/rlabbe/filterpy/tree/master/filterpy/common/tests/test_helpers.py', 'filterpy.common.tests.test_helpers', '', 'test_saver_UKF')",17,,,1,
https://github.com/rlabbe/filterpy/tree/master/filterpy/common/helpers.py,"('https://github.com/rlabbe/filterpy/tree/master/filterpy/common/tests/test_helpers.py', 'filterpy.common.tests.test_helpers', '', 'test_saver_UKF')",15,,,1,
https://github.com/rlabbe/filterpy/tree/master/filterpy/common/helpers.py,"('https://github.com/rlabbe/filterpy/tree/master/filterpy/common/tests/test_helpers.py', 'filterpy.common.tests.test_helpers', '', 'test_saver_UKF')",38,,,1,
https://github.com/rlabbe/filterpy/tree/master/filterpy/common/helpers.py,"('https://github.com/rlabbe/filterpy/tree/master/filterpy/common/tests/test_helpers.py', 'filterpy.common.tests.test_helpers', '', 'test_saver_UKF')",26,,,1,
https://github.com/rlabbe/filterpy/tree/master/filterpy/common/helpers.py,"('https://github.com/rlabbe/filterpy/tree/master/filterpy/common/tests/test_helpers.py', 'filterpy.common.tests.test_helpers', '', 'test_saver_UKF')",2,,,1,
https://github.com/rlabbe/filterpy/tree/master/filterpy/common/helpers.py,"('https://github.com/rlabbe/filterpy/tree/master/filterpy/common/tests/test_helpers.py', 'filterpy.common.tests.test_helpers', '', 'test_saver_UKF')",30,,,1,
https://github.com/rlabbe/filterpy/tree/master/filterpy/common/helpers.py,"('https://github.com/rlabbe/filterpy/tree/master/filterpy/common/tests/test_helpers.py', 'filterpy.common.tests.test_helpers', '', 'test_saver_kf')",5,,,1,
https://github.com/rlabbe/filterpy/tree/master/filterpy/common/helpers.py,"('https://github.com/rlabbe/filterpy/tree/master/filterpy/common/tests/test_helpers.py', 'filterpy.common.tests.test_helpers', '', 'test_saver_UKF')",37,,,1,
https://github.com/rlabbe/filterpy/tree/master/filterpy/common/helpers.py,"('https://github.com/rlabbe/filterpy/tree/master/filterpy/common/tests/test_helpers.py', 'filterpy.common.tests.test_helpers', '', 'test_saver_UKF')",27,,,1,
https://github.com/rlabbe/filterpy/tree/master/filterpy/common/helpers.py,"('https://github.com/rlabbe/filterpy/tree/master/filterpy/common/tests/test_helpers.py', 'filterpy.common.tests.test_helpers', '', 'test_saver_UKF')",34,,,1,
https://github.com/rlabbe/filterpy/tree/master/filterpy/common/helpers.py,"('https://github.com/rlabbe/filterpy/tree/master/filterpy/common/tests/test_helpers.py', 'filterpy.common.tests.test_helpers', '', 'test_saver_UKF')",0,,,1,
https://github.com/rlabbe/filterpy/tree/master/filterpy/common/helpers.py,"('https://github.com/rlabbe/filterpy/tree/master/filterpy/common/tests/test_helpers.py', 'filterpy.common.tests.test_helpers', '', 'test_saver_UKF')",32,,,1,
https://github.com/rlabbe/filterpy/tree/master/filterpy/common/helpers.py,"('https://github.com/rlabbe/filterpy/tree/master/filterpy/common/tests/test_helpers.py', 'filterpy.common.tests.test_helpers', '', 'test_saver_UKF')",33,,,1,
https://github.com/rlabbe/filterpy/tree/master/filterpy/common/helpers.py,"('https://github.com/rlabbe/filterpy/tree/master/filterpy/common/tests/test_helpers.py', 'filterpy.common.tests.test_helpers', '', 'test_saver_UKF')",3,,,1,
https://github.com/rlabbe/filterpy/tree/master/filterpy/common/helpers.py,"('https://github.com/rlabbe/filterpy/tree/master/filterpy/common/tests/test_helpers.py', 'filterpy.common.tests.test_helpers', '', 'test_saver_UKF')",39,,,1,
https://github.com/rlabbe/filterpy/tree/master/filterpy/common/helpers.py,"('https://github.com/rlabbe/filterpy/tree/master/filterpy/common/tests/test_helpers.py', 'filterpy.common.tests.test_helpers', '', 'test_saver_ekf')",1,,,1,
https://github.com/rlabbe/filterpy/tree/master/filterpy/common/helpers.py,"('https://github.com/rlabbe/filterpy/tree/master/filterpy/common/tests/test_helpers.py', 'filterpy.common.tests.test_helpers', '', 'test_saver_ekf')",2,,,1,
https://github.com/rlabbe/filterpy/tree/master/filterpy/common/helpers.py,"('https://github.com/rlabbe/filterpy/tree/master/filterpy/common/tests/test_helpers.py', 'filterpy.common.tests.test_helpers', '', 'test_saver_ekf')",0,,,1,
https://github.com/rlabbe/filterpy/tree/master/filterpy/common/helpers.py,"('https://github.com/rlabbe/filterpy/tree/master/filterpy/common/tests/test_helpers.py', 'filterpy.common.tests.test_helpers', '', 'test_saver_kf')",0,,,1,
https://github.com/quantumlib/OpenFermion/tree/master/src/openfermion/transforms/repconversions/qubit_tapering_from_stabilizer.py,"('https://github.com/quantumlib/OpenFermion/tree/master/src/openfermion/transforms/repconversions/qubit_tapering_from_stabilizer_test.py', 'src.openfermion.transforms.repconversions.qubit_tapering_from_stabilizer_test', 'TaperingTest', 'test_function_errors')",1,,,1,
https://github.com/quantumlib/OpenFermion/tree/master/src/openfermion/transforms/repconversions/qubit_tapering_from_stabilizer.py,"('https://github.com/quantumlib/OpenFermion/tree/master/src/openfermion/transforms/repconversions/qubit_tapering_from_stabilizer_test.py', 'src.openfermion.transforms.repconversions.qubit_tapering_from_stabilizer_test', 'TaperingTest', 'test_function_errors')",3,,,1,
https://github.com/quantumlib/OpenFermion/tree/master/src/openfermion/transforms/repconversions/qubit_tapering_from_stabilizer.py,"('https://github.com/quantumlib/OpenFermion/tree/master/src/openfermion/transforms/repconversions/qubit_tapering_from_stabilizer_test.py', 'src.openfermion.transforms.repconversions.qubit_tapering_from_stabilizer_test', 'TaperingTest', 'test_reduce_terms_auxiliar_functions')",0,,,1,
https://github.com/quantumlib/OpenFermion/tree/master/src/openfermion/transforms/repconversions/qubit_tapering_from_stabilizer.py,"('https://github.com/quantumlib/OpenFermion/tree/master/src/openfermion/transforms/repconversions/qubit_tapering_from_stabilizer_test.py', 'src.openfermion.transforms.repconversions.qubit_tapering_from_stabilizer_test', 'TaperingTest', 'test_function_errors')",0,,,1,
https://github.com/quantumlib/OpenFermion/tree/master/src/openfermion/chem/molecular_data.py,"('https://github.com/quantumlib/OpenFermion/tree/master/src/openfermion/chem/molecular_data_test.py', 'src.openfermion.chem.molecular_data_test', 'MolecularDataTest', 'test_name_molecule')",2,,,,
https://github.com/quantumlib/OpenFermion/tree/master/src/openfermion/chem/molecular_data.py,"('https://github.com/quantumlib/OpenFermion/tree/master/src/openfermion/chem/molecular_data_test.py', 'src.openfermion.chem.molecular_data_test', 'MolecularDataTest', 'test_name_molecule')",0,,,,
https://github.com/pyGrowler/Growler/tree/master/growler/http/response.py,"('https://github.com/pyGrowler/Growler/tree/master/tests/test_http_response.py', 'tests.test_http_response', '', 'test_headers_add_header')",0,,,,
https://github.com/pyGrowler/Growler/tree/master/growler/http/response.py,"('https://github.com/pyGrowler/Growler/tree/master/tests/test_http_response.py', 'tests.test_http_response', '', 'test_headers_add_header_list')",0,,,,
https://github.com/polygamma/aurman/tree/master/src/aurman/parse_args.py,"('https://github.com/polygamma/aurman/tree/master/src/unit_tests/test_parse_pacman_args.py', 'src.unit_tests.test_parse_pacman_args', 'TestParse_pacman_args', 'test_parse_pacman_args')",0,,,1,
https://github.com/polygamma/aurman/tree/master/src/aurman/parse_args.py,"('https://github.com/polygamma/aurman/tree/master/src/unit_tests/test_parse_pacman_args.py', 'src.unit_tests.test_parse_pacman_args', 'TestParse_pacman_args', 'test_parse_pacman_args')",1,,,1,
https://github.com/polygamma/aurman/tree/master/src/aurman/parse_args.py,"('https://github.com/polygamma/aurman/tree/master/src/unit_tests/test_parse_pacman_args.py', 'src.unit_tests.test_parse_pacman_args', 'TestParse_pacman_args', 'test_parse_pacman_args')",2,,,1,
https://github.com/polygamma/aurman/tree/master/src/aurman/parse_args.py,"('https://github.com/polygamma/aurman/tree/master/src/unit_tests/test_parse_pacman_args.py', 'src.unit_tests.test_parse_pacman_args', 'TestParse_pacman_args', 'test_parse_pacman_args')",3,,,1,
https://github.com/OmkarPathak/pygorithm/tree/master/pygorithm/data_structures/graph.py,"('https://github.com/OmkarPathak/pygorithm/tree/master/tests/test_data_structure.py', 'tests.test_data_structure', 'TestGraph', 'test_gridify_weighted_undirected_graph')",0,,,1,
https://github.com/nltk/nltk/tree/master/nltk/translate/stack_decoder.py,"('https://github.com/nltk/nltk/tree/master/nltk/test/unit/translate/test_stack_decoder.py', 'nltk.test.unit.translate.test_stack_decoder', 'TestStackDecoder', 'test_future_score')",0,,1,,
https://github.com/nipy/nibabel/tree/master/nibabel/fileslice.py,"('https://github.com/nipy/nibabel/tree/master/nibabel/tests/test_fileslice.py', 'nibabel.tests.test_fileslice', '', 'test_slicers2segments')",0,,,1,
https://github.com/networkx/networkx/tree/master/networkx/algorithms/community/quality.py,"('https://github.com/networkx/networkx/tree/master/networkx/algorithms/community/tests/test_louvain.py', 'networkx.algorithms.community.tests.test_louvain', '', 'test_quality')",2,1,,,
https://github.com/networkx/networkx/tree/master/networkx/algorithms/community/quality.py,"('https://github.com/networkx/networkx/tree/master/networkx/algorithms/community/tests/test_louvain.py', 'networkx.algorithms.community.tests.test_louvain', '', 'test_quality')",3,1,,,
https://github.com/networkx/networkx/tree/master/networkx/algorithms/community/quality.py,"('https://github.com/networkx/networkx/tree/master/networkx/algorithms/community/tests/test_quality.py', 'networkx.algorithms.community.tests.test_quality', 'TestCoverage', 'test_good_partition')",0,1,,,
https://github.com/networkx/networkx/tree/master/networkx/algorithms/community/quality.py,"('https://github.com/networkx/networkx/tree/master/networkx/algorithms/community/tests/test_quality.py', 'networkx.algorithms.community.tests.test_quality', 'TestCoverage', 'test_bad_partition')",0,1,,,
https://github.com/networkx/networkx/tree/master/networkx/algorithms/community/quality.py,"('https://github.com/networkx/networkx/tree/master/networkx/algorithms/community/tests/test_quality.py', 'networkx.algorithms.community.tests.test_quality', 'TestPerformance', 'test_bad_partition')",0,1,,,
https://github.com/networkx/networkx/tree/master/networkx/algorithms/community/quality.py,"('https://github.com/networkx/networkx/tree/master/networkx/algorithms/community/tests/test_louvain.py', 'networkx.algorithms.community.tests.test_louvain', '', 'test_quality')",0,1,,,
https://github.com/Nandaka/PixivUtil2/tree/master//PixivDBManager.py,"('https://github.com/Nandaka/PixivUtil2/tree/master//test_PixivDBManager.py', 'test_PixivDBManager', 'TestPixivDBManager', 'test_SelectAllMember')",0,,1,,
https://github.com/mne-tools/mne-python/tree/master/mne/channels/channels.py,"('https://github.com/mne-tools/mne-python/tree/master/mne/channels/tests/test_channels.py', 'mne.channels.tests.test_channels', '', 'test_rename_channels')",1,,1,,
https://github.com/mne-tools/mne-python/tree/master/mne/channels/channels.py,"('https://github.com/mne-tools/mne-python/tree/master/mne/channels/tests/test_channels.py', 'mne.channels.tests.test_channels', '', 'test_rename_channels')",5,,1,,
https://github.com/mne-tools/mne-python/tree/master/mne/channels/channels.py,"('https://github.com/mne-tools/mne-python/tree/master/mne/channels/tests/test_channels.py', 'mne.channels.tests.test_channels', '', 'test_rename_channels')",0,,1,,
https://github.com/mne-tools/mne-python/tree/master/mne/channels/channels.py,"('https://github.com/mne-tools/mne-python/tree/master/mne/channels/tests/test_channels.py', 'mne.channels.tests.test_channels', '', 'test_rename_channels')",3,,1,,
https://github.com/influxdata/influxdb-python/tree/master/influxdb/resultset.py,"('https://github.com/influxdata/influxdb-python/tree/master/influxdb/tests/client_test.py', 'influxdb.tests.client_test', 'TestInfluxDBClient', 'test_chunked_response')",1,,1,,
https://github.com/influxdata/influxdb-python/tree/master/influxdb/resultset.py,"('https://github.com/influxdata/influxdb-python/tree/master/influxdb/tests/client_test.py', 'influxdb.tests.client_test', 'TestInfluxDBClient', 'test_chunked_response')",0,,1,,
https://github.com/inducer/pudb/tree/master/pudb/settings.py,"('https://github.com/inducer/pudb/tree/master/test/test_settings.py', 'test.test_settings', '', 'test_save_breakpoints')",0,,,1,
https://github.com/guessit-io/guessit/tree/master/guessit/options.py,"('https://github.com/guessit-io/guessit/tree/master/guessit/test/test_options.py', 'guessit.test.test_options', '', 'test_config_locations')",0,,,1,
https://github.com/closeio/tasktiger/tree/master/tasktiger/task.py,"('https://github.com/closeio/tasktiger/tree/master/tests/test_base.py', 'tests.test_base', 'TestTasks', 'test_tasks_from_queue_with_executions')",1,,,1,
https://github.com/cantools/cantools/tree/master/cantools/subparsers/dump/formatting.py,"('https://github.com/cantools/cantools/tree/master/tests/test_dump.py', 'tests.test_dump', 'CanToolsDumpTest', 'test_message_layout')",5,,,1,
https://github.com/cantools/cantools/tree/master/cantools/subparsers/dump/formatting.py,"('https://github.com/cantools/cantools/tree/master/tests/test_dump.py', 'tests.test_dump', 'CanToolsDumpTest', 'test_message_layout')",6,,,1,
https://github.com/cantools/cantools/tree/master/cantools/subparsers/dump/formatting.py,"('https://github.com/cantools/cantools/tree/master/tests/test_dump.py', 'tests.test_dump', 'CanToolsDumpTest', 'test_message_layout')",2,,,1,
https://github.com/cantools/cantools/tree/master/cantools/subparsers/dump/formatting.py,"('https://github.com/cantools/cantools/tree/master/tests/test_dump.py', 'tests.test_dump', 'CanToolsDumpTest', 'test_message_layout')",1,,,1,
https://github.com/cantools/cantools/tree/master/cantools/subparsers/dump/formatting.py,"('https://github.com/cantools/cantools/tree/master/tests/test_dump.py', 'tests.test_dump', 'CanToolsDumpTest', 'test_issue_63')",0,,,1,
https://github.com/cantools/cantools/tree/master/cantools/subparsers/dump/formatting.py,"('https://github.com/cantools/cantools/tree/master/tests/test_dump.py', 'tests.test_dump', 'CanToolsDumpTest', 'test_message_layout')",3,,,1,
https://github.com/cantools/cantools/tree/master/cantools/subparsers/dump/formatting.py,"('https://github.com/cantools/cantools/tree/master/tests/test_dump.py', 'tests.test_dump', 'CanToolsDumpTest', 'test_message_layout')",0,,,1,
https://github.com/amperser/proselint/tree/master/proselint/tools.py,"('https://github.com/amperser/proselint/tree/master/tests/test_preferred_forms_check.py', 'tests.test_preferred_forms_check', 'TestCheck', 'test_smoke')",1,,,1,
https://github.com/amperser/proselint/tree/master/proselint/tools.py,"('https://github.com/amperser/proselint/tree/master/tests/test_preferred_forms_check.py', 'tests.test_preferred_forms_check', 'TestCheck', 'test_capitalization')",0,,,1,
https://github.com/alichtman/shallow-backup/tree/master/shallow_backup/backup.py,"('https://github.com/alichtman/shallow-backup/tree/master/tests/test_backups.py', 'tests.test_backups', 'TestBackupMethods', 'test_conditions')",0,,,,
https://github.com/alichtman/shallow-backup/tree/master/shallow_backup/backup.py,"('https://github.com/alichtman/shallow-backup/tree/master/tests/test_backups.py', 'tests.test_backups', 'TestBackupMethods', 'test_conditions')",0,,,,
https://github.com/alichtman/shallow-backup/tree/master/shallow_backup/backup.py,"('https://github.com/alichtman/shallow-backup/tree/master/tests/test_backups.py', 'tests.test_backups', 'TestBackupMethods', 'test_backup_dotfiles')",0,,,1,
https://github.com/0xHJK/music-dl/tree/master/music_dl/source.py,"('https://github.com/0xHJK/music-dl/tree/master/tests/test_source.py', 'tests.test_source', '', 'test_search')",0,,,1,
,,,6,50,117,0
,,,0.034682081,0.279329609,0.653631285,
,,,0.034682081,0.289017341,0.676300578,
