file_html,test_me_inf,instance,add,unique,overload,complex
https://github.com/amperser/proselint/tree/master/proselint/tools.py,"('https://github.com/amperser/proselint/tree/master/tests/test_topic_detector.py', 'tests.test_topic_detector', '', 'test_50_Cent_detector_on_topic')",1,,,,1
https://github.com/amperser/proselint/tree/master/proselint/tools.py,"('https://github.com/amperser/proselint/tree/master/tests/test_topic_detector.py', 'tests.test_topic_detector', '', 'test_50_Cent_detector_on_topic')",0,,,,1
https://github.com/aws/aws-cli/tree/master/awscli/compat.py,"('https://github.com/aws/aws-cli/tree/master/tests/unit/test_compat.py', 'tests.unit.test_compat', 'TestIgnoreUserSignals', 'test_ignore_signal_sigquit')",0,,,,1
https://github.com/beancount/beancount/tree/master/beancount/query/numberify.py,"('https://github.com/beancount/beancount/tree/master/beancount/query/numberify_test.py', 'beancount.query.numberify_test', 'TestNumerifySimple', 'test_inventory')",0,,,,1
https://github.com/beancount/beancount/tree/master/beancount/query/numberify.py,"('https://github.com/beancount/beancount/tree/master/beancount/query/numberify_test.py', 'beancount.query.numberify_test', 'TestNumerifySimple', 'test_inventory')",4,,,,1
https://github.com/beancount/beancount/tree/master/beancount/query/numberify.py,"('https://github.com/beancount/beancount/tree/master/beancount/query/numberify_test.py', 'beancount.query.numberify_test', 'TestNumerifySimple', 'test_inventory')",5,,,,1
https://github.com/beancount/beancount/tree/master/beancount/query/numberify.py,"('https://github.com/beancount/beancount/tree/master/beancount/query/numberify_test.py', 'beancount.query.numberify_test', 'TestNumerifySimple', 'test_position')",5,,,,1
https://github.com/beancount/beancount/tree/master/beancount/query/numberify.py,"('https://github.com/beancount/beancount/tree/master/beancount/query/numberify_test.py', 'beancount.query.numberify_test', 'TestNumerifyPrecision', 'test_precision')",2,,,,1
https://github.com/beancount/beancount/tree/master/beancount/query/numberify.py,"('https://github.com/beancount/beancount/tree/master/beancount/query/numberify_test.py', 'beancount.query.numberify_test', 'TestNumerifySimple', 'test_inventory')",2,,,,1
https://github.com/beancount/beancount/tree/master/beancount/query/numberify.py,"('https://github.com/beancount/beancount/tree/master/beancount/query/numberify_test.py', 'beancount.query.numberify_test', 'TestNumerifySimple', 'test_amount')",3,,,,1
https://github.com/beancount/beancount/tree/master/beancount/query/numberify.py,"('https://github.com/beancount/beancount/tree/master/beancount/query/numberify_test.py', 'beancount.query.numberify_test', 'TestNumerifyPrecision', 'test_precision')",5,,,,1
https://github.com/beancount/beancount/tree/master/beancount/query/numberify.py,"('https://github.com/beancount/beancount/tree/master/beancount/query/numberify_test.py', 'beancount.query.numberify_test', 'TestNumerifyPrecision', 'test_precision')",4,,,,1
https://github.com/beancount/beancount/tree/master/beancount/query/numberify.py,"('https://github.com/beancount/beancount/tree/master/beancount/query/numberify_test.py', 'beancount.query.numberify_test', 'TestNumerifyInventory', 'test_inventory')",2,,,,1
https://github.com/beancount/beancount/tree/master/beancount/query/numberify.py,"('https://github.com/beancount/beancount/tree/master/beancount/query/numberify_test.py', 'beancount.query.numberify_test', 'TestNumerifyPrecision', 'test_precision')",3,,,,1
https://github.com/beancount/beancount/tree/master/beancount/query/numberify.py,"('https://github.com/beancount/beancount/tree/master/beancount/query/numberify_test.py', 'beancount.query.numberify_test', 'TestNumerifySimple', 'test_amount')",7,,,,1
https://github.com/beancount/beancount/tree/master/beancount/query/numberify.py,"('https://github.com/beancount/beancount/tree/master/beancount/query/numberify_test.py', 'beancount.query.numberify_test', 'TestNumerifySimple', 'test_position')",6,,,,1
https://github.com/brutasse/graphite-api/tree/master/graphite_api/render/glyph.py,"('https://github.com/brutasse/graphite-api/tree/master/tests/test_render_glyph.py', 'tests.test_render_glyph', 'glyphStandaloneFunctionTest', 'test_dataLimits_drawNull_stacked')",0,,,,1
https://github.com/cantools/cantools/tree/master/cantools/subparsers/dump/formatting.py,"('https://github.com/cantools/cantools/tree/master/tests/test_dump.py', 'tests.test_dump', 'CanToolsDumpTest', 'test_message_layout')",3,,,,1
https://github.com/cantools/cantools/tree/master/cantools/subparsers/dump/formatting.py,"('https://github.com/cantools/cantools/tree/master/tests/test_dump.py', 'tests.test_dump', 'CanToolsDumpTest', 'test_message_layout_without_signal_names')",1,,,,1
https://github.com/cantools/cantools/tree/master/cantools/subparsers/dump/formatting.py,"('https://github.com/cantools/cantools/tree/master/tests/test_dump.py', 'tests.test_dump', 'CanToolsDumpTest', 'test_message_layout_without_signal_names')",2,,,,1
https://github.com/cantools/cantools/tree/master/cantools/subparsers/dump/formatting.py,"('https://github.com/cantools/cantools/tree/master/tests/test_dump.py', 'tests.test_dump', 'CanToolsDumpTest', 'test_message_layout_without_signal_names')",5,,,,1
https://github.com/capitalone/DataProfiler/tree/master/dataprofiler/labelers/data_processing.py,"('https://github.com/capitalone/DataProfiler/tree/master/dataprofiler/tests/labelers/test_data_processing.py', 'dataprofiler.tests.labelers.test_data_processing', 'TestStructRegexPostProcessor', 'test_set_parameters')",2,,,,1
https://github.com/chainer/chainerrl/tree/master/chainerrl/misc/async_.py,"('https://github.com/chainer/chainerrl/tree/master/tests/misc_tests/test_async.py', 'tests.misc_tests.test_async', 'TestAsync', 'test_run_async')",0,,,,1
https://github.com/cloud-custodian/cloud-custodian/tree/master/c7n/filters/iamaccess.py,"('https://github.com/cloud-custodian/cloud-custodian/tree/master/tests/test_iam.py', 'tests.test_iam', 'CrossAccountChecker', 'test_s3_policies')",11,,,,1
https://github.com/cloud-custodian/cloud-custodian/tree/master/c7n/filters/iamaccess.py,"('https://github.com/cloud-custodian/cloud-custodian/tree/master/tests/test_iam.py', 'tests.test_iam', 'CrossAccountChecker', 'test_sqs_policies')",7,,,,1
https://github.com/cloud-custodian/cloud-custodian/tree/master/c7n/filters/iamaccess.py,"('https://github.com/cloud-custodian/cloud-custodian/tree/master/tests/test_iam.py', 'tests.test_iam', 'CrossAccountChecker', 'test_s3_policies')",1,,,,1
https://github.com/cloud-custodian/cloud-custodian/tree/master/c7n/filters/iamaccess.py,"('https://github.com/cloud-custodian/cloud-custodian/tree/master/tests/test_iam.py', 'tests.test_iam', 'CrossAccountChecker', 'test_sqs_policies')",1,,,,1
https://github.com/cloud-custodian/cloud-custodian/tree/master/c7n/filters/iamaccess.py,"('https://github.com/cloud-custodian/cloud-custodian/tree/master/tests/test_iam.py', 'tests.test_iam', 'CrossAccountChecker', 'test_s3_policies_vpc')",9,,,,1
https://github.com/cloud-custodian/cloud-custodian/tree/master/c7n/filters/iamaccess.py,"('https://github.com/cloud-custodian/cloud-custodian/tree/master/tests/test_iam.py', 'tests.test_iam', 'CrossAccountChecker', 'test_s3_policies_vpc')",1,,,,1
https://github.com/cloud-custodian/cloud-custodian/tree/master/c7n/filters/iamaccess.py,"('https://github.com/cloud-custodian/cloud-custodian/tree/master/tests/test_iam.py', 'tests.test_iam', 'CrossAccountChecker', 'test_s3_policies')",2,,,,1
https://github.com/cloud-custodian/cloud-custodian/tree/master/c7n/filters/iamaccess.py,"('https://github.com/cloud-custodian/cloud-custodian/tree/master/tests/test_iam.py', 'tests.test_iam', 'CrossAccountChecker', 'test_s3_policies')",3,,,,1
https://github.com/cloud-custodian/cloud-custodian/tree/master/c7n/filters/iamaccess.py,"('https://github.com/cloud-custodian/cloud-custodian/tree/master/tests/test_iam.py', 'tests.test_iam', 'CrossAccountChecker', 'test_s3_policies')",6,,,,1
https://github.com/cloud-custodian/cloud-custodian/tree/master/c7n/filters/iamaccess.py,"('https://github.com/cloud-custodian/cloud-custodian/tree/master/tests/test_iam.py', 'tests.test_iam', 'CrossAccountChecker', 'test_s3_policies')",10,,,,1
https://github.com/cloudtools/troposphere/tree/master/troposphere/validators.py,"('https://github.com/cloudtools/troposphere/tree/master/tests/test_validators.py', 'tests.test_validators', 'TestValidators', 'test_mutually_exclusive')",0,,,,1
https://github.com/cloudtools/troposphere/tree/master/troposphere/validators.py,"('https://github.com/cloudtools/troposphere/tree/master/tests/test_validators.py', 'tests.test_validators', 'TestValidators', 'test_mutually_exclusive')",3,,,,1
https://github.com/cloudtools/troposphere/tree/master/troposphere/validators.py,"('https://github.com/cloudtools/troposphere/tree/master/tests/test_validators.py', 'tests.test_validators', 'TestValidators', 'test_mutually_exclusive')",1,,,,1
https://github.com/dulwich/dulwich/tree/master/dulwich/objectspec.py,"('https://github.com/dulwich/dulwich/tree/master/dulwich/tests/test_objectspec.py', 'dulwich.tests.test_objectspec', 'ParseReftuplesTests', 'test_full')",1,,,,1
https://github.com/dulwich/dulwich/tree/master/dulwich/pack.py,"('https://github.com/dulwich/dulwich/tree/master/dulwich/tests/test_pack.py', 'dulwich.tests.test_pack', 'DeltifyTests', 'test_simple_delta')",0,,,,1
https://github.com/dulwich/dulwich/tree/master/dulwich/pack.py,"('https://github.com/dulwich/dulwich/tree/master/dulwich/tests/test_pack.py', 'dulwich.tests.test_pack', 'DeltifyTests', 'test_single')",0,,,,1
https://github.com/eliben/pyelftools/tree/master/elftools/elf/elffile.py,"('https://github.com/eliben/pyelftools/tree/master/test/test_ehabi_elf.py', 'test.test_ehabi_elf', 'TestEHABIELF', 'test_parse_executable')",0,,,,1
https://github.com/eliben/pyelftools/tree/master/elftools/elf/elffile.py,"('https://github.com/eliben/pyelftools/tree/master/test/test_ehabi_elf.py', 'test.test_ehabi_elf', 'TestEHABIELF', 'test_parse_shared_library')",0,,,,1
https://github.com/gnebbia/kb/tree/master/kb/db.py,"('https://github.com/gnebbia/kb/tree/master/tests/test_db.py', 'tests.test_db', '', 'test_get_artifacts_by_filter')",2,,,,1
https://github.com/gnebbia/kb/tree/master/kb/db.py,"('https://github.com/gnebbia/kb/tree/master/tests/test_db.py', 'tests.test_db', '', 'test_get_artifacts_by_filter')",1,,,,1
https://github.com/gnebbia/kb/tree/master/kb/db.py,"('https://github.com/gnebbia/kb/tree/master/tests/test_db.py', 'tests.test_db', '', 'test_get_artifacts_by_filter')",0,1,,,
https://github.com/google/capirca/tree/master/tools/cgrep.py,"('https://github.com/google/capirca/tree/master/tests/lib/cgrep_test.py', 'tests.lib.cgrep_test', 'CgrepTest', 'test_group_diff')",0,,,,1
https://github.com/google/capirca/tree/master/tools/cgrep.py,"('https://github.com/google/capirca/tree/master/tests/lib/cgrep_test.py', 'tests.lib.cgrep_test', 'CgrepTest', 'test_group_diff_identical')",0,,,,1
https://github.com/google/TensorNetwork/tree/master/tensornetwork/network_components.py,"('https://github.com/google/TensorNetwork/tree/master/examples/fft/fft_test.py', 'examples.fft.fft_test', '', 'test_fft')",0,,,,1
https://github.com/gugarosa/opytimizer/tree/master/opytimizer/optimizers/swarm/kh.py,"('https://github.com/gugarosa/opytimizer/tree/master/tests/opytimizer/optimizers/swarm/test_kh.py', 'tests.opytimizer.optimizers.swarm.test_kh', '', 'test_kh_get_neighbours')",0,1,,,
https://github.com/HunterMcGushion/hyperparameter_hunter/tree/master/hyperparameter_hunter/space/space_core.py,"('https://github.com/HunterMcGushion/hyperparameter_hunter/tree/master/tests/test_space/test_skopt_space.py', 'tests.test_space.test_skopt_space', '', 'test_space_consistency')",111,,,,1
https://github.com/HunterMcGushion/hyperparameter_hunter/tree/master/hyperparameter_hunter/space/space_core.py,"('https://github.com/HunterMcGushion/hyperparameter_hunter/tree/master/tests/test_space/test_skopt_space.py', 'tests.test_space.test_skopt_space', '', 'test_space_consistency')",102,,,,1
https://github.com/HunterMcGushion/hyperparameter_hunter/tree/master/hyperparameter_hunter/space/space_core.py,"('https://github.com/HunterMcGushion/hyperparameter_hunter/tree/master/tests/test_space/test_skopt_space.py', 'tests.test_space.test_skopt_space', '', 'test_space_consistency')",124,,,,1
https://github.com/HunterMcGushion/hyperparameter_hunter/tree/master/hyperparameter_hunter/space/space_core.py,"('https://github.com/HunterMcGushion/hyperparameter_hunter/tree/master/tests/test_space/test_skopt_space.py', 'tests.test_space.test_skopt_space', '', 'test_space_consistency')",97,,,,1
https://github.com/HunterMcGushion/hyperparameter_hunter/tree/master/hyperparameter_hunter/space/space_core.py,"('https://github.com/HunterMcGushion/hyperparameter_hunter/tree/master/tests/test_space/test_skopt_space.py', 'tests.test_space.test_skopt_space', '', 'test_space_consistency')",80,,,,1
https://github.com/HunterMcGushion/hyperparameter_hunter/tree/master/hyperparameter_hunter/space/space_core.py,"('https://github.com/HunterMcGushion/hyperparameter_hunter/tree/master/tests/test_space/test_skopt_space.py', 'tests.test_space.test_skopt_space', '', 'test_space_consistency')",125,,,,1
https://github.com/HunterMcGushion/hyperparameter_hunter/tree/master/hyperparameter_hunter/space/space_core.py,"('https://github.com/HunterMcGushion/hyperparameter_hunter/tree/master/tests/test_space/test_skopt_space.py', 'tests.test_space.test_skopt_space', '', 'test_space_consistency')",12,,,,1
https://github.com/HunterMcGushion/hyperparameter_hunter/tree/master/hyperparameter_hunter/space/space_core.py,"('https://github.com/HunterMcGushion/hyperparameter_hunter/tree/master/tests/test_space/test_skopt_space.py', 'tests.test_space.test_skopt_space', '', 'test_space_consistency')",47,,,,1
https://github.com/HunterMcGushion/hyperparameter_hunter/tree/master/hyperparameter_hunter/space/space_core.py,"('https://github.com/HunterMcGushion/hyperparameter_hunter/tree/master/tests/test_space/test_skopt_space.py', 'tests.test_space.test_skopt_space', '', 'test_space_consistency')",135,1,,,
https://github.com/HunterMcGushion/hyperparameter_hunter/tree/master/hyperparameter_hunter/space/space_core.py,"('https://github.com/HunterMcGushion/hyperparameter_hunter/tree/master/tests/test_space/test_skopt_space.py', 'tests.test_space.test_skopt_space', '', 'test_space_consistency')",81,,,,1
https://github.com/HunterMcGushion/hyperparameter_hunter/tree/master/hyperparameter_hunter/space/space_core.py,"('https://github.com/HunterMcGushion/hyperparameter_hunter/tree/master/tests/test_space/test_skopt_space.py', 'tests.test_space.test_skopt_space', '', 'test_space_consistency')",2,,,,1
https://github.com/HunterMcGushion/hyperparameter_hunter/tree/master/hyperparameter_hunter/space/space_core.py,"('https://github.com/HunterMcGushion/hyperparameter_hunter/tree/master/tests/test_space/test_skopt_space.py', 'tests.test_space.test_skopt_space', '', 'test_space_consistency')",92,,,,1
https://github.com/HunterMcGushion/hyperparameter_hunter/tree/master/hyperparameter_hunter/space/space_core.py,"('https://github.com/HunterMcGushion/hyperparameter_hunter/tree/master/tests/test_space/test_skopt_space.py', 'tests.test_space.test_skopt_space', '', 'test_space_consistency')",110,,,,1
https://github.com/HunterMcGushion/hyperparameter_hunter/tree/master/hyperparameter_hunter/space/space_core.py,"('https://github.com/HunterMcGushion/hyperparameter_hunter/tree/master/tests/test_space/test_skopt_space.py', 'tests.test_space.test_skopt_space', '', 'test_space_consistency')",46,,,,1
https://github.com/HunterMcGushion/hyperparameter_hunter/tree/master/hyperparameter_hunter/space/space_core.py,"('https://github.com/HunterMcGushion/hyperparameter_hunter/tree/master/tests/test_space/test_skopt_space.py', 'tests.test_space.test_skopt_space', '', 'test_space_consistency')",133,,,,1
https://github.com/HunterMcGushion/hyperparameter_hunter/tree/master/hyperparameter_hunter/space/space_core.py,"('https://github.com/HunterMcGushion/hyperparameter_hunter/tree/master/tests/test_space/test_skopt_space.py', 'tests.test_space.test_skopt_space', '', 'test_space_consistency')",78,,,,1
https://github.com/HunterMcGushion/hyperparameter_hunter/tree/master/hyperparameter_hunter/space/space_core.py,"('https://github.com/HunterMcGushion/hyperparameter_hunter/tree/master/tests/test_space/test_skopt_space.py', 'tests.test_space.test_skopt_space', '', 'test_space_consistency')",35,,,,1
https://github.com/HunterMcGushion/hyperparameter_hunter/tree/master/hyperparameter_hunter/space/space_core.py,"('https://github.com/HunterMcGushion/hyperparameter_hunter/tree/master/tests/test_space/test_skopt_space.py', 'tests.test_space.test_skopt_space', '', 'test_space_consistency')",148,,,,1
https://github.com/HunterMcGushion/hyperparameter_hunter/tree/master/hyperparameter_hunter/space/space_core.py,"('https://github.com/HunterMcGushion/hyperparameter_hunter/tree/master/tests/test_space/test_skopt_space.py', 'tests.test_space.test_skopt_space', '', 'test_space_consistency')",56,,,,1
https://github.com/HunterMcGushion/hyperparameter_hunter/tree/master/hyperparameter_hunter/space/space_core.py,"('https://github.com/HunterMcGushion/hyperparameter_hunter/tree/master/tests/test_space/test_skopt_space.py', 'tests.test_space.test_skopt_space', '', 'test_space_consistency')",0,,,,1
https://github.com/HunterMcGushion/hyperparameter_hunter/tree/master/hyperparameter_hunter/space/space_core.py,"('https://github.com/HunterMcGushion/hyperparameter_hunter/tree/master/tests/test_space/test_skopt_space.py', 'tests.test_space.test_skopt_space', '', 'test_space_consistency')",7,,,,1
https://github.com/HunterMcGushion/hyperparameter_hunter/tree/master/hyperparameter_hunter/space/space_core.py,"('https://github.com/HunterMcGushion/hyperparameter_hunter/tree/master/tests/test_space/test_skopt_space.py', 'tests.test_space.test_skopt_space', '', 'test_space_consistency')",94,,,,1
https://github.com/HunterMcGushion/hyperparameter_hunter/tree/master/hyperparameter_hunter/space/space_core.py,"('https://github.com/HunterMcGushion/hyperparameter_hunter/tree/master/tests/test_space/test_skopt_space.py', 'tests.test_space.test_skopt_space', '', 'test_space_consistency')",86,,,,1
https://github.com/HunterMcGushion/hyperparameter_hunter/tree/master/hyperparameter_hunter/space/space_core.py,"('https://github.com/HunterMcGushion/hyperparameter_hunter/tree/master/tests/test_space/test_skopt_space.py', 'tests.test_space.test_skopt_space', '', 'test_space_consistency')",91,,,,1
https://github.com/HunterMcGushion/hyperparameter_hunter/tree/master/hyperparameter_hunter/space/space_core.py,"('https://github.com/HunterMcGushion/hyperparameter_hunter/tree/master/tests/test_space/test_skopt_space.py', 'tests.test_space.test_skopt_space', '', 'test_space_consistency')",32,,,,1
https://github.com/HunterMcGushion/hyperparameter_hunter/tree/master/hyperparameter_hunter/space/space_core.py,"('https://github.com/HunterMcGushion/hyperparameter_hunter/tree/master/tests/test_space/test_skopt_space.py', 'tests.test_space.test_skopt_space', '', 'test_space_consistency')",130,,,,1
https://github.com/HunterMcGushion/hyperparameter_hunter/tree/master/hyperparameter_hunter/space/space_core.py,"('https://github.com/HunterMcGushion/hyperparameter_hunter/tree/master/tests/test_space/test_skopt_space.py', 'tests.test_space.test_skopt_space', '', 'test_space_consistency')",139,,,,1
https://github.com/HunterMcGushion/hyperparameter_hunter/tree/master/hyperparameter_hunter/space/space_core.py,"('https://github.com/HunterMcGushion/hyperparameter_hunter/tree/master/tests/test_space/test_skopt_space.py', 'tests.test_space.test_skopt_space', '', 'test_space_consistency')",45,,,,1
https://github.com/HunterMcGushion/hyperparameter_hunter/tree/master/hyperparameter_hunter/space/space_core.py,"('https://github.com/HunterMcGushion/hyperparameter_hunter/tree/master/tests/test_space/test_skopt_space.py', 'tests.test_space.test_skopt_space', '', 'test_space_consistency')",22,,,,1
https://github.com/HunterMcGushion/hyperparameter_hunter/tree/master/hyperparameter_hunter/space/space_core.py,"('https://github.com/HunterMcGushion/hyperparameter_hunter/tree/master/tests/test_space/test_skopt_space.py', 'tests.test_space.test_skopt_space', '', 'test_space_consistency')",147,,,,1
https://github.com/HunterMcGushion/hyperparameter_hunter/tree/master/hyperparameter_hunter/space/space_core.py,"('https://github.com/HunterMcGushion/hyperparameter_hunter/tree/master/tests/test_space/test_skopt_space.py', 'tests.test_space.test_skopt_space', '', 'test_space_consistency')",60,,,,1
https://github.com/HunterMcGushion/hyperparameter_hunter/tree/master/hyperparameter_hunter/space/space_core.py,"('https://github.com/HunterMcGushion/hyperparameter_hunter/tree/master/tests/test_space/test_skopt_space.py', 'tests.test_space.test_skopt_space', '', 'test_space_consistency')",24,,,,1
https://github.com/HunterMcGushion/hyperparameter_hunter/tree/master/hyperparameter_hunter/space/space_core.py,"('https://github.com/HunterMcGushion/hyperparameter_hunter/tree/master/tests/test_space/test_skopt_space.py', 'tests.test_space.test_skopt_space', '', 'test_space_consistency')",69,,,,1
https://github.com/HunterMcGushion/hyperparameter_hunter/tree/master/hyperparameter_hunter/space/space_core.py,"('https://github.com/HunterMcGushion/hyperparameter_hunter/tree/master/tests/test_space/test_skopt_space.py', 'tests.test_space.test_skopt_space', '', 'test_space_consistency')",65,,,,1
https://github.com/HunterMcGushion/hyperparameter_hunter/tree/master/hyperparameter_hunter/space/space_core.py,"('https://github.com/HunterMcGushion/hyperparameter_hunter/tree/master/tests/test_space/test_skopt_space.py', 'tests.test_space.test_skopt_space', '', 'test_space_consistency')",89,,,,1
https://github.com/HunterMcGushion/hyperparameter_hunter/tree/master/hyperparameter_hunter/space/space_core.py,"('https://github.com/HunterMcGushion/hyperparameter_hunter/tree/master/tests/test_space/test_skopt_space.py', 'tests.test_space.test_skopt_space', '', 'test_space_consistency')",14,,,,1
https://github.com/HunterMcGushion/hyperparameter_hunter/tree/master/hyperparameter_hunter/space/space_core.py,"('https://github.com/HunterMcGushion/hyperparameter_hunter/tree/master/tests/test_space/test_skopt_space.py', 'tests.test_space.test_skopt_space', '', 'test_space_consistency')",75,,,,1
https://github.com/HunterMcGushion/hyperparameter_hunter/tree/master/hyperparameter_hunter/space/space_core.py,"('https://github.com/HunterMcGushion/hyperparameter_hunter/tree/master/tests/test_space/test_skopt_space.py', 'tests.test_space.test_skopt_space', '', 'test_space_consistency')",142,,,,1
https://github.com/HunterMcGushion/hyperparameter_hunter/tree/master/hyperparameter_hunter/space/space_core.py,"('https://github.com/HunterMcGushion/hyperparameter_hunter/tree/master/tests/test_space/test_skopt_space.py', 'tests.test_space.test_skopt_space', '', 'test_space_consistency')",136,,,,1
https://github.com/HunterMcGushion/hyperparameter_hunter/tree/master/hyperparameter_hunter/space/space_core.py,"('https://github.com/HunterMcGushion/hyperparameter_hunter/tree/master/tests/test_space/test_skopt_space.py', 'tests.test_space.test_skopt_space', '', 'test_space_consistency')",138,,,,1
https://github.com/HunterMcGushion/hyperparameter_hunter/tree/master/hyperparameter_hunter/space/space_core.py,"('https://github.com/HunterMcGushion/hyperparameter_hunter/tree/master/tests/test_space/test_skopt_space.py', 'tests.test_space.test_skopt_space', '', 'test_space_consistency')",96,,,,1
https://github.com/HunterMcGushion/hyperparameter_hunter/tree/master/hyperparameter_hunter/space/space_core.py,"('https://github.com/HunterMcGushion/hyperparameter_hunter/tree/master/tests/test_space/test_skopt_space.py', 'tests.test_space.test_skopt_space', '', 'test_space_consistency')",27,,,,1
https://github.com/HunterMcGushion/hyperparameter_hunter/tree/master/hyperparameter_hunter/space/space_core.py,"('https://github.com/HunterMcGushion/hyperparameter_hunter/tree/master/tests/test_space/test_skopt_space.py', 'tests.test_space.test_skopt_space', '', 'test_space_consistency')",105,1,,,
https://github.com/HunterMcGushion/hyperparameter_hunter/tree/master/hyperparameter_hunter/space/space_core.py,"('https://github.com/HunterMcGushion/hyperparameter_hunter/tree/master/tests/test_space/test_skopt_space.py', 'tests.test_space.test_skopt_space', '', 'test_space_consistency')",112,,,,1
https://github.com/HunterMcGushion/hyperparameter_hunter/tree/master/hyperparameter_hunter/space/space_core.py,"('https://github.com/HunterMcGushion/hyperparameter_hunter/tree/master/tests/test_space/test_skopt_space.py', 'tests.test_space.test_skopt_space', '', 'test_space_consistency')",3,,,,1
https://github.com/HunterMcGushion/hyperparameter_hunter/tree/master/hyperparameter_hunter/space/space_core.py,"('https://github.com/HunterMcGushion/hyperparameter_hunter/tree/master/tests/test_space/test_skopt_space.py', 'tests.test_space.test_skopt_space', '', 'test_space_consistency')",118,,,,1
https://github.com/HunterMcGushion/hyperparameter_hunter/tree/master/hyperparameter_hunter/space/space_core.py,"('https://github.com/HunterMcGushion/hyperparameter_hunter/tree/master/tests/test_space/test_skopt_space.py', 'tests.test_space.test_skopt_space', '', 'test_space_consistency')",40,,,,1
https://github.com/HunterMcGushion/hyperparameter_hunter/tree/master/hyperparameter_hunter/space/space_core.py,"('https://github.com/HunterMcGushion/hyperparameter_hunter/tree/master/tests/test_space/test_skopt_space.py', 'tests.test_space.test_skopt_space', '', 'test_space_consistency')",9,,,,1
https://github.com/HunterMcGushion/hyperparameter_hunter/tree/master/hyperparameter_hunter/space/space_core.py,"('https://github.com/HunterMcGushion/hyperparameter_hunter/tree/master/tests/test_space/test_skopt_space.py', 'tests.test_space.test_skopt_space', '', 'test_space_consistency')",140,,,,1
https://github.com/HunterMcGushion/hyperparameter_hunter/tree/master/hyperparameter_hunter/space/space_core.py,"('https://github.com/HunterMcGushion/hyperparameter_hunter/tree/master/tests/test_space/test_skopt_space.py', 'tests.test_space.test_skopt_space', '', 'test_space_consistency')",144,,,,1
https://github.com/HunterMcGushion/hyperparameter_hunter/tree/master/hyperparameter_hunter/space/space_core.py,"('https://github.com/HunterMcGushion/hyperparameter_hunter/tree/master/tests/test_space/test_skopt_space.py', 'tests.test_space.test_skopt_space', '', 'test_space_consistency')",49,,,,1
https://github.com/HunterMcGushion/hyperparameter_hunter/tree/master/hyperparameter_hunter/space/space_core.py,"('https://github.com/HunterMcGushion/hyperparameter_hunter/tree/master/tests/test_space/test_skopt_space.py', 'tests.test_space.test_skopt_space', '', 'test_space_consistency')",99,,,,1
https://github.com/HunterMcGushion/hyperparameter_hunter/tree/master/hyperparameter_hunter/space/space_core.py,"('https://github.com/HunterMcGushion/hyperparameter_hunter/tree/master/tests/test_space/test_skopt_space.py', 'tests.test_space.test_skopt_space', '', 'test_space_consistency')",28,,,,1
https://github.com/HunterMcGushion/hyperparameter_hunter/tree/master/hyperparameter_hunter/space/space_core.py,"('https://github.com/HunterMcGushion/hyperparameter_hunter/tree/master/tests/test_space/test_skopt_space.py', 'tests.test_space.test_skopt_space', '', 'test_space_consistency')",26,,,,1
https://github.com/HunterMcGushion/hyperparameter_hunter/tree/master/hyperparameter_hunter/space/space_core.py,"('https://github.com/HunterMcGushion/hyperparameter_hunter/tree/master/tests/test_space/test_skopt_space.py', 'tests.test_space.test_skopt_space', '', 'test_space_consistency')",126,,,,1
https://github.com/HunterMcGushion/hyperparameter_hunter/tree/master/hyperparameter_hunter/space/space_core.py,"('https://github.com/HunterMcGushion/hyperparameter_hunter/tree/master/tests/test_space/test_skopt_space.py', 'tests.test_space.test_skopt_space', '', 'test_space_consistency')",5,,,,1
https://github.com/HunterMcGushion/hyperparameter_hunter/tree/master/hyperparameter_hunter/space/space_core.py,"('https://github.com/HunterMcGushion/hyperparameter_hunter/tree/master/tests/test_space/test_skopt_space.py', 'tests.test_space.test_skopt_space', '', 'test_space_consistency')",55,,,,1
https://github.com/HunterMcGushion/hyperparameter_hunter/tree/master/hyperparameter_hunter/space/space_core.py,"('https://github.com/HunterMcGushion/hyperparameter_hunter/tree/master/tests/test_space/test_skopt_space.py', 'tests.test_space.test_skopt_space', '', 'test_space_consistency')",4,,,,1
https://github.com/HunterMcGushion/hyperparameter_hunter/tree/master/hyperparameter_hunter/space/space_core.py,"('https://github.com/HunterMcGushion/hyperparameter_hunter/tree/master/tests/test_space/test_skopt_space.py', 'tests.test_space.test_skopt_space', '', 'test_space_consistency')",13,,,,1
https://github.com/HunterMcGushion/hyperparameter_hunter/tree/master/hyperparameter_hunter/space/space_core.py,"('https://github.com/HunterMcGushion/hyperparameter_hunter/tree/master/tests/test_space/test_skopt_space.py', 'tests.test_space.test_skopt_space', '', 'test_space_consistency')",33,,,,1
https://github.com/HunterMcGushion/hyperparameter_hunter/tree/master/hyperparameter_hunter/space/space_core.py,"('https://github.com/HunterMcGushion/hyperparameter_hunter/tree/master/tests/test_space/test_skopt_space.py', 'tests.test_space.test_skopt_space', '', 'test_space_consistency')",71,,,,1
https://github.com/HunterMcGushion/hyperparameter_hunter/tree/master/hyperparameter_hunter/space/space_core.py,"('https://github.com/HunterMcGushion/hyperparameter_hunter/tree/master/tests/test_space/test_skopt_space.py', 'tests.test_space.test_skopt_space', '', 'test_space_consistency')",48,,,,1
https://github.com/idealo/imagededup/tree/master/imagededup/utils/general_utils.py,"('https://github.com/idealo/imagededup/tree/master/tests/test_general_utils.py', 'tests.test_general_utils', '', 'test_correct_saving_floats')",0,,,,1
https://github.com/indigo-dc/udocker/tree/master/udocker/container/structure.py,"('https://github.com/indigo-dc/udocker/tree/master/tests/unit/test_containerstructure.py', 'tests.unit.test_containerstructure', 'ContainerStructureTestCase', 'test_05__dict_to_list')",0,,,,1
https://github.com/indigo-dc/udocker/tree/master/udocker/engine/fakechroot.py,"('https://github.com/indigo-dc/udocker/tree/master/tests/unit/test_fakechroot.py', 'tests.unit.test_fakechroot', 'FakechrootEngineTestCase', 'test_05__get_volume_bindings')",0,1,,,
https://github.com/indigo-dc/udocker/tree/master/udocker/utils/uenv.py,"('https://github.com/indigo-dc/udocker/tree/master/tests/unit/test_uenv.py', 'tests.unit.test_uenv', 'UenvTestCase', 'test_12_list')",0,,,,1
https://github.com/inducer/pudb/tree/master/pudb/settings.py,"('https://github.com/inducer/pudb/tree/master/test/test_settings.py', 'test.test_settings', '', 'test_load_breakpoints')",0,,,,1
https://github.com/in-toto/in-toto/tree/master/in_toto/common_args.py,"('https://github.com/in-toto/in-toto/tree/master/tests/test_common_args.py', 'tests.test_common_args', 'TestArgparseActionGroupHelpers', 'test_sort_action_groups')",1,1,,,
https://github.com/in-toto/in-toto/tree/master/in_toto/common_args.py,"('https://github.com/in-toto/in-toto/tree/master/tests/test_common_args.py', 'tests.test_common_args', 'TestArgparseActionGroupHelpers', 'test_sort_action_groups')",0,1,,,
https://github.com/in-toto/in-toto/tree/master/in_toto/rulelib.py,"('https://github.com/in-toto/in-toto/tree/master/tests/test_rulelib.py', 'tests.test_rulelib', 'TestArtifactRuleUnpack', 'test_unpack_match_rule_wrong_length')",2,,,,1
https://github.com/in-toto/in-toto/tree/master/in_toto/rulelib.py,"('https://github.com/in-toto/in-toto/tree/master/tests/test_verifylib.py', 'tests.test_verifylib', 'TestVerifyMatchRule', 'test_verify_match_rule')",11,,,,1
https://github.com/in-toto/in-toto/tree/master/in_toto/rulelib.py,"('https://github.com/in-toto/in-toto/tree/master/tests/test_verifylib.py', 'tests.test_verifylib', 'TestVerifyMatchRule', 'test_verify_match_rule')",19,,,,1
https://github.com/in-toto/in-toto/tree/master/in_toto/rulelib.py,"('https://github.com/in-toto/in-toto/tree/master/tests/test_verifylib.py', 'tests.test_verifylib', 'TestVerifyMatchRule', 'test_verify_match_rule')",0,,,,1
https://github.com/in-toto/in-toto/tree/master/in_toto/rulelib.py,"('https://github.com/in-toto/in-toto/tree/master/tests/test_rulelib.py', 'tests.test_rulelib', 'TestArtifactRuleUnpack', 'test_unpack_generic_rule_too_long')",0,,,,1
https://github.com/in-toto/in-toto/tree/master/in_toto/rulelib.py,"('https://github.com/in-toto/in-toto/tree/master/tests/test_verifylib.py', 'tests.test_verifylib', 'TestVerifyMatchRule', 'test_verify_match_rule')",10,,,,1
https://github.com/in-toto/in-toto/tree/master/in_toto/rulelib.py,"('https://github.com/in-toto/in-toto/tree/master/tests/test_verifylib.py', 'tests.test_verifylib', 'TestVerifyMatchRule', 'test_verify_match_rule')",8,,,,1
https://github.com/in-toto/in-toto/tree/master/in_toto/rulelib.py,"('https://github.com/in-toto/in-toto/tree/master/tests/test_verifylib.py', 'tests.test_verifylib', 'TestVerifyMatchRule', 'test_verify_match_rule')",22,,,,1
https://github.com/in-toto/in-toto/tree/master/in_toto/rulelib.py,"('https://github.com/in-toto/in-toto/tree/master/tests/test_verifylib.py', 'tests.test_verifylib', 'TestVerifyMatchRule', 'test_verify_match_rule')",21,,,,1
https://github.com/in-toto/in-toto/tree/master/in_toto/rulelib.py,"('https://github.com/in-toto/in-toto/tree/master/tests/test_rulelib.py', 'tests.test_rulelib', 'TestArtifactRuleUnpack', 'test_unpack_and_pack_generic_rule')",1,,,,1
https://github.com/in-toto/in-toto/tree/master/in_toto/rulelib.py,"('https://github.com/in-toto/in-toto/tree/master/tests/test_rulelib.py', 'tests.test_rulelib', 'TestArtifactRuleUnpack', 'test_unpack_and_pack_generic_rule')",0,,,,1
https://github.com/in-toto/in-toto/tree/master/in_toto/runlib.py,"('https://github.com/in-toto/in-toto/tree/master/tests/test_runlib.py', 'tests.test_runlib', 'TestRecordArtifactsAsDict', 'test_record_dot_check_files_hash_dict_schema')",0,,,,1
https://github.com/in-toto/in-toto/tree/master/in_toto/runlib.py,"('https://github.com/in-toto/in-toto/tree/master/tests/test_runlib.py', 'tests.test_runlib', 'TestRecordArtifactsAsDict', 'test_record_symlinked_files')",0,,,,1
https://github.com/in-toto/in-toto/tree/master/in_toto/runlib.py,"('https://github.com/in-toto/in-toto/tree/master/tests/test_runlib.py', 'tests.test_runlib', 'TestRecordArtifactsAsDict', 'test_bad_artifact_exclude_patterns_setting')",2,,,,1
https://github.com/in-toto/in-toto/tree/master/in_toto/runlib.py,"('https://github.com/in-toto/in-toto/tree/master/tests/test_runlib.py', 'tests.test_runlib', 'TestRecordArtifactsAsDict', 'test_base_path_is_parent_dir')",1,,,,1
https://github.com/in-toto/in-toto/tree/master/in_toto/runlib.py,"('https://github.com/in-toto/in-toto/tree/master/tests/test_runlib.py', 'tests.test_runlib', 'TestRecordArtifactsAsDict', 'test_lstrip_paths_valid_unicode_prefix_file')",0,,,,1
https://github.com/in-toto/in-toto/tree/master/in_toto/runlib.py,"('https://github.com/in-toto/in-toto/tree/master/tests/test_runlib.py', 'tests.test_runlib', 'TestRecordArtifactsAsDict', 'test_exclude_patterns')",3,,,,1
https://github.com/in-toto/in-toto/tree/master/in_toto/runlib.py,"('https://github.com/in-toto/in-toto/tree/master/tests/test_runlib.py', 'tests.test_runlib', 'TestRecordArtifactsAsDict', 'test_lstrip_paths_non_unique_key_file')",0,,,,1
https://github.com/in-toto/in-toto/tree/master/in_toto/runlib.py,"('https://github.com/in-toto/in-toto/tree/master/tests/test_runlib.py', 'tests.test_runlib', 'TestRecordArtifactsAsDict', 'test_exclude_patterns')",1,,,,1
https://github.com/in-toto/in-toto/tree/master/in_toto/runlib.py,"('https://github.com/in-toto/in-toto/tree/master/tests/test_runlib.py', 'tests.test_runlib', 'TestRecordArtifactsAsDict', 'test_lstrip_paths_valid_prefix_directory')",0,,,,1
https://github.com/in-toto/in-toto/tree/master/in_toto/verifylib.py,"('https://github.com/in-toto/in-toto/tree/master/tests/test_param_substitution.py', 'tests.test_param_substitution', 'Test_SubstituteArtifacts', 'test_substitute')",0,,,,1
https://github.com/in-toto/in-toto/tree/master/in_toto/verifylib.py,"('https://github.com/in-toto/in-toto/tree/master/tests/test_param_substitution.py', 'tests.test_param_substitution', 'Test_SubstituteArtifacts', 'test_substitute')",0,,,,1
https://github.com/kellyjonbrazil/jc/tree/master/jc/parsers/csv_s.py,"('https://github.com/kellyjonbrazil/jc/tree/master/tests/test_csv_s.py', 'tests.test_csv_s', 'MyTests', 'test_csv_s_deniro')",0,,1,,
https://github.com/kellyjonbrazil/jc/tree/master/jc/parsers/csv_s.py,"('https://github.com/kellyjonbrazil/jc/tree/master/tests/test_csv_s.py', 'tests.test_csv_s', 'MyTests', 'test_csv_s_flyrna2')",0,,1,,
https://github.com/kellyjonbrazil/jc/tree/master/jc/parsers/csv_s.py,"('https://github.com/kellyjonbrazil/jc/tree/master/tests/test_csv_s.py', 'tests.test_csv_s', 'MyTests', 'test_csv_unparsable')",0,,1,,
https://github.com/kellyjonbrazil/jc/tree/master/jc/parsers/csv_s.py,"('https://github.com/kellyjonbrazil/jc/tree/master/tests/test_csv_s.py', 'tests.test_csv_s', 'MyTests', 'test_csv_s_cities')",0,,1,,
https://github.com/kellyjonbrazil/jc/tree/master/jc/parsers/csv.py,"('https://github.com/kellyjonbrazil/jc/tree/master/tests/test_csv.py', 'tests.test_csv', 'MyTests', 'test_csv_biostats')",0,,,1,
https://github.com/kellyjonbrazil/jc/tree/master/jc/parsers/csv.py,"('https://github.com/kellyjonbrazil/jc/tree/master/tests/test_csv.py', 'tests.test_csv', 'MyTests', 'test_csv_deniro')",0,,,1,
https://github.com/kellyjonbrazil/jc/tree/master/jc/parsers/csv.py,"('https://github.com/kellyjonbrazil/jc/tree/master/tests/test_csv.py', 'tests.test_csv', 'MyTests', 'test_csv_insurance')",0,,,1,
https://github.com/kellyjonbrazil/jc/tree/master/jc/parsers/csv.py,"('https://github.com/kellyjonbrazil/jc/tree/master/tests/test_csv.py', 'tests.test_csv', 'MyTests', 'test_csv_cities')",0,,,1,
https://github.com/kellyjonbrazil/jc/tree/master/jc/parsers/csv.py,"('https://github.com/kellyjonbrazil/jc/tree/master/tests/test_csv.py', 'tests.test_csv', 'MyTests', 'test_csv_flyrna2')",0,,,1,
https://github.com/kellyjonbrazil/jc/tree/master/jc/parsers/pip_list.py,"('https://github.com/kellyjonbrazil/jc/tree/master/tests/test_pip_list.py', 'tests.test_pip_list', 'MyTests', 'test_pip_list_legacy_ubuntu_18_4')",0,,,,1
https://github.com/kellyjonbrazil/jc/tree/master/jc/parsers/systemctl_luf.py,"('https://github.com/kellyjonbrazil/jc/tree/master/tests/test_systemctl_luf.py', 'tests.test_systemctl_luf', 'MyTests', 'test_systemctl_luf_ubuntu_18_4')",0,,,,1
https://github.com/maqp/tfc/tree/master/src/common/reed_solomon.py,"('https://github.com/maqp/tfc/tree/master/tests/common/test_reed_solomon.py', 'tests.common.test_reed_solomon', 'TestReedSolomon', 'test_check')",3,,,,1
https://github.com/maqp/tfc/tree/master/src/common/reed_solomon.py,"('https://github.com/maqp/tfc/tree/master/tests/common/test_reed_solomon.py', 'tests.common.test_reed_solomon', 'TestReedSolomon', 'test_check')",5,,,,1
https://github.com/metabrainz/picard/tree/master/picard/config_upgrade.py,"('https://github.com/metabrainz/picard/tree/master/test/test_config_upgrade.py', 'test.test_config_upgrade', 'TestPicardConfigUpgrades', 'test_upgrade_to_v1_4_0_dev_3')",0,,,,1
https://github.com/metabrainz/picard/tree/master/picard/releasegroup.py,"('https://github.com/metabrainz/picard/tree/master/test/test_releaseversions.py', 'test.test_releaseversions', 'ReleaseTest', 'test_3')",1,,,,1
https://github.com/metabrainz/picard/tree/master/picard/releasegroup.py,"('https://github.com/metabrainz/picard/tree/master/test/test_releaseversions.py', 'test.test_releaseversions', 'ReleaseTest', 'test_2')",1,,1,,
https://github.com/metabrainz/picard/tree/master/picard/releasegroup.py,"('https://github.com/metabrainz/picard/tree/master/test/test_releaseversions.py', 'test.test_releaseversions', 'ReleaseTest', 'test_1')",1,,1,,
https://github.com/metabrainz/picard/tree/master/picard/releasegroup.py,"('https://github.com/metabrainz/picard/tree/master/test/test_releaseversions.py', 'test.test_releaseversions', 'ReleaseTest', 'test_2')",0,,1,,
https://github.com/micropython/micropython-lib/tree/master/python-stdlib/fnmatch/fnmatch.py,"('https://github.com/micropython/micropython-lib/tree/master/python-stdlib/fnmatch/test_fnmatch.py', 'python-stdlib.fnmatch.test_fnmatch', 'FilterTestCase', 'test_filter')",0,,,,1
https://github.com/networkx/networkx/tree/master/networkx/algorithms/coloring/equitable_coloring.py,"('https://github.com/networkx/networkx/tree/master/networkx/algorithms/coloring/tests/test_coloring.py', 'networkx.algorithms.coloring.tests.test_coloring', 'TestColoring', 'test_hardest_prob')",1,,,,1
https://github.com/networkx/networkx/tree/master/networkx/algorithms/coloring/equitable_coloring.py,"('https://github.com/networkx/networkx/tree/master/networkx/algorithms/coloring/tests/test_coloring.py', 'networkx.algorithms.coloring.tests.test_coloring', 'TestColoring', 'test_hardest_prob')",2,,,,1
https://github.com/networkx/networkx/tree/master/networkx/algorithms/coloring/equitable_coloring.py,"('https://github.com/networkx/networkx/tree/master/networkx/algorithms/coloring/tests/test_coloring.py', 'networkx.algorithms.coloring.tests.test_coloring', 'TestColoring', 'test_hard_prob')",4,,,,1
https://github.com/networkx/networkx/tree/master/networkx/algorithms/coloring/equitable_coloring.py,"('https://github.com/networkx/networkx/tree/master/networkx/algorithms/coloring/tests/test_coloring.py', 'networkx.algorithms.coloring.tests.test_coloring', 'TestColoring', 'test_case_V_plus_not_in_A_cal')",2,1,,,
https://github.com/networkx/networkx/tree/master/networkx/algorithms/coloring/equitable_coloring.py,"('https://github.com/networkx/networkx/tree/master/networkx/algorithms/coloring/tests/test_coloring.py', 'networkx.algorithms.coloring.tests.test_coloring', 'TestColoring', 'test_hard_prob')",0,,1,,
https://github.com/networkx/networkx/tree/master/networkx/algorithms/coloring/equitable_coloring.py,"('https://github.com/networkx/networkx/tree/master/networkx/algorithms/coloring/tests/test_coloring.py', 'networkx.algorithms.coloring.tests.test_coloring', 'TestColoring', 'test_hardest_prob')",9,,,,1
https://github.com/networkx/networkx/tree/master/networkx/algorithms/coloring/equitable_coloring.py,"('https://github.com/networkx/networkx/tree/master/networkx/algorithms/coloring/tests/test_coloring.py', 'networkx.algorithms.coloring.tests.test_coloring', 'TestColoring', 'test_case_V_plus_not_in_A_cal')",0,1,,,
https://github.com/networkx/networkx/tree/master/networkx/algorithms/coloring/equitable_coloring.py,"('https://github.com/networkx/networkx/tree/master/networkx/algorithms/coloring/tests/test_coloring.py', 'networkx.algorithms.coloring.tests.test_coloring', 'TestColoring', 'test_cast_no_solo')",3,,,,1
https://github.com/networkx/networkx/tree/master/networkx/readwrite/json_graph/adjacency.py,"('https://github.com/networkx/networkx/tree/master/networkx/readwrite/json_graph/tests/test_adjacency.py', 'networkx.readwrite.json_graph.tests.test_adjacency', 'TestAdjacency', 'test_multigraph')",1,,,,1
https://github.com/OmkarPathak/pygorithm/tree/master/pygorithm/greedy_algorithm/fractional_knapsack.py,"('https://github.com/OmkarPathak/pygorithm/tree/master/tests/test_greedy_algorithm.py', 'tests.test_greedy_algorithm', 'TestFractionalKnapsack', 'test_fractional_knapsack')",0,,,,1
https://github.com/OmkarPathak/pygorithm/tree/master/pygorithm/strings/anagram.py,"('https://github.com/OmkarPathak/pygorithm/tree/master/tests/test_string.py', 'tests.test_string', 'TestAnagram', 'test_anagram')",0,,,,1
https://github.com/pfnet/pfrl/tree/master/pfrl/utils/async_.py,"('https://github.com/pfnet/pfrl/tree/master/tests/utils_tests/test_async.py', 'tests.utils_tests.test_async', 'TestAsync', 'test_run_async')",0,,,,1
https://github.com/pydicom/pydicom/tree/master/pydicom/dataset.py,"('https://github.com/pydicom/pydicom/tree/master/pydicom/tests/test_dataset.py', 'pydicom.tests.test_dataset', 'TestDatasetElements', 'test_validate_and_correct_file_meta')",0,,,,1
https://github.com/pydoit/doit/tree/master/doit/cmd_completion.py,"('https://github.com/pydoit/doit/tree/master/tests/test_cmd_completion.py', 'tests.test_cmd_completion', 'TestCmdCompletionZsh', 'test_cmd_arg_list')",0,1,,,
https://github.com/python-mechanize/mechanize/tree/master/mechanize/_response.py,"('https://github.com/python-mechanize/mechanize/tree/master/test/test_response.py', 'test.test_response', 'DocTests', 'test_upgrade_response')",0,1,,,
https://github.com/python-mechanize/mechanize/tree/master/mechanize/_response.py,"('https://github.com/python-mechanize/mechanize/tree/master/test/test_response.py', 'test.test_response', 'DocTests', 'test_upgrade_response')",1,1,,,
https://github.com/python-mechanize/mechanize/tree/master/mechanize/_response.py,"('https://github.com/python-mechanize/mechanize/tree/master/test/test_response.py', 'test.test_response', 'DocTests', 'test_upgrade_response')",3,1,,,
https://github.com/python-mechanize/mechanize/tree/master/mechanize/_response.py,"('https://github.com/python-mechanize/mechanize/tree/master/test/test_response.py', 'test.test_response', 'DocTests', 'test_upgrade_response')",4,1,,,
https://github.com/quantumlib/OpenFermion/tree/master/src/openfermion/chem/molecular_data.py,"('https://github.com/quantumlib/OpenFermion/tree/master/src/openfermion/third_party/representability/constraints/spin_orbital_2pos_constraints_test.py', 'src.openfermion.third_party.representability.constraints.spin_orbital_2pos_constraints_test', '', 'test_d2_to_g2')",0,,,,1
https://github.com/quantumlib/OpenFermion/tree/master/src/openfermion/chem/molecular_data.py,"('https://github.com/quantumlib/OpenFermion/tree/master/src/openfermion/chem/molecular_data_test.py', 'src.openfermion.chem.molecular_data_test', 'MolecularDataTest', 'test_dummy_save')",0,,,,1
https://github.com/quantumlib/OpenFermion/tree/master/src/openfermion/circuits/trotter_exp_to_qgates.py,"('https://github.com/quantumlib/OpenFermion/tree/master/src/openfermion/circuits/trotter_exp_to_qgates_test.py', 'src.openfermion.circuits.trotter_exp_to_qgates_test', 'TrottQasmTest', 'test_trott_ordering_3rd_ord')",0,,,,1
https://github.com/quantumlib/OpenFermion/tree/master/src/openfermion/ops/operators/binary_polynomial.py,"('https://github.com/quantumlib/OpenFermion/tree/master/src/openfermion/ops/operators/binary_polynomial_test.py', 'src.openfermion.ops.operators.binary_polynomial_test', 'BinaryPolynomialTest', 'test_shift')",1,,,,1
https://github.com/quantumlib/OpenFermion/tree/master/src/openfermion/transforms/repconversions/qubit_tapering_from_stabilizer.py,"('https://github.com/quantumlib/OpenFermion/tree/master/src/openfermion/transforms/repconversions/qubit_tapering_from_stabilizer_test.py', 'src.openfermion.transforms.repconversions.qubit_tapering_from_stabilizer_test', 'TaperingTest', 'test_tapering_qubits_manual_input')",9,,,,1
https://github.com/quantumlib/OpenFermion/tree/master/src/openfermion/transforms/repconversions/qubit_tapering_from_stabilizer.py,"('https://github.com/quantumlib/OpenFermion/tree/master/src/openfermion/transforms/repconversions/qubit_tapering_from_stabilizer_test.py', 'src.openfermion.transforms.repconversions.qubit_tapering_from_stabilizer_test', 'TaperingTest', 'test_tapering_qubits_manual_input_false')",0,,,,1
https://github.com/quantumlib/OpenFermion/tree/master/src/openfermion/transforms/repconversions/qubit_tapering_from_stabilizer.py,"('https://github.com/quantumlib/OpenFermion/tree/master/src/openfermion/transforms/repconversions/qubit_tapering_from_stabilizer_test.py', 'src.openfermion.transforms.repconversions.qubit_tapering_from_stabilizer_test', 'TaperingTest', 'test_tapering_qubits_manual_input')",10,,,,1
https://github.com/quantumlib/OpenFermion/tree/master/src/openfermion/transforms/repconversions/qubit_tapering_from_stabilizer.py,"('https://github.com/quantumlib/OpenFermion/tree/master/src/openfermion/transforms/repconversions/qubit_tapering_from_stabilizer_test.py', 'src.openfermion.transforms.repconversions.qubit_tapering_from_stabilizer_test', 'TaperingTest', 'test_tapering_qubits_manual_input_false')",5,,,,1
https://github.com/quantumlib/OpenFermion/tree/master/src/openfermion/transforms/repconversions/qubit_tapering_from_stabilizer.py,"('https://github.com/quantumlib/OpenFermion/tree/master/src/openfermion/transforms/repconversions/qubit_tapering_from_stabilizer_test.py', 'src.openfermion.transforms.repconversions.qubit_tapering_from_stabilizer_test', 'TaperingTest', 'test_tapering_qubits_remove_positions')",6,,,,1
https://github.com/quantumlib/OpenFermion/tree/master/src/openfermion/transforms/repconversions/qubit_tapering_from_stabilizer.py,"('https://github.com/quantumlib/OpenFermion/tree/master/src/openfermion/transforms/repconversions/qubit_tapering_from_stabilizer_test.py', 'src.openfermion.transforms.repconversions.qubit_tapering_from_stabilizer_test', 'TaperingTest', 'test_tapering_qubits_manual_input')",7,,,,1
https://github.com/quantumlib/OpenFermion/tree/master/src/openfermion/transforms/repconversions/qubit_tapering_from_stabilizer.py,"('https://github.com/quantumlib/OpenFermion/tree/master/src/openfermion/transforms/repconversions/qubit_tapering_from_stabilizer_test.py', 'src.openfermion.transforms.repconversions.qubit_tapering_from_stabilizer_test', 'TaperingTest', 'test_tapering_qubits_manual_input_false')",1,,,,1
https://github.com/quantumlib/OpenFermion/tree/master/src/openfermion/transforms/repconversions/qubit_tapering_from_stabilizer.py,"('https://github.com/quantumlib/OpenFermion/tree/master/src/openfermion/transforms/repconversions/qubit_tapering_from_stabilizer_test.py', 'src.openfermion.transforms.repconversions.qubit_tapering_from_stabilizer_test', 'TaperingTest', 'test_tapering_qubits_manual_input')",12,,,,1
https://github.com/quantumlib/OpenFermion/tree/master/src/openfermion/transforms/repconversions/qubit_tapering_from_stabilizer.py,"('https://github.com/quantumlib/OpenFermion/tree/master/src/openfermion/transforms/repconversions/qubit_tapering_from_stabilizer_test.py', 'src.openfermion.transforms.repconversions.qubit_tapering_from_stabilizer_test', 'TaperingTest', 'test_tapering_qubits_remove_positions')",0,,,,1
https://github.com/quantumlib/OpenFermion/tree/master/src/openfermion/transforms/repconversions/qubit_tapering_from_stabilizer.py,"('https://github.com/quantumlib/OpenFermion/tree/master/src/openfermion/transforms/repconversions/qubit_tapering_from_stabilizer_test.py', 'src.openfermion.transforms.repconversions.qubit_tapering_from_stabilizer_test', 'TaperingTest', 'test_tapering_qubits_manual_input_false')",3,,,,1
https://github.com/quantumlib/OpenFermion/tree/master/src/openfermion/transforms/repconversions/qubit_tapering_from_stabilizer.py,"('https://github.com/quantumlib/OpenFermion/tree/master/src/openfermion/transforms/repconversions/qubit_tapering_from_stabilizer_test.py', 'src.openfermion.transforms.repconversions.qubit_tapering_from_stabilizer_test', 'TaperingTest', 'test_tapering_qubits_remove_positions')",4,,,,1
https://github.com/rasbt/mlxtend/tree/master/mlxtend/evaluate/confusion_matrix.py,"('https://github.com/rasbt/mlxtend/tree/master/mlxtend/evaluate/tests/test_confusion_matrix.py', 'mlxtend.evaluate.tests.test_confusion_matrix', '', 'test_multiclass')",0,,,,1
https://github.com/readbeyond/aeneas/tree/master/aeneas/globalfunctions.py,"('https://github.com/readbeyond/aeneas/tree/master/aeneas/tests/test_globalfunctions.py', 'aeneas.tests.test_globalfunctions', 'TestGlobalFunctions', 'test_config_xml_to_dict_task')",1,1,,,
https://github.com/readbeyond/aeneas/tree/master/aeneas/globalfunctions.py,"('https://github.com/readbeyond/aeneas/tree/master/aeneas/tests/test_globalfunctions.py', 'aeneas.tests.test_globalfunctions', 'TestGlobalFunctions', 'test_config_xml_to_dict_job')",6,,,,1
https://github.com/readbeyond/aeneas/tree/master/aeneas/globalfunctions.py,"('https://github.com/readbeyond/aeneas/tree/master/aeneas/tests/test_globalfunctions.py', 'aeneas.tests.test_globalfunctions', 'TestGlobalFunctions', 'test_config_xml_to_dict_job')",3,,,,1
https://github.com/readbeyond/aeneas/tree/master/aeneas/globalfunctions.py,"('https://github.com/readbeyond/aeneas/tree/master/aeneas/tests/test_globalfunctions.py', 'aeneas.tests.test_globalfunctions', 'TestGlobalFunctions', 'test_config_xml_to_dict_job')",5,,,,1
https://github.com/readbeyond/aeneas/tree/master/aeneas/globalfunctions.py,"('https://github.com/readbeyond/aeneas/tree/master/aeneas/tests/test_globalfunctions.py', 'aeneas.tests.test_globalfunctions', 'TestGlobalFunctions', 'test_config_xml_to_dict_job')",0,1,,,
https://github.com/rlabbe/filterpy/tree/master/filterpy/kalman/UKF.py,"('https://github.com/rlabbe/filterpy/tree/master/filterpy/kalman/tests/test_ckf.py', 'filterpy.kalman.tests.test_ckf', '', 'test_1d')",21,,,1,
https://github.com/rlabbe/filterpy/tree/master/filterpy/kalman/UKF.py,"('https://github.com/rlabbe/filterpy/tree/master/filterpy/kalman/tests/test_ckf.py', 'filterpy.kalman.tests.test_ckf', '', 'test_1d')",17,,,1,
https://github.com/rlabbe/filterpy/tree/master/filterpy/kalman/UKF.py,"('https://github.com/rlabbe/filterpy/tree/master/filterpy/kalman/tests/test_ckf.py', 'filterpy.kalman.tests.test_ckf', '', 'test_1d')",40,,,1,
https://github.com/rlabbe/filterpy/tree/master/filterpy/kalman/UKF.py,"('https://github.com/rlabbe/filterpy/tree/master/filterpy/kalman/tests/test_ckf.py', 'filterpy.kalman.tests.test_ckf', '', 'test_1d')",4,,,1,
https://github.com/rlabbe/filterpy/tree/master/filterpy/kalman/UKF.py,"('https://github.com/rlabbe/filterpy/tree/master/filterpy/kalman/tests/test_ckf.py', 'filterpy.kalman.tests.test_ckf', '', 'test_1d')",34,,,1,
https://github.com/rlabbe/filterpy/tree/master/filterpy/kalman/UKF.py,"('https://github.com/rlabbe/filterpy/tree/master/filterpy/kalman/tests/test_ckf.py', 'filterpy.kalman.tests.test_ckf', '', 'test_1d')",15,,,1,
https://github.com/rlabbe/filterpy/tree/master/filterpy/kalman/UKF.py,"('https://github.com/rlabbe/filterpy/tree/master/filterpy/kalman/tests/test_ckf.py', 'filterpy.kalman.tests.test_ckf', '', 'test_1d')",45,,,1,
https://github.com/rlabbe/filterpy/tree/master/filterpy/kalman/UKF.py,"('https://github.com/rlabbe/filterpy/tree/master/filterpy/kalman/tests/test_ckf.py', 'filterpy.kalman.tests.test_ckf', '', 'test_1d')",37,,,1,
https://github.com/rlabbe/filterpy/tree/master/filterpy/kalman/UKF.py,"('https://github.com/rlabbe/filterpy/tree/master/filterpy/kalman/tests/test_ckf.py', 'filterpy.kalman.tests.test_ckf', '', 'test_1d')",11,,,1,
https://github.com/rlabbe/filterpy/tree/master/filterpy/kalman/UKF.py,"('https://github.com/rlabbe/filterpy/tree/master/filterpy/kalman/tests/test_ckf.py', 'filterpy.kalman.tests.test_ckf', '', 'test_1d')",5,,,1,
https://github.com/rlabbe/filterpy/tree/master/filterpy/kalman/UKF.py,"('https://github.com/rlabbe/filterpy/tree/master/filterpy/kalman/tests/test_ckf.py', 'filterpy.kalman.tests.test_ckf', '', 'test_1d')",43,,,1,
https://github.com/rlabbe/filterpy/tree/master/filterpy/kalman/UKF.py,"('https://github.com/rlabbe/filterpy/tree/master/filterpy/kalman/tests/test_ckf.py', 'filterpy.kalman.tests.test_ckf', '', 'test_1d')",28,,,1,
https://github.com/rlabbe/filterpy/tree/master/filterpy/kalman/UKF.py,"('https://github.com/rlabbe/filterpy/tree/master/filterpy/kalman/tests/test_ckf.py', 'filterpy.kalman.tests.test_ckf', '', 'test_1d')",12,,,1,
https://github.com/rlabbe/filterpy/tree/master/filterpy/kalman/UKF.py,"('https://github.com/rlabbe/filterpy/tree/master/filterpy/kalman/tests/test_ckf.py', 'filterpy.kalman.tests.test_ckf', '', 'test_1d')",39,,,1,
https://github.com/rlabbe/filterpy/tree/master/filterpy/kalman/UKF.py,"('https://github.com/rlabbe/filterpy/tree/master/filterpy/kalman/tests/test_ckf.py', 'filterpy.kalman.tests.test_ckf', '', 'test_1d')",2,,,1,
https://github.com/rlabbe/filterpy/tree/master/filterpy/kalman/UKF.py,"('https://github.com/rlabbe/filterpy/tree/master/filterpy/kalman/tests/test_ckf.py', 'filterpy.kalman.tests.test_ckf', '', 'test_1d')",23,,,1,
https://github.com/rlabbe/filterpy/tree/master/filterpy/kalman/UKF.py,"('https://github.com/rlabbe/filterpy/tree/master/filterpy/kalman/tests/test_ckf.py', 'filterpy.kalman.tests.test_ckf', '', 'test_1d')",0,,,1,
https://github.com/rlabbe/filterpy/tree/master/filterpy/kalman/UKF.py,"('https://github.com/rlabbe/filterpy/tree/master/filterpy/kalman/tests/test_ckf.py', 'filterpy.kalman.tests.test_ckf', '', 'test_1d')",47,,,1,
https://github.com/rlabbe/filterpy/tree/master/filterpy/kalman/UKF.py,"('https://github.com/rlabbe/filterpy/tree/master/filterpy/kalman/tests/test_ckf.py', 'filterpy.kalman.tests.test_ckf', '', 'test_1d')",25,,,1,
https://github.com/rlabbe/filterpy/tree/master/filterpy/kalman/UKF.py,"('https://github.com/rlabbe/filterpy/tree/master/filterpy/kalman/tests/test_ckf.py', 'filterpy.kalman.tests.test_ckf', '', 'test_1d')",29,,,1,
https://github.com/rlabbe/filterpy/tree/master/filterpy/kalman/UKF.py,"('https://github.com/rlabbe/filterpy/tree/master/filterpy/kalman/tests/test_ckf.py', 'filterpy.kalman.tests.test_ckf', '', 'test_1d')",31,,,1,
https://github.com/salesforce/policy_sentry/tree/master/policy_sentry/util/arns.py,"('https://github.com/salesforce/policy_sentry/tree/master/test/util/test_arns.py', 'test.util.test_arns', 'ArnsTestCase', 'test_dynamodb_arn_matching_gh_215')",8,,1,,
https://github.com/salesforce/policy_sentry/tree/master/policy_sentry/util/arns.py,"('https://github.com/salesforce/policy_sentry/tree/master/test/util/test_arns.py', 'test.util.test_arns', 'ArnsTestCase', 'test_does_arn_match_rds')",14,,1,,
https://github.com/salesforce/policy_sentry/tree/master/policy_sentry/util/arns.py,"('https://github.com/salesforce/policy_sentry/tree/master/test/util/test_arns.py', 'test.util.test_arns', 'ArnPathTestCase', 'test_ssm_paths')",1,1,,,
https://github.com/salesforce/policy_sentry/tree/master/policy_sentry/util/arns.py,"('https://github.com/salesforce/policy_sentry/tree/master/test/util/test_arns.py', 'test.util.test_arns', 'ArnsTestCase', 'test_dynamodb_arn_matching_gh_215')",9,1,,,
https://github.com/salesforce/policy_sentry/tree/master/policy_sentry/util/arns.py,"('https://github.com/salesforce/policy_sentry/tree/master/test/util/test_arns.py', 'test.util.test_arns', 'ArnsTestCase', 'test_does_arn_match_rds')",8,1,,,
https://github.com/salesforce/policy_sentry/tree/master/policy_sentry/util/arns.py,"('https://github.com/salesforce/policy_sentry/tree/master/test/writing/test_write_policy_library_usage.py', 'test.writing.test_write_policy_library_usage', 'WritePolicyWithLibraryOnly', 'test_gh_237_ssm_arns_with_paths')",0,1,,,
https://github.com/salesforce/policy_sentry/tree/master/policy_sentry/util/arns.py,"('https://github.com/salesforce/policy_sentry/tree/master/test/writing/test_write_policy_library_usage.py', 'test.writing.test_write_policy_library_usage', 'WritePolicyWithLibraryOnly', 'test_gh_237_ssm_arns_with_paths')",0,1,,,
https://github.com/salesforce/policy_sentry/tree/master/policy_sentry/util/arns.py,"('https://github.com/salesforce/policy_sentry/tree/master/test/util/test_arns.py', 'test.util.test_arns', 'ArnsTestCase', 'test_does_arn_match_rds')",12,1,,,
https://github.com/salesforce/policy_sentry/tree/master/policy_sentry/util/arns.py,"('https://github.com/salesforce/policy_sentry/tree/master/test/util/test_arns.py', 'test.util.test_arns', 'ArnsTestCase', 'test_does_arn_match_rds')",16,1,,,
https://github.com/salesforce/policy_sentry/tree/master/policy_sentry/util/arns.py,"('https://github.com/salesforce/policy_sentry/tree/master/test/util/test_arns.py', 'test.util.test_arns', 'ArnsTestCase', 'test_does_arn_match_rds')",2,1,,,
https://github.com/salesforce/policy_sentry/tree/master/policy_sentry/util/arns.py,"('https://github.com/salesforce/policy_sentry/tree/master/test/util/test_arns.py', 'test.util.test_arns', 'ArnsTestCase', 'test_dynamodb_arn_matching_gh_215')",2,1,,,
https://github.com/salesforce/policy_sentry/tree/master/policy_sentry/util/arns.py,"('https://github.com/salesforce/policy_sentry/tree/master/test/util/test_arns.py', 'test.util.test_arns', 'ArnsTestCase', 'test_does_arn_match_rds')",0,1,,,
https://github.com/salesforce/policy_sentry/tree/master/policy_sentry/util/arns.py,"('https://github.com/salesforce/policy_sentry/tree/master/test/util/test_arns.py', 'test.util.test_arns', 'ArnPathTestCase', 'test_ssm_paths')",0,1,,,
https://github.com/salesforce/policy_sentry/tree/master/policy_sentry/util/arns.py,"('https://github.com/salesforce/policy_sentry/tree/master/test/util/test_arns.py', 'test.util.test_arns', 'ArnsTestCase', 'test_dynamodb_arn_matching_gh_215')",2,1,,,
https://github.com/salesforce/policy_sentry/tree/master/policy_sentry/util/arns.py,"('https://github.com/salesforce/policy_sentry/tree/master/test/util/test_arns.py', 'test.util.test_arns', 'ArnsTestCase', 'test_does_arn_match_rds')",15,1,,,
https://github.com/salesforce/policy_sentry/tree/master/policy_sentry/util/arns.py,"('https://github.com/salesforce/policy_sentry/tree/master/test/util/test_arns.py', 'test.util.test_arns', 'ArnsTestCase', 'test_dynamodb_arn_matching_gh_215')",6,,1,,
https://github.com/salesforce/policy_sentry/tree/master/policy_sentry/util/arns.py,"('https://github.com/salesforce/policy_sentry/tree/master/test/util/test_arns.py', 'test.util.test_arns', 'ArnsTestCase', 'test_does_arn_match_case_2')",0,1,,,
https://github.com/salesforce/policy_sentry/tree/master/policy_sentry/util/arns.py,"('https://github.com/salesforce/policy_sentry/tree/master/test/util/test_arns.py', 'test.util.test_arns', 'ArnsTestCase', 'test_dynamodb_arn_matching_gh_215')",1,1,,,
https://github.com/salesforce/policy_sentry/tree/master/policy_sentry/util/arns.py,"('https://github.com/salesforce/policy_sentry/tree/master/test/util/test_arns.py', 'test.util.test_arns', 'ArnsTestCase', 'test_dynamodb_arn_matching_gh_215')",3,1,,,
https://github.com/salesforce/policy_sentry/tree/master/policy_sentry/util/arns.py,"('https://github.com/salesforce/policy_sentry/tree/master/test/util/test_arns.py', 'test.util.test_arns', 'ArnsTestCase', 'test_does_arn_match_case_greengrass')",0,1,,,
https://github.com/salesforce/policy_sentry/tree/master/policy_sentry/util/arns.py,"('https://github.com/salesforce/policy_sentry/tree/master/test/util/test_arns.py', 'test.util.test_arns', 'ArnsTestCase', 'test_does_arn_match_case_1')",0,1,,,
https://github.com/salesforce/policy_sentry/tree/master/policy_sentry/util/arns.py,"('https://github.com/salesforce/policy_sentry/tree/master/test/util/test_arns.py', 'test.util.test_arns', 'ArnsTestCase', 'test_does_arn_match_rds')",7,,1,,
https://github.com/salesforce/policy_sentry/tree/master/policy_sentry/util/arns.py,"('https://github.com/salesforce/policy_sentry/tree/master/test/util/test_arns.py', 'test.util.test_arns', 'ArnsTestCase', 'test_does_arn_match_rds')",6,,1,,
https://github.com/salesforce/policy_sentry/tree/master/policy_sentry/util/arns.py,"('https://github.com/salesforce/policy_sentry/tree/master/test/util/test_arns.py', 'test.util.test_arns', 'ArnsTestCase', 'test_does_arn_match_rds')",0,1,,,
https://github.com/salesforce/policy_sentry/tree/master/policy_sentry/util/arns.py,"('https://github.com/salesforce/policy_sentry/tree/master/test/util/test_arns.py', 'test.util.test_arns', 'ArnsTestCase', 'test_does_arn_match_rds')",4,1,,,
https://github.com/sethblack/python-seo-analyzer/tree/master/seoanalyzer/page.py,"('https://github.com/sethblack/python-seo-analyzer/tree/master/tests/test_page.py', 'tests.test_page', '', 'test_analyze')",0,,,,1
https://github.com/spencerdodd/kernelpop/tree/master/src/kernelpop.py,"('https://github.com/spencerdodd/kernelpop/tree/master/test/test_get_kernel_version.py', 'test.test_get_kernel_version', 'TestGetKernelVersion', 'test_kali_1')",0,1,,,
https://github.com/sql-machine-learning/elasticdl/tree/master/elasticdl_client/common/args.py,"('https://github.com/sql-machine-learning/elasticdl/tree/master/elasticdl_client/tests/args_test.py', 'elasticdl_client.tests.args_test', 'ArgsTest', 'test_wrap_python_args_with_string')",0,,,,1
https://github.com/Stiivi/bubbles/tree/master/bubbles/operation.py,"('https://github.com/Stiivi/bubbles/tree/master/tests/test_core.py', 'tests.test_core', 'OperationTestCase', 'test_prototype')",0,,,,1
https://github.com/TabViewer/tabview/tree/master/tabview/tabview.py,"('https://github.com/TabViewer/tabview/tree/master/test/test_tabview.py', 'test.test_tabview', 'TestTabviewUnits', 'test_tabview_file_annotated_comment')",1,,,1,
https://github.com/TomasTomecek/sen/tree/master/sen/tui/widgets/table.py,"('https://github.com/TomasTomecek/sen/tree/master/tests/test_widgets.py', 'tests.test_widgets', '', 'test_assemble_rows_long_text')",2,1,,,
https://github.com/TomasTomecek/sen/tree/master/sen/tui/widgets/table.py,"('https://github.com/TomasTomecek/sen/tree/master/tests/test_widgets.py', 'tests.test_widgets', '', 'test_assemble_rows_long_text')",4,1,,,
https://github.com/TomasTomecek/sen/tree/master/sen/tui/widgets/table.py,"('https://github.com/TomasTomecek/sen/tree/master/tests/test_widgets.py', 'tests.test_widgets', '', 'test_assemble_rows_long_text')",0,1,,,
https://github.com/vinta/fuck-coding-interviews/tree/master/data_structures/graphs/adjacency_map_directed_weighted_graph.py,"('https://github.com/vinta/fuck-coding-interviews/tree/master/data_structures/graphs/tests/test_adjacency_map_directed_weighted_graph.py', 'data_structures.graphs.tests.test_adjacency_map_directed_weighted_graph', 'TestCase', 'test_find_minimum_spanning_tree_kruskal')",0,,,,1
https://github.com/vinta/fuck-coding-interviews/tree/master/data_structures/graphs/adjacency_map_directed_weighted_graph.py,"('https://github.com/vinta/fuck-coding-interviews/tree/master/data_structures/graphs/tests/test_adjacency_map_directed_weighted_graph.py', 'data_structures.graphs.tests.test_adjacency_map_directed_weighted_graph', 'TestCase', 'test_find_minimum_spanning_tree_kruskal')",1,,,,1
,,,40,13,27,173
,,,0.158102767,0.051383399,0.106719368,0.683794466
