file_html,test_me_inf,instance,R3,R4,R5
https://github.com/nccgroup/ScoutSuite/tree/master/ScoutSuite/core/fs.py,"('https://github.com/nccgroup/ScoutSuite/tree/master/tests/test_utils_fs.py', 'tests.test_utils_fs', 'TestOpinelFsClass', 'test_read_ip_ranges')",0,,,1
https://github.com/nccgroup/ScoutSuite/tree/master/ScoutSuite/core/fs.py,"('https://github.com/nccgroup/ScoutSuite/tree/master/tests/test_utils_fs.py', 'tests.test_utils_fs', 'TestOpinelFsClass', 'test_read_ip_ranges')",1,,,1
https://github.com/nccgroup/ScoutSuite/tree/master/ScoutSuite/core/fs.py,"('https://github.com/nccgroup/ScoutSuite/tree/master/tests/test_utils_fs.py', 'tests.test_utils_fs', 'TestOpinelFsClass', 'test_read_ip_ranges')",2,,,1
https://github.com/pythonarcade/arcade/tree/master/arcade/hitbox.py,"('https://github.com/pythonarcade/arcade/tree/master/tests/unit2/test_calculate_points.py', 'tests.unit2.test_calculate_points', '', 'test_empty_image')",0,,,1
https://github.com/pythonarcade/arcade/tree/master/arcade/hitbox.py,"('https://github.com/pythonarcade/arcade/tree/master/tests/unit2/test_calculate_points.py', 'tests.unit2.test_calculate_points', '', 'test_empty_image')",0,,,1
https://github.com/pythonarcade/arcade/tree/master/arcade/hitbox.py,"('https://github.com/pythonarcade/arcade/tree/master/tests/unit2/test_calculate_points.py', 'tests.unit2.test_calculate_points', '', 'test_empty_image')",0,,,1
https://github.com/pythonarcade/arcade/tree/master/arcade/hitbox.py,"('https://github.com/pythonarcade/arcade/tree/master/tests/unit2/test_calculate_points.py', 'tests.unit2.test_calculate_points', '', 'test_empty_image')",0,,,1
https://github.com/quora/asynq/tree/master/asynq/debug.py,"('https://github.com/quora/asynq/tree/master/asynq/tests/test_debug.py', 'asynq.tests.test_debug', '', 'test_filter_traceback')",0,,,1
https://github.com/quora/asynq/tree/master/asynq/debug.py,"('https://github.com/quora/asynq/tree/master/asynq/tests/test_debug.py', 'asynq.tests.test_debug', '', 'test_filter_traceback')",1,,,1
https://github.com/quora/asynq/tree/master/asynq/debug.py,"('https://github.com/quora/asynq/tree/master/asynq/tests/test_debug.py', 'asynq.tests.test_debug', '', 'test_filter_traceback')",2,,,1
https://github.com/quora/asynq/tree/master/asynq/debug.py,"('https://github.com/quora/asynq/tree/master/asynq/tests/test_debug.py', 'asynq.tests.test_debug', '', 'test_filter_traceback')",3,,,1
https://github.com/boto/boto3/tree/master/boto3/resources/model.py,"('https://github.com/boto/boto3/tree/master/tests/unit/resources/test_model.py', 'tests.unit.resources.test_model', 'TestRenaming', 'test_reference_beats_collection')",0,,,1
https://github.com/boto/boto3/tree/master/boto3/resources/model.py,"('https://github.com/boto/boto3/tree/master/tests/unit/resources/test_model.py', 'tests.unit.resources.test_model', 'TestRenaming', 'test_action_beats_reference')",0,,,1
https://github.com/boto/boto3/tree/master/boto3/resources/model.py,"('https://github.com/boto/boto3/tree/master/tests/unit/resources/test_model.py', 'tests.unit.resources.test_model', 'TestRenaming', 'test_collection_beats_waiter')",0,,,1
https://github.com/boto/boto3/tree/master/boto3/resources/model.py,"('https://github.com/boto/boto3/tree/master/tests/unit/resources/test_model.py', 'tests.unit.resources.test_model', 'TestRenaming', 'test_waiter_beats_attribute')",0,,,1
https://github.com/boto/boto3/tree/master/boto3/resources/model.py,"('https://github.com/boto/boto3/tree/master/tests/unit/resources/test_model.py', 'tests.unit.resources.test_model', 'TestRenaming', 'test_multiple')",0,,,1
https://github.com/tzutalin/labelImg/tree/master/libs/create_ml_io.py,"('https://github.com/tzutalin/labelImg/tree/master/tests/test_io.py', 'tests.test_io', 'TestCreateMLRW', 'test_a_write')",0,,,1
https://github.com/netaddr/netaddr/tree/master/netaddr/strategy/eui48.py,"('https://github.com/netaddr/netaddr/tree/master/netaddr/tests/strategy/test_eui48_strategy.py', 'netaddr.tests.strategy.test_eui48_strategy', '', 'test_strategy_eui48')",0,,,1
https://github.com/netaddr/netaddr/tree/master/netaddr/strategy/eui48.py,"('https://github.com/netaddr/netaddr/tree/master/netaddr/tests/strategy/test_eui48_strategy.py', 'netaddr.tests.strategy.test_eui48_strategy', '', 'test_strategy_eui48_alternate_dialect')",0,,,1
https://github.com/santinic/pampy/tree/master/pampy/pampy.py,"('https://github.com/santinic/pampy/tree/master/tests/test_dict.py', 'tests.test_dict', 'IterableTests', 'test_match_nested')",0,,,1
https://github.com/santinic/pampy/tree/master/pampy/pampy.py,"('https://github.com/santinic/pampy/tree/master/tests/test_dict.py', 'tests.test_dict', 'IterableTests', 'test_multi_underscore_ambiguous')",0,,,1
https://github.com/santinic/pampy/tree/master/pampy/pampy.py,"('https://github.com/santinic/pampy/tree/master/tests/test_dict.py', 'tests.test_dict', 'IterableTests', 'test_multi_underscore_ambiguous')",1,,,1
https://github.com/santinic/pampy/tree/master/pampy/pampy.py,"('https://github.com/santinic/pampy/tree/master/tests/test_dict.py', 'tests.test_dict', 'IterableTests', 'test_multi_underscore_ambiguous')",2,,,1
https://github.com/santinic/pampy/tree/master/pampy/pampy.py,"('https://github.com/santinic/pampy/tree/master/tests/test_dict.py', 'tests.test_dict', 'IterableTests', 'test_multi_underscore_ambiguous')",3,,,1
https://github.com/santinic/pampy/tree/master/pampy/pampy.py,"('https://github.com/santinic/pampy/tree/master/tests/test_dict.py', 'tests.test_dict', 'IterableTests', 'test_multi_underscore_ambiguous')",4,,,1
https://github.com/santinic/pampy/tree/master/pampy/pampy.py,"('https://github.com/santinic/pampy/tree/master/tests/test_dict.py', 'tests.test_dict', 'IterableTests', 'test_multi_underscore_ambiguous')",5,,,1
https://github.com/santinic/pampy/tree/master/pampy/pampy.py,"('https://github.com/santinic/pampy/tree/master/tests/test_dict.py', 'tests.test_dict', 'IterableTests', 'test_multi_underscore_ambiguous')",6,,,1
https://github.com/santinic/pampy/tree/master/pampy/pampy.py,"('https://github.com/santinic/pampy/tree/master/tests/test_dict.py', 'tests.test_dict', 'IterableTests', 'test_multi_underscore_ambiguous')",7,,,1
https://github.com/santinic/pampy/tree/master/pampy/pampy.py,"('https://github.com/santinic/pampy/tree/master/tests/test_dict.py', 'tests.test_dict', 'IterableTests', 'test_multi_underscore_ambiguous')",8,,,1
https://github.com/santinic/pampy/tree/master/pampy/pampy.py,"('https://github.com/santinic/pampy/tree/master/tests/test_dict.py', 'tests.test_dict', 'IterableTests', 'test_multi_underscore_ambiguous')",9,,,1
https://github.com/santinic/pampy/tree/master/pampy/pampy.py,"('https://github.com/santinic/pampy/tree/master/tests/test_dict.py', 'tests.test_dict', 'IterableTests', 'test_multi_underscore_ambiguous')",10,,,1
https://github.com/santinic/pampy/tree/master/pampy/pampy.py,"('https://github.com/santinic/pampy/tree/master/tests/test_dict.py', 'tests.test_dict', 'IterableTests', 'test_multi_underscore_ambiguous')",11,,,1
https://github.com/santinic/pampy/tree/master/pampy/pampy.py,"('https://github.com/santinic/pampy/tree/master/tests/test_dict.py', 'tests.test_dict', 'IterableTests', 'test_multi_underscore_ambiguous')",12,,,1
https://github.com/santinic/pampy/tree/master/pampy/pampy.py,"('https://github.com/santinic/pampy/tree/master/tests/test_dict.py', 'tests.test_dict', 'IterableTests', 'test_multi_underscore_ambiguous')",13,,,1
https://github.com/santinic/pampy/tree/master/pampy/pampy.py,"('https://github.com/santinic/pampy/tree/master/tests/test_dict.py', 'tests.test_dict', 'IterableTests', 'test_multi_underscore_ambiguous')",14,,,1
https://github.com/santinic/pampy/tree/master/pampy/pampy.py,"('https://github.com/santinic/pampy/tree/master/tests/test_dict.py', 'tests.test_dict', 'IterableTests', 'test_multi_underscore_ambiguous')",15,,,1
https://github.com/santinic/pampy/tree/master/pampy/pampy.py,"('https://github.com/santinic/pampy/tree/master/tests/test_dict.py', 'tests.test_dict', 'IterableTests', 'test_multi_underscore_ambiguous')",16,,,1
https://github.com/santinic/pampy/tree/master/pampy/pampy.py,"('https://github.com/santinic/pampy/tree/master/tests/test_dict.py', 'tests.test_dict', 'IterableTests', 'test_multi_underscore_ambiguous')",17,,,1
https://github.com/santinic/pampy/tree/master/pampy/pampy.py,"('https://github.com/santinic/pampy/tree/master/tests/test_dict.py', 'tests.test_dict', 'IterableTests', 'test_multi_underscore_ambiguous')",18,,,1
https://github.com/santinic/pampy/tree/master/pampy/pampy.py,"('https://github.com/santinic/pampy/tree/master/tests/test_dict.py', 'tests.test_dict', 'IterableTests', 'test_multi_underscore_ambiguous')",19,,,1
https://github.com/santinic/pampy/tree/master/pampy/pampy.py,"('https://github.com/santinic/pampy/tree/master/tests/test_dict.py', 'tests.test_dict', 'IterableTests', 'test_multi_underscore_ambiguous')",20,,,1
https://github.com/santinic/pampy/tree/master/pampy/pampy.py,"('https://github.com/santinic/pampy/tree/master/tests/test_dict.py', 'tests.test_dict', 'IterableTests', 'test_multi_underscore_ambiguous')",21,,,1
https://github.com/santinic/pampy/tree/master/pampy/pampy.py,"('https://github.com/santinic/pampy/tree/master/tests/test_dict.py', 'tests.test_dict', 'IterableTests', 'test_multi_underscore_ambiguous')",22,,,1
https://github.com/santinic/pampy/tree/master/pampy/pampy.py,"('https://github.com/santinic/pampy/tree/master/tests/test_dict.py', 'tests.test_dict', 'IterableTests', 'test_multi_underscore_ambiguous')",23,,,1
https://github.com/santinic/pampy/tree/master/pampy/pampy.py,"('https://github.com/santinic/pampy/tree/master/tests/test_dict.py', 'tests.test_dict', 'IterableTests', 'test_multi_underscore_ambiguous')",24,,,1
https://github.com/santinic/pampy/tree/master/pampy/pampy.py,"('https://github.com/santinic/pampy/tree/master/tests/test_dict.py', 'tests.test_dict', 'IterableTests', 'test_multi_underscore_ambiguous')",25,,,1
https://github.com/santinic/pampy/tree/master/pampy/pampy.py,"('https://github.com/santinic/pampy/tree/master/tests/test_dict.py', 'tests.test_dict', 'IterableTests', 'test_multi_underscore_ambiguous')",26,,,1
https://github.com/santinic/pampy/tree/master/pampy/pampy.py,"('https://github.com/santinic/pampy/tree/master/tests/test_dict.py', 'tests.test_dict', 'IterableTests', 'test_multi_underscore_ambiguous')",27,,,1
https://github.com/santinic/pampy/tree/master/pampy/pampy.py,"('https://github.com/santinic/pampy/tree/master/tests/test_dict.py', 'tests.test_dict', 'IterableTests', 'test_multi_underscore_ambiguous')",28,,,1
https://github.com/santinic/pampy/tree/master/pampy/pampy.py,"('https://github.com/santinic/pampy/tree/master/tests/test_dict.py', 'tests.test_dict', 'IterableTests', 'test_multi_underscore_ambiguous')",29,,,1
https://github.com/santinic/pampy/tree/master/pampy/pampy.py,"('https://github.com/santinic/pampy/tree/master/tests/test_dict.py', 'tests.test_dict', 'IterableTests', 'test_multi_underscore_ambiguous')",30,,,1
https://github.com/santinic/pampy/tree/master/pampy/pampy.py,"('https://github.com/santinic/pampy/tree/master/tests/test_dict.py', 'tests.test_dict', 'IterableTests', 'test_multi_underscore_ambiguous')",31,,,1
https://github.com/santinic/pampy/tree/master/pampy/pampy.py,"('https://github.com/santinic/pampy/tree/master/tests/test_dict.py', 'tests.test_dict', 'IterableTests', 'test_multi_underscore_ambiguous')",32,,,1
https://github.com/santinic/pampy/tree/master/pampy/pampy.py,"('https://github.com/santinic/pampy/tree/master/tests/test_dict.py', 'tests.test_dict', 'IterableTests', 'test_multi_underscore_ambiguous')",33,,,1
https://github.com/santinic/pampy/tree/master/pampy/pampy.py,"('https://github.com/santinic/pampy/tree/master/tests/test_dict.py', 'tests.test_dict', 'IterableTests', 'test_multi_underscore_ambiguous')",34,,,1
https://github.com/santinic/pampy/tree/master/pampy/pampy.py,"('https://github.com/santinic/pampy/tree/master/tests/test_dict.py', 'tests.test_dict', 'IterableTests', 'test_multi_underscore_ambiguous')",35,,,1
https://github.com/santinic/pampy/tree/master/pampy/pampy.py,"('https://github.com/santinic/pampy/tree/master/tests/test_dict.py', 'tests.test_dict', 'IterableTests', 'test_multi_underscore_ambiguous')",36,,,1
https://github.com/santinic/pampy/tree/master/pampy/pampy.py,"('https://github.com/santinic/pampy/tree/master/tests/test_dict.py', 'tests.test_dict', 'IterableTests', 'test_multi_underscore_ambiguous')",37,,,1
https://github.com/santinic/pampy/tree/master/pampy/pampy.py,"('https://github.com/santinic/pampy/tree/master/tests/test_dict.py', 'tests.test_dict', 'IterableTests', 'test_multi_underscore_ambiguous')",38,,,1
https://github.com/santinic/pampy/tree/master/pampy/pampy.py,"('https://github.com/santinic/pampy/tree/master/tests/test_dict.py', 'tests.test_dict', 'IterableTests', 'test_multi_underscore_ambiguous')",39,,,1
https://github.com/santinic/pampy/tree/master/pampy/pampy.py,"('https://github.com/santinic/pampy/tree/master/tests/test_dict.py', 'tests.test_dict', 'IterableTests', 'test_match_dict_ordering')",0,,,1
https://github.com/santinic/pampy/tree/master/pampy/pampy.py,"('https://github.com/santinic/pampy/tree/master/tests/test_dict.py', 'tests.test_dict', 'IterableTests', 'test_match_dict_ordering')",1,,,1
https://github.com/santinic/pampy/tree/master/pampy/pampy.py,"('https://github.com/santinic/pampy/tree/master/tests/test_dict.py', 'tests.test_dict', 'IterableTests', 'test_match_dict_ordering')",2,,,1
https://github.com/santinic/pampy/tree/master/pampy/pampy.py,"('https://github.com/santinic/pampy/tree/master/tests/test_dict.py', 'tests.test_dict', 'IterableTests', 'test_match_dict_ordering')",3,,,1
https://github.com/santinic/pampy/tree/master/pampy/pampy.py,"('https://github.com/santinic/pampy/tree/master/tests/test_dict.py', 'tests.test_dict', 'IterableTests', 'test_match_dict_ordering')",4,,,1
https://github.com/santinic/pampy/tree/master/pampy/pampy.py,"('https://github.com/santinic/pampy/tree/master/tests/test_dict.py', 'tests.test_dict', 'IterableTests', 'test_match_dict_ordering')",5,,,1
https://github.com/santinic/pampy/tree/master/pampy/pampy.py,"('https://github.com/santinic/pampy/tree/master/tests/test_dict.py', 'tests.test_dict', 'IterableTests', 'test_match_dict_ordering')",6,,,1
https://github.com/santinic/pampy/tree/master/pampy/pampy.py,"('https://github.com/santinic/pampy/tree/master/tests/test_dict.py', 'tests.test_dict', 'IterableTests', 'test_match_dict_ordering')",7,,,1
https://github.com/santinic/pampy/tree/master/pampy/pampy.py,"('https://github.com/santinic/pampy/tree/master/tests/test_dict.py', 'tests.test_dict', 'IterableTests', 'test_match_dict_ordering')",8,,,1
https://github.com/santinic/pampy/tree/master/pampy/pampy.py,"('https://github.com/santinic/pampy/tree/master/tests/test_dict.py', 'tests.test_dict', 'IterableTests', 'test_match_dict_ordering')",9,,,1
https://github.com/santinic/pampy/tree/master/pampy/pampy.py,"('https://github.com/santinic/pampy/tree/master/tests/test_dict.py', 'tests.test_dict', 'IterableTests', 'test_match_dict_ordering')",10,,,1
https://github.com/santinic/pampy/tree/master/pampy/pampy.py,"('https://github.com/santinic/pampy/tree/master/tests/test_dict.py', 'tests.test_dict', 'IterableTests', 'test_match_dict_ordering')",11,,,1
https://github.com/santinic/pampy/tree/master/pampy/pampy.py,"('https://github.com/santinic/pampy/tree/master/tests/test_dict.py', 'tests.test_dict', 'IterableTests', 'test_match_dict_ordering')",12,,,1
https://github.com/santinic/pampy/tree/master/pampy/pampy.py,"('https://github.com/santinic/pampy/tree/master/tests/test_dict.py', 'tests.test_dict', 'IterableTests', 'test_match_dict_ordering')",13,,,1
https://github.com/santinic/pampy/tree/master/pampy/pampy.py,"('https://github.com/santinic/pampy/tree/master/tests/test_dict.py', 'tests.test_dict', 'IterableTests', 'test_match_dict_ordering')",14,,,1
https://github.com/santinic/pampy/tree/master/pampy/pampy.py,"('https://github.com/santinic/pampy/tree/master/tests/test_dict.py', 'tests.test_dict', 'IterableTests', 'test_match_dict_ordering')",15,,,1
https://github.com/santinic/pampy/tree/master/pampy/pampy.py,"('https://github.com/santinic/pampy/tree/master/tests/test_dict.py', 'tests.test_dict', 'IterableTests', 'test_match_dict_ordering')",16,,,1
https://github.com/santinic/pampy/tree/master/pampy/pampy.py,"('https://github.com/santinic/pampy/tree/master/tests/test_dict.py', 'tests.test_dict', 'IterableTests', 'test_match_dict_ordering')",17,,,1
https://github.com/santinic/pampy/tree/master/pampy/pampy.py,"('https://github.com/santinic/pampy/tree/master/tests/test_dict.py', 'tests.test_dict', 'IterableTests', 'test_match_dict_ordering')",18,,,1
https://github.com/santinic/pampy/tree/master/pampy/pampy.py,"('https://github.com/santinic/pampy/tree/master/tests/test_dict.py', 'tests.test_dict', 'IterableTests', 'test_match_dict_ordering')",19,,,1
https://github.com/santinic/pampy/tree/master/pampy/pampy.py,"('https://github.com/santinic/pampy/tree/master/tests/test_dict.py', 'tests.test_dict', 'IterableTests', 'test_match_dict_ordering')",20,,,1
https://github.com/santinic/pampy/tree/master/pampy/pampy.py,"('https://github.com/santinic/pampy/tree/master/tests/test_dict.py', 'tests.test_dict', 'IterableTests', 'test_match_dict_ordering')",21,,,1
https://github.com/santinic/pampy/tree/master/pampy/pampy.py,"('https://github.com/santinic/pampy/tree/master/tests/test_dict.py', 'tests.test_dict', 'IterableTests', 'test_match_dict_ordering')",22,,,1
https://github.com/santinic/pampy/tree/master/pampy/pampy.py,"('https://github.com/santinic/pampy/tree/master/tests/test_dict.py', 'tests.test_dict', 'IterableTests', 'test_match_dict_ordering')",23,,,1
https://github.com/santinic/pampy/tree/master/pampy/pampy.py,"('https://github.com/santinic/pampy/tree/master/tests/test_dict.py', 'tests.test_dict', 'IterableTests', 'test_match_dict_ordering')",24,,,1
https://github.com/santinic/pampy/tree/master/pampy/pampy.py,"('https://github.com/santinic/pampy/tree/master/tests/test_dict.py', 'tests.test_dict', 'IterableTests', 'test_match_dict_ordering')",25,,,1
https://github.com/santinic/pampy/tree/master/pampy/pampy.py,"('https://github.com/santinic/pampy/tree/master/tests/test_dict.py', 'tests.test_dict', 'IterableTests', 'test_match_dict_ordering')",26,,,1
https://github.com/santinic/pampy/tree/master/pampy/pampy.py,"('https://github.com/santinic/pampy/tree/master/tests/test_dict.py', 'tests.test_dict', 'IterableTests', 'test_match_dict_ordering')",27,,,1
https://github.com/santinic/pampy/tree/master/pampy/pampy.py,"('https://github.com/santinic/pampy/tree/master/tests/test_dict.py', 'tests.test_dict', 'IterableTests', 'test_match_dict_ordering')",28,,,1
https://github.com/santinic/pampy/tree/master/pampy/pampy.py,"('https://github.com/santinic/pampy/tree/master/tests/test_dict.py', 'tests.test_dict', 'IterableTests', 'test_match_dict_ordering')",29,,,1
https://github.com/santinic/pampy/tree/master/pampy/pampy.py,"('https://github.com/santinic/pampy/tree/master/tests/test_dict.py', 'tests.test_dict', 'IterableTests', 'test_match_dict_ordering')",30,,,1
https://github.com/santinic/pampy/tree/master/pampy/pampy.py,"('https://github.com/santinic/pampy/tree/master/tests/test_dict.py', 'tests.test_dict', 'IterableTests', 'test_match_dict_ordering')",31,,,1
https://github.com/santinic/pampy/tree/master/pampy/pampy.py,"('https://github.com/santinic/pampy/tree/master/tests/test_dict.py', 'tests.test_dict', 'IterableTests', 'test_match_dict_ordering')",32,,,1
https://github.com/santinic/pampy/tree/master/pampy/pampy.py,"('https://github.com/santinic/pampy/tree/master/tests/test_dict.py', 'tests.test_dict', 'IterableTests', 'test_match_dict_ordering')",33,,,1
https://github.com/santinic/pampy/tree/master/pampy/pampy.py,"('https://github.com/santinic/pampy/tree/master/tests/test_dict.py', 'tests.test_dict', 'IterableTests', 'test_match_dict_ordering')",34,,,1
https://github.com/santinic/pampy/tree/master/pampy/pampy.py,"('https://github.com/santinic/pampy/tree/master/tests/test_dict.py', 'tests.test_dict', 'IterableTests', 'test_match_dict_ordering')",35,,,1
https://github.com/santinic/pampy/tree/master/pampy/pampy.py,"('https://github.com/santinic/pampy/tree/master/tests/test_dict.py', 'tests.test_dict', 'IterableTests', 'test_match_dict_ordering')",36,,,1
https://github.com/santinic/pampy/tree/master/pampy/pampy.py,"('https://github.com/santinic/pampy/tree/master/tests/test_dict.py', 'tests.test_dict', 'IterableTests', 'test_match_dict_ordering')",37,,,1
https://github.com/santinic/pampy/tree/master/pampy/pampy.py,"('https://github.com/santinic/pampy/tree/master/tests/test_dict.py', 'tests.test_dict', 'IterableTests', 'test_match_dict_ordering')",38,,,1
https://github.com/santinic/pampy/tree/master/pampy/pampy.py,"('https://github.com/santinic/pampy/tree/master/tests/test_dict.py', 'tests.test_dict', 'IterableTests', 'test_match_dict_ordering')",39,,,1
https://github.com/santinic/pampy/tree/master/pampy/pampy.py,"('https://github.com/santinic/pampy/tree/master/tests/test_dict.py', 'tests.test_dict', 'IterableTests', 'test_match_dict_ordering')",40,,,1
https://github.com/santinic/pampy/tree/master/pampy/pampy.py,"('https://github.com/santinic/pampy/tree/master/tests/test_dict.py', 'tests.test_dict', 'IterableTests', 'test_match_dict_ordering')",41,,,1
https://github.com/santinic/pampy/tree/master/pampy/pampy.py,"('https://github.com/santinic/pampy/tree/master/tests/test_dict.py', 'tests.test_dict', 'IterableTests', 'test_match_dict_ordering')",42,,,1
https://github.com/santinic/pampy/tree/master/pampy/pampy.py,"('https://github.com/santinic/pampy/tree/master/tests/test_dict.py', 'tests.test_dict', 'IterableTests', 'test_match_dict_ordering')",43,,,1
https://github.com/santinic/pampy/tree/master/pampy/pampy.py,"('https://github.com/santinic/pampy/tree/master/tests/test_dict.py', 'tests.test_dict', 'IterableTests', 'test_match_dict_ordering')",44,,,1
https://github.com/santinic/pampy/tree/master/pampy/pampy.py,"('https://github.com/santinic/pampy/tree/master/tests/test_dict.py', 'tests.test_dict', 'IterableTests', 'test_match_dict_ordering')",45,,,1
https://github.com/santinic/pampy/tree/master/pampy/pampy.py,"('https://github.com/santinic/pampy/tree/master/tests/test_dict.py', 'tests.test_dict', 'IterableTests', 'test_match_dict_ordering')",46,,,1
https://github.com/santinic/pampy/tree/master/pampy/pampy.py,"('https://github.com/santinic/pampy/tree/master/tests/test_dict.py', 'tests.test_dict', 'IterableTests', 'test_match_dict_ordering')",47,,,1
https://github.com/santinic/pampy/tree/master/pampy/pampy.py,"('https://github.com/santinic/pampy/tree/master/tests/test_dict.py', 'tests.test_dict', 'IterableTests', 'test_match_dict_ordering')",48,,,1
https://github.com/santinic/pampy/tree/master/pampy/pampy.py,"('https://github.com/santinic/pampy/tree/master/tests/test_dict.py', 'tests.test_dict', 'IterableTests', 'test_match_dict_ordering')",49,,,1
https://github.com/santinic/pampy/tree/master/pampy/pampy.py,"('https://github.com/santinic/pampy/tree/master/tests/test_dict.py', 'tests.test_dict', 'IterableTests', 'test_match_dict_ordering')",50,,,1
https://github.com/santinic/pampy/tree/master/pampy/pampy.py,"('https://github.com/santinic/pampy/tree/master/tests/test_dict.py', 'tests.test_dict', 'IterableTests', 'test_match_dict_ordering')",51,,,1
https://github.com/santinic/pampy/tree/master/pampy/pampy.py,"('https://github.com/santinic/pampy/tree/master/tests/test_dict.py', 'tests.test_dict', 'IterableTests', 'test_match_dict_ordering')",52,,,1
https://github.com/santinic/pampy/tree/master/pampy/pampy.py,"('https://github.com/santinic/pampy/tree/master/tests/test_dict.py', 'tests.test_dict', 'IterableTests', 'test_match_dict_ordering')",53,,,1
https://github.com/santinic/pampy/tree/master/pampy/pampy.py,"('https://github.com/santinic/pampy/tree/master/tests/test_dict.py', 'tests.test_dict', 'IterableTests', 'test_match_dict_ordering')",54,,,1
https://github.com/santinic/pampy/tree/master/pampy/pampy.py,"('https://github.com/santinic/pampy/tree/master/tests/test_dict.py', 'tests.test_dict', 'IterableTests', 'test_match_dict_ordering')",55,,,1
https://github.com/santinic/pampy/tree/master/pampy/pampy.py,"('https://github.com/santinic/pampy/tree/master/tests/test_dict.py', 'tests.test_dict', 'IterableTests', 'test_match_dict_ordering')",56,,,1
https://github.com/santinic/pampy/tree/master/pampy/pampy.py,"('https://github.com/santinic/pampy/tree/master/tests/test_dict.py', 'tests.test_dict', 'IterableTests', 'test_match_dict_ordering')",57,,,1
https://github.com/santinic/pampy/tree/master/pampy/pampy.py,"('https://github.com/santinic/pampy/tree/master/tests/test_dict.py', 'tests.test_dict', 'IterableTests', 'test_match_dict_ordering')",58,,,1
https://github.com/santinic/pampy/tree/master/pampy/pampy.py,"('https://github.com/santinic/pampy/tree/master/tests/test_dict.py', 'tests.test_dict', 'IterableTests', 'test_match_dict_ordering')",59,,,1
https://github.com/santinic/pampy/tree/master/pampy/pampy.py,"('https://github.com/santinic/pampy/tree/master/tests/test_dict.py', 'tests.test_dict', 'IterableTests', 'test_match_dict_ordering')",60,,,1
https://github.com/santinic/pampy/tree/master/pampy/pampy.py,"('https://github.com/santinic/pampy/tree/master/tests/test_dict.py', 'tests.test_dict', 'IterableTests', 'test_match_dict_ordering')",61,,,1
https://github.com/santinic/pampy/tree/master/pampy/pampy.py,"('https://github.com/santinic/pampy/tree/master/tests/test_dict.py', 'tests.test_dict', 'IterableTests', 'test_match_dict_ordering')",62,,,1
https://github.com/santinic/pampy/tree/master/pampy/pampy.py,"('https://github.com/santinic/pampy/tree/master/tests/test_dict.py', 'tests.test_dict', 'IterableTests', 'test_match_dict_ordering')",63,,,1
https://github.com/santinic/pampy/tree/master/pampy/pampy.py,"('https://github.com/santinic/pampy/tree/master/tests/test_dict.py', 'tests.test_dict', 'IterableTests', 'test_match_dict_ordering')",64,,,1
https://github.com/santinic/pampy/tree/master/pampy/pampy.py,"('https://github.com/santinic/pampy/tree/master/tests/test_dict.py', 'tests.test_dict', 'IterableTests', 'test_match_dict_ordering')",65,,,1
https://github.com/santinic/pampy/tree/master/pampy/pampy.py,"('https://github.com/santinic/pampy/tree/master/tests/test_dict.py', 'tests.test_dict', 'IterableTests', 'test_match_dict_ordering')",66,,,1
https://github.com/santinic/pampy/tree/master/pampy/pampy.py,"('https://github.com/santinic/pampy/tree/master/tests/test_dict.py', 'tests.test_dict', 'IterableTests', 'test_match_dict_ordering')",67,,,1
https://github.com/santinic/pampy/tree/master/pampy/pampy.py,"('https://github.com/santinic/pampy/tree/master/tests/test_dict.py', 'tests.test_dict', 'IterableTests', 'test_match_dict_ordering')",68,,,1
https://github.com/santinic/pampy/tree/master/pampy/pampy.py,"('https://github.com/santinic/pampy/tree/master/tests/test_dict.py', 'tests.test_dict', 'IterableTests', 'test_match_dict_ordering')",69,,,1
https://github.com/santinic/pampy/tree/master/pampy/pampy.py,"('https://github.com/santinic/pampy/tree/master/tests/test_dict.py', 'tests.test_dict', 'IterableTests', 'test_match_dict_ordering')",70,,,1
https://github.com/santinic/pampy/tree/master/pampy/pampy.py,"('https://github.com/santinic/pampy/tree/master/tests/test_dict.py', 'tests.test_dict', 'IterableTests', 'test_match_dict_ordering')",71,,,1
https://github.com/santinic/pampy/tree/master/pampy/pampy.py,"('https://github.com/santinic/pampy/tree/master/tests/test_dict.py', 'tests.test_dict', 'IterableTests', 'test_match_dict_ordering')",72,,,1
https://github.com/santinic/pampy/tree/master/pampy/pampy.py,"('https://github.com/santinic/pampy/tree/master/tests/test_dict.py', 'tests.test_dict', 'IterableTests', 'test_match_dict_ordering')",73,,,1
https://github.com/santinic/pampy/tree/master/pampy/pampy.py,"('https://github.com/santinic/pampy/tree/master/tests/test_dict.py', 'tests.test_dict', 'IterableTests', 'test_match_dict_ordering')",74,,,1
https://github.com/santinic/pampy/tree/master/pampy/pampy.py,"('https://github.com/santinic/pampy/tree/master/tests/test_dict.py', 'tests.test_dict', 'IterableTests', 'test_match_dict_ordering')",75,,,1
https://github.com/santinic/pampy/tree/master/pampy/pampy.py,"('https://github.com/santinic/pampy/tree/master/tests/test_dict.py', 'tests.test_dict', 'IterableTests', 'test_match_dict_ordering')",76,,,1
https://github.com/santinic/pampy/tree/master/pampy/pampy.py,"('https://github.com/santinic/pampy/tree/master/tests/test_dict.py', 'tests.test_dict', 'IterableTests', 'test_match_dict_ordering')",77,,,1
https://github.com/santinic/pampy/tree/master/pampy/pampy.py,"('https://github.com/santinic/pampy/tree/master/tests/test_dict.py', 'tests.test_dict', 'IterableTests', 'test_match_dict_ordering')",78,,,1
https://github.com/santinic/pampy/tree/master/pampy/pampy.py,"('https://github.com/santinic/pampy/tree/master/tests/test_dict.py', 'tests.test_dict', 'IterableTests', 'test_match_dict_ordering')",79,,,1
https://github.com/santinic/pampy/tree/master/pampy/pampy.py,"('https://github.com/santinic/pampy/tree/master/tests/test_dict.py', 'tests.test_dict', 'IterableTests', 'test_match_dict_ordering')",80,,,1
https://github.com/santinic/pampy/tree/master/pampy/pampy.py,"('https://github.com/santinic/pampy/tree/master/tests/test_dict.py', 'tests.test_dict', 'IterableTests', 'test_match_dict_ordering')",81,,,1
https://github.com/santinic/pampy/tree/master/pampy/pampy.py,"('https://github.com/santinic/pampy/tree/master/tests/test_dict.py', 'tests.test_dict', 'IterableTests', 'test_match_dict_ordering')",82,,,1
https://github.com/santinic/pampy/tree/master/pampy/pampy.py,"('https://github.com/santinic/pampy/tree/master/tests/test_dict.py', 'tests.test_dict', 'IterableTests', 'test_match_dict_ordering')",83,,,1
https://github.com/santinic/pampy/tree/master/pampy/pampy.py,"('https://github.com/santinic/pampy/tree/master/tests/test_dict.py', 'tests.test_dict', 'IterableTests', 'test_match_dict_ordering')",84,,,1
https://github.com/santinic/pampy/tree/master/pampy/pampy.py,"('https://github.com/santinic/pampy/tree/master/tests/test_dict.py', 'tests.test_dict', 'IterableTests', 'test_match_dict_ordering')",85,,,1
https://github.com/santinic/pampy/tree/master/pampy/pampy.py,"('https://github.com/santinic/pampy/tree/master/tests/test_dict.py', 'tests.test_dict', 'IterableTests', 'test_match_dict_ordering')",86,,,1
https://github.com/santinic/pampy/tree/master/pampy/pampy.py,"('https://github.com/santinic/pampy/tree/master/tests/test_dict.py', 'tests.test_dict', 'IterableTests', 'test_match_dict_ordering')",87,,,1
https://github.com/santinic/pampy/tree/master/pampy/pampy.py,"('https://github.com/santinic/pampy/tree/master/tests/test_dict.py', 'tests.test_dict', 'IterableTests', 'test_match_dict_ordering')",88,,,1
https://github.com/santinic/pampy/tree/master/pampy/pampy.py,"('https://github.com/santinic/pampy/tree/master/tests/test_dict.py', 'tests.test_dict', 'IterableTests', 'test_match_dict_ordering')",89,,,1
https://github.com/santinic/pampy/tree/master/pampy/pampy.py,"('https://github.com/santinic/pampy/tree/master/tests/test_dict.py', 'tests.test_dict', 'IterableTests', 'test_match_dict_ordering')",90,,,1
https://github.com/santinic/pampy/tree/master/pampy/pampy.py,"('https://github.com/santinic/pampy/tree/master/tests/test_dict.py', 'tests.test_dict', 'IterableTests', 'test_match_dict_ordering')",91,,,1
https://github.com/santinic/pampy/tree/master/pampy/pampy.py,"('https://github.com/santinic/pampy/tree/master/tests/test_dict.py', 'tests.test_dict', 'IterableTests', 'test_match_dict_ordering')",92,,,1
https://github.com/santinic/pampy/tree/master/pampy/pampy.py,"('https://github.com/santinic/pampy/tree/master/tests/test_dict.py', 'tests.test_dict', 'IterableTests', 'test_match_dict_ordering')",93,,,1
https://github.com/santinic/pampy/tree/master/pampy/pampy.py,"('https://github.com/santinic/pampy/tree/master/tests/test_dict.py', 'tests.test_dict', 'IterableTests', 'test_match_dict_ordering')",94,,,1
https://github.com/santinic/pampy/tree/master/pampy/pampy.py,"('https://github.com/santinic/pampy/tree/master/tests/test_dict.py', 'tests.test_dict', 'IterableTests', 'test_match_dict_ordering')",95,,,1
https://github.com/santinic/pampy/tree/master/pampy/pampy.py,"('https://github.com/santinic/pampy/tree/master/tests/test_dict.py', 'tests.test_dict', 'IterableTests', 'test_match_dict_ordering')",96,,,1
https://github.com/santinic/pampy/tree/master/pampy/pampy.py,"('https://github.com/santinic/pampy/tree/master/tests/test_dict.py', 'tests.test_dict', 'IterableTests', 'test_match_dict_ordering')",97,,,1
https://github.com/santinic/pampy/tree/master/pampy/pampy.py,"('https://github.com/santinic/pampy/tree/master/tests/test_dict.py', 'tests.test_dict', 'IterableTests', 'test_match_dict_ordering')",98,,,1
https://github.com/santinic/pampy/tree/master/pampy/pampy.py,"('https://github.com/santinic/pampy/tree/master/tests/test_dict.py', 'tests.test_dict', 'IterableTests', 'test_match_dict_ordering')",99,,,1
https://github.com/santinic/pampy/tree/master/pampy/pampy.py,"('https://github.com/santinic/pampy/tree/master/tests/test_dict.py', 'tests.test_dict', 'IterableTests', 'test_exclude_previously_used_keys')",0,,,1
https://github.com/santinic/pampy/tree/master/pampy/pampy.py,"('https://github.com/santinic/pampy/tree/master/tests/test_dict.py', 'tests.test_dict', 'IterableTests', 'test_exclude_previously_used_keys')",1,,,1
https://github.com/santinic/pampy/tree/master/pampy/pampy.py,"('https://github.com/santinic/pampy/tree/master/tests/test_dict.py', 'tests.test_dict', 'IterableTests', 'test_exclude_previously_used_keys')",2,,,1
https://github.com/santinic/pampy/tree/master/pampy/pampy.py,"('https://github.com/santinic/pampy/tree/master/tests/test_dict.py', 'tests.test_dict', 'IterableTests', 'test_match_asymmetric')",0,,,1
https://github.com/santinic/pampy/tree/master/pampy/pampy.py,"('https://github.com/santinic/pampy/tree/master/tests/test_dict.py', 'tests.test_dict', 'IterableTests', 'test_match_asymmetric')",1,,,1
https://github.com/santinic/pampy/tree/master/pampy/pampy.py,"('https://github.com/santinic/pampy/tree/master/tests/test_dict.py', 'tests.test_dict', 'IterableTests', 'test_match_dict')",0,,,1
https://github.com/salesforce/policy_sentry/tree/master/policy_sentry/writing/minimize.py,"('https://github.com/salesforce/policy_sentry/tree/master/test/writing/test_minimize.py', 'test.writing.test_minimize', 'MinimizeWildcardActionsTestCase', 'test_minimize_statement_actions')",0,,,1
https://github.com/salesforce/policy_sentry/tree/master/policy_sentry/writing/minimize.py,"('https://github.com/salesforce/policy_sentry/tree/master/test/writing/test_minimize.py', 'test.writing.test_minimize', 'MinimizeWildcardActionsTestCase', 'test_minimize_statement_actions_funky_case')",0,,,1
https://github.com/nccgroup/PMapper/tree/master/principalmapper/querying/query_interface.py,"('https://github.com/nccgroup/PMapper/tree/master/tests/test_org_trees.py', 'tests.test_org_trees', 'OrgTreeTests', 'test_admin_cannot_bypass_scps')",0,,,1
https://github.com/automl/SMAC3/tree/master/smac/facade/smac_ac_facade.py,"('https://github.com/automl/SMAC3/tree/master/test/test_smbo/test_smbo.py', 'test.test_smbo.test_smbo', 'TestSMBO', 'test_incorporate_run_results_callback_stop_loop')",0,,,1
https://github.com/automl/SMAC3/tree/master/smac/facade/smac_ac_facade.py,"('https://github.com/automl/SMAC3/tree/master/test/test_facade/test_smac_facade.py', 'test.test_facade.test_smac_facade', 'TestSMACFacade', 'test_register_callback')",0,,,1
https://github.com/automl/SMAC3/tree/master/smac/facade/smac_ac_facade.py,"('https://github.com/automl/SMAC3/tree/master/test/test_facade/test_smac_facade.py', 'test.test_facade.test_smac_facade', 'TestSMACFacade', 'test_register_callback')",1,,,1
https://github.com/automl/SMAC3/tree/master/smac/facade/smac_ac_facade.py,"('https://github.com/automl/SMAC3/tree/master/test/test_smbo/test_smbo.py', 'test.test_smbo.test_smbo', 'TestSMBO', 'test_incorporate_run_results_callback')",0,,,1
https://github.com/maqp/tfc/tree/master/src/common/reed_solomon.py,"('https://github.com/maqp/tfc/tree/master/tests/common/test_reed_solomon.py', 'tests.common.test_reed_solomon', 'TestBigReedSolomon', 'test_find_prime_polys')",0,,,1
https://github.com/maqp/tfc/tree/master/src/common/reed_solomon.py,"('https://github.com/maqp/tfc/tree/master/tests/common/test_reed_solomon.py', 'tests.common.test_reed_solomon', 'TestBigReedSolomon', 'test_find_prime_polys')",1,,,1
https://github.com/maqp/tfc/tree/master/src/common/reed_solomon.py,"('https://github.com/maqp/tfc/tree/master/tests/common/test_reed_solomon.py', 'tests.common.test_reed_solomon', 'TestBigReedSolomon', 'test_find_prime_polys')",2,,,1
https://github.com/maqp/tfc/tree/master/src/common/reed_solomon.py,"('https://github.com/maqp/tfc/tree/master/tests/common/test_reed_solomon.py', 'tests.common.test_reed_solomon', 'TestBigReedSolomon', 'test_find_prime_polys')",3,,,1
https://github.com/maqp/tfc/tree/master/src/common/reed_solomon.py,"('https://github.com/maqp/tfc/tree/master/tests/common/test_reed_solomon.py', 'tests.common.test_reed_solomon', 'TestReedSolomon', 'test_prime_poly_build')",0,,,1
https://github.com/maqp/tfc/tree/master/src/common/reed_solomon.py,"('https://github.com/maqp/tfc/tree/master/tests/common/test_reed_solomon.py', 'tests.common.test_reed_solomon', 'TestReedSolomon', 'test_prime_poly_build')",1,,,1
https://github.com/maqp/tfc/tree/master/src/common/reed_solomon.py,"('https://github.com/maqp/tfc/tree/master/tests/common/test_reed_solomon.py', 'tests.common.test_reed_solomon', 'TestReedSolomon', 'test_prime_poly_build')",2,,,1
https://github.com/maqp/tfc/tree/master/src/common/reed_solomon.py,"('https://github.com/maqp/tfc/tree/master/tests/common/test_reed_solomon.py', 'tests.common.test_reed_solomon', 'TestReedSolomon', 'test_prime_poly_build')",3,,,1
https://github.com/maqp/tfc/tree/master/src/common/reed_solomon.py,"('https://github.com/maqp/tfc/tree/master/tests/common/test_reed_solomon.py', 'tests.common.test_reed_solomon', 'TestReedSolomon', 'test_prime_poly_build')",4,,,1
https://github.com/maqp/tfc/tree/master/src/common/reed_solomon.py,"('https://github.com/maqp/tfc/tree/master/tests/common/test_reed_solomon.py', 'tests.common.test_reed_solomon', 'TestReedSolomon', 'test_prime_poly_build')",5,,,1
https://github.com/maqp/tfc/tree/master/src/common/reed_solomon.py,"('https://github.com/maqp/tfc/tree/master/tests/common/test_reed_solomon.py', 'tests.common.test_reed_solomon', 'TestReedSolomon', 'test_prime_poly_build')",6,,,1
https://github.com/quantumlib/OpenFermion/tree/master/src/openfermion/measurements/fermion_partitioning.py,"('https://github.com/quantumlib/OpenFermion/tree/master/src/openfermion/measurements/fermion_partitioning_test.py', 'src.openfermion.measurements.fermion_partitioning_test', 'TestPadding', 'test_composite')",0,1,,
https://github.com/quantumlib/OpenFermion/tree/master/src/openfermion/measurements/fermion_partitioning.py,"('https://github.com/quantumlib/OpenFermion/tree/master/src/openfermion/measurements/fermion_partitioning_test.py', 'src.openfermion.measurements.fermion_partitioning_test', 'TestPadding', 'test_composite')",1,1,,
https://github.com/quantumlib/OpenFermion/tree/master/src/openfermion/measurements/fermion_partitioning.py,"('https://github.com/quantumlib/OpenFermion/tree/master/src/openfermion/measurements/fermion_partitioning_test.py', 'src.openfermion.measurements.fermion_partitioning_test', 'TestPadding', 'test_composite')",2,1,,
https://github.com/quantumlib/OpenFermion/tree/master/src/openfermion/measurements/fermion_partitioning.py,"('https://github.com/quantumlib/OpenFermion/tree/master/src/openfermion/measurements/fermion_partitioning_test.py', 'src.openfermion.measurements.fermion_partitioning_test', 'TestPadding', 'test_composite')",3,1,,
https://github.com/quantumlib/OpenFermion/tree/master/src/openfermion/measurements/fermion_partitioning.py,"('https://github.com/quantumlib/OpenFermion/tree/master/src/openfermion/measurements/fermion_partitioning_test.py', 'src.openfermion.measurements.fermion_partitioning_test', 'TestPadding', 'test_composite')",4,1,,
https://github.com/quantumlib/OpenFermion/tree/master/src/openfermion/measurements/fermion_partitioning.py,"('https://github.com/quantumlib/OpenFermion/tree/master/src/openfermion/measurements/fermion_partitioning_test.py', 'src.openfermion.measurements.fermion_partitioning_test', 'TestPadding', 'test_composite')",5,1,,
https://github.com/quantumlib/OpenFermion/tree/master/src/openfermion/measurements/fermion_partitioning.py,"('https://github.com/quantumlib/OpenFermion/tree/master/src/openfermion/measurements/fermion_partitioning_test.py', 'src.openfermion.measurements.fermion_partitioning_test', 'TestPadding', 'test_composite')",6,1,,
https://github.com/quantumlib/OpenFermion/tree/master/src/openfermion/measurements/fermion_partitioning.py,"('https://github.com/quantumlib/OpenFermion/tree/master/src/openfermion/measurements/fermion_partitioning_test.py', 'src.openfermion.measurements.fermion_partitioning_test', 'TestPadding', 'test_composite')",7,1,,
https://github.com/quantumlib/OpenFermion/tree/master/src/openfermion/measurements/fermion_partitioning.py,"('https://github.com/quantumlib/OpenFermion/tree/master/src/openfermion/measurements/fermion_partitioning_test.py', 'src.openfermion.measurements.fermion_partitioning_test', 'TestPadding', 'test_composite')",8,1,,
https://github.com/Diaoul/subliminal/tree/master/subliminal/refiners/omdb.py,"('https://github.com/Diaoul/subliminal/tree/master/tests/test_omdb.py', 'tests.test_omdb', '', 'test_refine_episode_original_series')",0,,,1
https://github.com/Diaoul/subliminal/tree/master/subliminal/refiners/omdb.py,"('https://github.com/Diaoul/subliminal/tree/master/tests/test_omdb.py', 'tests.test_omdb', '', 'test_refine_episode_year')",0,,,1
https://github.com/Diaoul/subliminal/tree/master/subliminal/refiners/omdb.py,"('https://github.com/Diaoul/subliminal/tree/master/tests/test_omdb.py', 'tests.test_omdb', '', 'test_refine_episode')",0,,,1
https://github.com/Socialbird-AILab/BERT-Classification-Tutorial/tree/master//tokenization.py,"('https://github.com/Socialbird-AILab/BERT-Classification-Tutorial/tree/master//tokenization_test.py', 'tokenization_test', 'TokenizationTest', 'test_wordpiece_tokenizer')",0,,,1
https://github.com/Socialbird-AILab/BERT-Classification-Tutorial/tree/master//tokenization.py,"('https://github.com/Socialbird-AILab/BERT-Classification-Tutorial/tree/master//tokenization_test.py', 'tokenization_test', 'TokenizationTest', 'test_wordpiece_tokenizer')",1,,,1
,,,9,0,189
,,,0.045454545,0,0.954545455
