file_html,test_me_inf,instance,complex,add,unique,remove,sum
https://github.com/alichtman/shallow-backup/tree/master/shallow_backup/reinstall.py,"('https://github.com/alichtman/shallow-backup/tree/master/tests/test_reinstall_dotfiles.py', 'tests.test_reinstall_dotfiles', 'TestReinstallDotfiles', 'test_reinstall_dotfiles')",0,1,,,,1
https://github.com/altair-viz/altair/tree/master/altair/utils/server.py,"('https://github.com/altair-viz/altair/tree/master/altair/utils/tests/test_server.py', 'altair.utils.tests.test_server', '', 'test_serve')",0,1,,,,1
https://github.com/altair-viz/altair/tree/master/tools/schemapi/utils.py,"('https://github.com/altair-viz/altair/tree/master/tools/schemapi/tests/test_utils.py', 'tools.schemapi.tests.test_utils', '', 'test_get_valid_identifier')",4,1,,,,1
https://github.com/altair-viz/altair/tree/master/tools/schemapi/utils.py,"('https://github.com/altair-viz/altair/tree/master/tools/schemapi/tests/test_utils.py', 'tools.schemapi.tests.test_utils', '', 'test_get_valid_identifier')",3,1,,,,1
https://github.com/altair-viz/altair/tree/master/tools/schemapi/utils.py,"('https://github.com/altair-viz/altair/tree/master/tools/schemapi/tests/test_utils.py', 'tools.schemapi.tests.test_utils', '', 'test_get_valid_identifier')",5,1,,,,1
https://github.com/altair-viz/altair/tree/master/tools/schemapi/utils.py,"('https://github.com/altair-viz/altair/tree/master/tools/schemapi/tests/test_utils.py', 'tools.schemapi.tests.test_utils', '', 'test_get_valid_identifier')",0,1,,,,1
https://github.com/ammaraskar/pyCraft/tree/master/minecraft/networking/encryption.py,"('https://github.com/ammaraskar/pyCraft/tree/master/tests/test_encryption.py', 'tests.test_encryption', 'Encryption', 'test_token_secret_encryption')",0,1,,,,1
https://github.com/andreroggeri/pynubank/tree/master/pynubank/utils/certificate_generator.py,"('https://github.com/andreroggeri/pynubank/tree/master/tests/test_certificate_generator.py', 'tests.test_certificate_generator', '', 'test_exchange_certs')",0,1,,,,1
https://github.com/andreroggeri/pynubank/tree/master/pynubank/utils/certificate_generator.py,"('https://github.com/andreroggeri/pynubank/tree/master/tests/test_certificate_generator.py', 'tests.test_certificate_generator', '', 'test_exchange_cert_fails_when_status_code_is_different_from_200')",0,1,,,,1
https://github.com/automl/SMAC3/tree/master/smac/epm/base_epm.py,"('https://github.com/automl/SMAC3/tree/master/test/test_epm/test_base_epm.py', 'test.test_epm.test_base_epm', 'TestRFWithInstances', 'test_apply_pca')",2,1,,,,1
https://github.com/automl/SMAC3/tree/master/smac/epm/base_epm.py,"('https://github.com/automl/SMAC3/tree/master/test/test_epm/test_base_epm.py', 'test.test_epm.test_base_epm', 'TestRFWithInstances', 'test_apply_pca')",0,1,,,,1
https://github.com/automl/SMAC3/tree/master/smac/epm/base_epm.py,"('https://github.com/automl/SMAC3/tree/master/test/test_epm/test_base_epm.py', 'test.test_epm.test_base_epm', 'TestRFWithInstances', 'test_apply_pca')",1,1,,,,1
https://github.com/automl/SMAC3/tree/master/smac/epm/util_funcs.py,"('https://github.com/automl/SMAC3/tree/master/test/test_epm/test_rf_with_instances.py', 'test.test_epm.test_rf_with_instances', 'TestRFWithInstances', 'test_with_ordinal')",0,1,,,,1
https://github.com/automl/SMAC3/tree/master/smac/facade/smac_ac_facade.py,"('https://github.com/automl/SMAC3/tree/master/test/test_facade/test_smac_facade.py', 'test.test_facade.test_smac_facade', 'TestSMACFacade', 'test_register_callback')",1,1,,,,1
https://github.com/beancount/beancount/tree/master/beancount/core/inventory.py,"('https://github.com/beancount/beancount/tree/master/beancount/core/inventory_test.py', 'beancount.core.inventory_test', 'TestInventory', 'test_copy')",0,1,,,,1
https://github.com/beancount/beancount/tree/master/beancount/query/query_render.py,"('https://github.com/beancount/beancount/tree/master/beancount/query/query_render_test.py', 'beancount.query.query_render_test', 'TestQueryRender', 'test_render_Decimal')",1,1,,,,1
https://github.com/beancount/beancount/tree/master/beancount/query/query_render.py,"('https://github.com/beancount/beancount/tree/master/beancount/query/query_render_test.py', 'beancount.query.query_render_test', 'TestQueryRender', 'test_render_Decimal')",0,1,,,,1
https://github.com/Blockstream/satellite/tree/master/blocksatcli/tsp.py,"('https://github.com/Blockstream/satellite/tree/master/blocksatcli/test_tsp.py', 'blocksatcli.test_tsp', 'TestTsp', 'test_file_save_prompt')",2,1,,,,1
https://github.com/Blockstream/satellite/tree/master/blocksatcli/tsp.py,"('https://github.com/Blockstream/satellite/tree/master/blocksatcli/test_tsp.py', 'blocksatcli.test_tsp', 'TestTsp', 'test_file_save_prompt')",0,1,,,,1
https://github.com/Blockstream/satellite/tree/master/blocksatcli/tsp.py,"('https://github.com/Blockstream/satellite/tree/master/blocksatcli/test_tsp.py', 'blocksatcli.test_tsp', 'TestTsp', 'test_non_prompting_opts')",0,1,,,,1
https://github.com/Blockstream/satellite/tree/master/blocksatcli/tsp.py,"('https://github.com/Blockstream/satellite/tree/master/blocksatcli/test_tsp.py', 'blocksatcli.test_tsp', 'TestTsp', 'test_file_save_prompt')",1,1,,,,1
https://github.com/bndr/pipreqs/tree/master/pipreqs/pipreqs.py,"('https://github.com/bndr/pipreqs/tree/master/tests/test_pipreqs.py', 'tests.test_pipreqs', 'TestPipreqs', 'test_get_imports_info')",0,1,,,,1
https://github.com/bndr/pipreqs/tree/master/pipreqs/pipreqs.py,"('https://github.com/bndr/pipreqs/tree/master/tests/test_pipreqs.py', 'tests.test_pipreqs', 'TestPipreqs', 'test_get_all_imports')",0,1,,,,1
https://github.com/borgmatic-collective/borgmatic/tree/master/borgmatic/commands/borgmatic.py,"('https://github.com/borgmatic-collective/borgmatic/tree/master/tests/unit/commands/test_borgmatic.py', 'tests.unit.commands.test_borgmatic', '', 'test_load_configurations_collects_parsed_configurations')",0,1,,,,1
https://github.com/borgmatic-collective/borgmatic/tree/master/borgmatic/commands/validate_config.py,"('https://github.com/borgmatic-collective/borgmatic/tree/master/tests/integration/commands/test_validate_config.py', 'tests.integration.commands.test_validate_config', '', 'test_parse_arguments_with_multiple_config_paths_parses_as_list')",0,1,,,,1
https://github.com/brutasse/graphite-api/tree/master/graphite_api/carbonlink.py,"('https://github.com/brutasse/graphite-api/tree/master/tests/test_carbonlink.py', 'tests.test_carbonlink', 'ConsistentHashRingTest', 'test_chr_get_nodes')",0,1,,,,1
https://github.com/capitalone/DataProfiler/tree/master/dataprofiler/labelers/classification_report_utils.py,"('https://github.com/capitalone/DataProfiler/tree/master/dataprofiler/tests/labelers/test_classification_report_utils.py', 'dataprofiler.tests.labelers.test_classification_report_utils', 'TestClassificationReport', 'test_convert_confusion_matrix_to_MCM')",0,1,,,,1
https://github.com/capitalone/DataProfiler/tree/master/dataprofiler/labelers/classification_report_utils.py,"('https://github.com/capitalone/DataProfiler/tree/master/dataprofiler/tests/labelers/test_classification_report_utils.py', 'dataprofiler.tests.labelers.test_classification_report_utils', 'TestClassificationReport', 'test_convert_confusion_matrix_to_MCM')",1,1,,,,1
https://github.com/capitalone/DataProfiler/tree/master/dataprofiler/profilers/unstructured_text_profile.py,"('https://github.com/capitalone/DataProfiler/tree/master/dataprofiler/tests/profilers/test_unstructured_text_profile.py', 'dataprofiler.tests.profilers.test_unstructured_text_profile', 'TestUnstructuredTextProfile', 'test_diff_profiles')",0,1,,,,1
https://github.com/caronc/apprise/tree/master/apprise/plugins/NotifyMatrix.py,"('https://github.com/caronc/apprise/tree/master/test/test_plugin_matrix.py', 'test.test_plugin_matrix', '', 'test_plugin_matrix_fetch')",0,1,,,,1
https://github.com/caronc/apprise/tree/master/apprise/plugins/NotifyMatrix.py,"('https://github.com/caronc/apprise/tree/master/test/test_plugin_matrix.py', 'test.test_plugin_matrix', '', 'test_plugin_matrix_rooms')",0,1,,,,1
https://github.com/caronc/apprise/tree/master/apprise/plugins/NotifyMatrix.py,"('https://github.com/caronc/apprise/tree/master/test/test_plugin_matrix.py', 'test.test_plugin_matrix', '', 'test_plugin_matrix_rooms')",1,1,,,,1
https://github.com/caronc/apprise/tree/master/apprise/plugins/NotifyMatrix.py,"('https://github.com/caronc/apprise/tree/master/test/test_plugin_matrix.py', 'test.test_plugin_matrix', '', 'test_plugin_matrix_auth')",1,1,,,,1
https://github.com/caronc/apprise/tree/master/apprise/plugins/NotifyMatrix.py,"('https://github.com/caronc/apprise/tree/master/test/test_plugin_matrix.py', 'test.test_plugin_matrix', '', 'test_plugin_matrix_auth')",0,1,,,,1
https://github.com/caronc/apprise/tree/master/apprise/plugins/NotifyRocketChat.py,"('https://github.com/caronc/apprise/tree/master/test/test_plugin_rocket_chat.py', 'test.test_plugin_rocket_chat', '', 'test_plugin_rocketchat_edge_cases')",2,1,,,,1
https://github.com/caronc/apprise/tree/master/apprise/plugins/NotifyRocketChat.py,"('https://github.com/caronc/apprise/tree/master/test/test_plugin_rocket_chat.py', 'test.test_plugin_rocket_chat', '', 'test_plugin_rocketchat_edge_cases')",0,1,,,,1
https://github.com/caronc/apprise/tree/master/apprise/plugins/NotifyTelegram.py,"('https://github.com/caronc/apprise/tree/master/test/test_plugin_telegram.py', 'test.test_plugin_telegram', '', 'test_plugin_telegram_general')",1,1,,,,1
https://github.com/caronc/apprise/tree/master/apprise/plugins/NotifyTelegram.py,"('https://github.com/caronc/apprise/tree/master/test/test_plugin_telegram.py', 'test.test_plugin_telegram', '', 'test_plugin_telegram_general')",0,1,,,,1
https://github.com/cesium-ml/cesium/tree/master/cesium/time_series.py,"('https://github.com/cesium-ml/cesium/tree/master/cesium/tests/test_time_series.py', 'cesium.tests.test_time_series', '', 'test_channels_iterator')",1,1,,,,1
https://github.com/cesium-ml/cesium/tree/master/cesium/time_series.py,"('https://github.com/cesium-ml/cesium/tree/master/cesium/tests/test_time_series.py', 'cesium.tests.test_time_series', '', 'test_channels_iterator')",2,1,,,,1
https://github.com/cloud-custodian/cloud-custodian/tree/master/c7n/commands.py,"('https://github.com/cloud-custodian/cloud-custodian/tree/master/tests/test_validation.py', 'tests.test_validation', 'CommandsValidateTest', 'test_duplicate_key')",1,1,,,,1
https://github.com/cloud-custodian/cloud-custodian/tree/master/c7n/commands.py,"('https://github.com/cloud-custodian/cloud-custodian/tree/master/tests/test_validation.py', 'tests.test_validation', 'CommandsValidateTest', 'test_duplicate_key')",0,1,,,,1
https://github.com/cloud-custodian/cloud-custodian/tree/master/c7n/commands.py,"('https://github.com/cloud-custodian/cloud-custodian/tree/master/tests/test_validation.py', 'tests.test_validation', 'CommandsValidateTest', 'test_failed_validation')",1,1,,,,1
https://github.com/cloud-custodian/cloud-custodian/tree/master/c7n/credentials.py,"('https://github.com/cloud-custodian/cloud-custodian/tree/master/tests/test_credentials.py', 'tests.test_credentials', 'Credential', 'test_assumed_session')",0,1,,,,1
https://github.com/cloud-custodian/cloud-custodian/tree/master/c7n/resources/ami.py,"('https://github.com/cloud-custodian/cloud-custodian/tree/master/tests/test_ami.py', 'tests.test_ami', 'TestAMI', 'test_err_get_ami_notfound')",1,1,,,,1
https://github.com/cloudtools/troposphere/tree/master/troposphere/rds.py,"('https://github.com/cloudtools/troposphere/tree/master/tests/test_rds.py', 'tests.test_rds', 'TestRDS', 'test_az_and_multiaz_funcs')",0,1,,,,1
https://github.com/collective/icalendar/tree/master/src/icalendar/caselessdict.py,"('https://github.com/collective/icalendar/tree/master/src/icalendar/tests/test_unit_caselessdict.py', 'src.icalendar.tests.test_unit_caselessdict', 'TestCaselessdict', 'test_caselessdict_canonsort_keys')",0,1,,,,1
https://github.com/collective/icalendar/tree/master/src/icalendar/caselessdict.py,"('https://github.com/collective/icalendar/tree/master/src/icalendar/tests/test_unit_caselessdict.py', 'src.icalendar.tests.test_unit_caselessdict', 'TestCaselessdict', 'test_caselessdict_canonsort_keys')",1,1,,,,1
https://github.com/collective/icalendar/tree/master/src/icalendar/caselessdict.py,"('https://github.com/collective/icalendar/tree/master/src/icalendar/tests/test_unit_caselessdict.py', 'src.icalendar.tests.test_unit_caselessdict', 'TestCaselessdict', 'test_caselessdict_canonsort_keys')",2,1,,,,1
https://github.com/collective/icalendar/tree/master/src/icalendar/parser.py,"('https://github.com/collective/icalendar/tree/master/src/icalendar/tests/test_property_params.py', 'src.icalendar.tests.test_property_params', 'TestPropertyParams', 'test_parameters_class')",5,1,,,,1
https://github.com/collective/icalendar/tree/master/src/icalendar/parser.py,"('https://github.com/collective/icalendar/tree/master/src/icalendar/tests/test_property_params.py', 'src.icalendar.tests.test_property_params', 'TestPropertyParams', 'test_parameters_class')",3,1,,,,1
https://github.com/collective/icalendar/tree/master/src/icalendar/parser.py,"('https://github.com/collective/icalendar/tree/master/src/icalendar/tests/test_icalendar.py', 'src.icalendar.tests.test_icalendar', 'IcalendarTestCase', 'test_contentline_class')",2,1,,,,1
https://github.com/collective/icalendar/tree/master/src/icalendar/parser.py,"('https://github.com/collective/icalendar/tree/master/src/icalendar/tests/test_property_params.py', 'src.icalendar.tests.test_property_params', 'TestPropertyParams', 'test_parameters_class')",2,1,,,,1
https://github.com/collective/icalendar/tree/master/src/icalendar/parser.py,"('https://github.com/collective/icalendar/tree/master/src/icalendar/tests/test_property_params.py', 'src.icalendar.tests.test_property_params', 'TestPropertyParams', 'test_parameters_class')",4,1,,,,1
https://github.com/collective/icalendar/tree/master/src/icalendar/parser.py,"('https://github.com/collective/icalendar/tree/master/src/icalendar/tests/test_property_params.py', 'src.icalendar.tests.test_property_params', 'TestPropertyParams', 'test_parameters_class')",1,1,,,,1
https://github.com/collective/icalendar/tree/master/src/icalendar/parser.py,"('https://github.com/collective/icalendar/tree/master/src/icalendar/tests/test_icalendar.py', 'src.icalendar.tests.test_icalendar', 'IcalendarTestCase', 'test_contentline_class')",1,1,,,,1
https://github.com/collective/icalendar/tree/master/src/icalendar/prop.py,"('https://github.com/collective/icalendar/tree/master/src/icalendar/tests/test_unit_prop.py', 'src.icalendar.tests.test_unit_prop', 'TestProp', 'test_prop_vPeriod')",0,1,,,,1
https://github.com/collective/icalendar/tree/master/src/icalendar/prop.py,"('https://github.com/collective/icalendar/tree/master/src/icalendar/tests/test_unit_prop.py', 'src.icalendar.tests.test_unit_prop', 'TestProp', 'test_prop_vPeriod')",2,1,,,,1
https://github.com/conjure-up/conjure-up/tree/master/conjureup/utils.py,"('https://github.com/conjure-up/conjure-up/tree/master/test/test_utils.py', 'test.test_utils', 'UtilsTestCase', 'test_sentry_report')",0,1,,,,1
https://github.com/csparpa/pyowm/tree/master/pyowm/alertapi30/trigger.py,"('https://github.com/csparpa/pyowm/tree/master/tests/unit/alertapi30/test_alert_manager.py', 'tests.unit.alertapi30.test_alert_manager', 'TestAlertManager', 'test_delete_trigger')",0,1,,,,1
https://github.com/csparpa/pyowm/tree/master/pyowm/alertapi30/trigger.py,"('https://github.com/csparpa/pyowm/tree/master/tests/unit/alertapi30/test_alert_manager.py', 'tests.unit.alertapi30.test_alert_manager', 'TestAlertManager', 'test_update_trigger')",0,,1,,,1
https://github.com/csparpa/pyowm/tree/master/pyowm/weatherapi25/location.py,"('https://github.com/csparpa/pyowm/tree/master/tests/unit/weatherapi25/test_location.py', 'tests.unit.weatherapi25.test_location', 'TestLocation', 'test_from_dict')",4,1,,,,1
https://github.com/csparpa/pyowm/tree/master/pyowm/weatherapi25/location.py,"('https://github.com/csparpa/pyowm/tree/master/tests/unit/weatherapi25/test_location.py', 'tests.unit.weatherapi25.test_location', 'TestLocation', 'test_from_dict')",2,1,,,,1
https://github.com/csparpa/pyowm/tree/master/pyowm/weatherapi25/location.py,"('https://github.com/csparpa/pyowm/tree/master/tests/unit/weatherapi25/test_location.py', 'tests.unit.weatherapi25.test_location', 'TestLocation', 'test_from_dict')",1,1,,,,1
https://github.com/csparpa/pyowm/tree/master/pyowm/weatherapi25/weather.py,"('https://github.com/csparpa/pyowm/tree/master/tests/unit/weatherapi25/test_weather.py', 'tests.unit.weatherapi25.test_weather', 'TestWeather', 'test_from_dict_when_data_fields_are_none')",1,,1,,,1
https://github.com/csparpa/pyowm/tree/master/pyowm/weatherapi25/weather.py,"('https://github.com/csparpa/pyowm/tree/master/tests/unit/weatherapi25/test_weather.py', 'tests.unit.weatherapi25.test_weather', 'TestWeather', 'test_from_dict_when_data_fields_are_none')",0,,1,,,1
https://github.com/csparpa/pyowm/tree/master/pyowm/weatherapi25/weather.py,"('https://github.com/csparpa/pyowm/tree/master/tests/unit/weatherapi25/test_weather.py', 'tests.unit.weatherapi25.test_weather', 'TestWeather', 'test_from_dict')",2,,1,,,1
https://github.com/csparpa/pyowm/tree/master/pyowm/weatherapi25/weather.py,"('https://github.com/csparpa/pyowm/tree/master/tests/unit/weatherapi25/test_weather.py', 'tests.unit.weatherapi25.test_weather', 'TestWeather', 'test_one_call_current_from_dic')",0,,1,,,1
https://github.com/csparpa/pyowm/tree/master/pyowm/weatherapi25/weather.py,"('https://github.com/csparpa/pyowm/tree/master/tests/unit/weatherapi25/test_weather.py', 'tests.unit.weatherapi25.test_weather', 'TestWeather', 'test_one_call_current_from_dic')",1,,1,,,1
https://github.com/csparpa/pyowm/tree/master/pyowm/weatherapi25/weather.py,"('https://github.com/csparpa/pyowm/tree/master/tests/unit/weatherapi25/test_weather.py', 'tests.unit.weatherapi25.test_weather', 'TestWeather', 'test_from_dict')",4,,1,,,1
https://github.com/csparpa/pyowm/tree/master/pyowm/weatherapi25/weather.py,"('https://github.com/csparpa/pyowm/tree/master/tests/unit/weatherapi25/test_weather.py', 'tests.unit.weatherapi25.test_weather', 'TestWeather', 'test_one_call_daily_from_dic')",1,,1,,,1
https://github.com/csparpa/pyowm/tree/master/pyowm/weatherapi25/weather.py,"('https://github.com/csparpa/pyowm/tree/master/tests/unit/weatherapi25/test_weather.py', 'tests.unit.weatherapi25.test_weather', 'TestWeather', 'test_from_dict')",5,,1,,,1
https://github.com/csparpa/pyowm/tree/master/pyowm/weatherapi25/weather.py,"('https://github.com/csparpa/pyowm/tree/master/tests/unit/weatherapi25/test_weather.py', 'tests.unit.weatherapi25.test_weather', 'TestWeather', 'test_one_call_hourly_from_dic')",0,,1,,,1
https://github.com/d0c-s4vage/lookatme/tree/master/lookatme/parser.py,"('https://github.com/d0c-s4vage/lookatme/tree/master/tests/test_parse.py', 'tests.test_parse', '', 'test_parse_smart_slides_multiple_h2')",0,1,,,,1
https://github.com/d0c-s4vage/lookatme/tree/master/lookatme/parser.py,"('https://github.com/d0c-s4vage/lookatme/tree/master/tests/test_parse.py', 'tests.test_parse', '', 'test_parse_slides')",0,1,,,,1
https://github.com/devbisme/skidl/tree/master/skidl/part.py,"('https://github.com/devbisme/skidl/tree/master/tests/test_package.py', 'tests.test_package', '', 'test_package_7')",1,,1,,,1
https://github.com/devbisme/skidl/tree/master/skidl/part.py,"('https://github.com/devbisme/skidl/tree/master/tests/test_part.py', 'tests.test_part', '', 'test_part_2')",2,,1,,,1
https://github.com/dpkp/kafka-python/tree/master/kafka/conn.py,"('https://github.com/dpkp/kafka-python/tree/master/test/test_conn.py', 'test.test_conn', '', 'test_relookup_on_failure')",0,1,,,,1
https://github.com/dpkp/kafka-python/tree/master/kafka/conn.py,"('https://github.com/dpkp/kafka-python/tree/master/test/test_conn.py', 'test.test_conn', '', 'test_lookup_on_connect')",0,1,,,,1
https://github.com/dulwich/dulwich/tree/master/dulwich/config.py,"('https://github.com/dulwich/dulwich/tree/master/dulwich/tests/test_config.py', 'dulwich.tests.test_config', 'ParseStringTests', 'test_quoted')",1,1,,,,1
https://github.com/dulwich/dulwich/tree/master/dulwich/config.py,"('https://github.com/dulwich/dulwich/tree/master/dulwich/tests/test_config.py', 'dulwich.tests.test_config', 'ParseStringTests', 'test_not_quoted')",1,1,,,,1
https://github.com/dulwich/dulwich/tree/master/dulwich/config.py,"('https://github.com/dulwich/dulwich/tree/master/dulwich/tests/test_config.py', 'dulwich.tests.test_config', 'ParseStringTests', 'test_newline')",0,1,,,,1
https://github.com/dulwich/dulwich/tree/master/dulwich/config.py,"('https://github.com/dulwich/dulwich/tree/master/dulwich/tests/test_config.py', 'dulwich.tests.test_config', 'ParseStringTests', 'test_tab')",0,1,,,,1
https://github.com/dulwich/dulwich/tree/master/dulwich/patch.py,"('https://github.com/dulwich/dulwich/tree/master/dulwich/tests/test_patch.py', 'dulwich.tests.test_patch', 'DiffTests', 'test_object_diff_add_blob')",0,1,,,,1
https://github.com/dulwich/dulwich/tree/master/dulwich/patch.py,"('https://github.com/dulwich/dulwich/tree/master/dulwich/tests/test_patch.py', 'dulwich.tests.test_patch', 'DiffTests', 'test_object_diff_bin_blob_force')",0,1,,,,1
https://github.com/dulwich/dulwich/tree/master/dulwich/patch.py,"('https://github.com/dulwich/dulwich/tree/master/dulwich/tests/test_patch.py', 'dulwich.tests.test_patch', 'DiffTests', 'test_object_diff_remove_bin_blob')",0,1,,,,1
https://github.com/dulwich/dulwich/tree/master/dulwich/patch.py,"('https://github.com/dulwich/dulwich/tree/master/dulwich/tests/test_patch.py', 'dulwich.tests.test_patch', 'DiffTests', 'test_object_diff_remove_blob')",0,1,,,,1
https://github.com/dulwich/dulwich/tree/master/dulwich/patch.py,"('https://github.com/dulwich/dulwich/tree/master/dulwich/tests/test_patch.py', 'dulwich.tests.test_patch', 'DiffTests', 'test_object_diff_bin_blob')",0,1,,,,1
https://github.com/dulwich/dulwich/tree/master/dulwich/tests/utils.py,"('https://github.com/dulwich/dulwich/tree/master/dulwich/tests/test_client.py', 'dulwich.tests.test_client', 'LocalGitClientTests', 'test_send_pack_without_changes')",0,1,,,,1
https://github.com/dulwich/dulwich/tree/master/dulwich/tests/utils.py,"('https://github.com/dulwich/dulwich/tree/master/dulwich/tests/test_client.py', 'dulwich.tests.test_client', 'LocalGitClientTests', 'test_get_refs')",0,1,,,,1
https://github.com/dulwich/dulwich/tree/master/dulwich/tests/utils.py,"('https://github.com/dulwich/dulwich/tree/master/dulwich/tests/test_client.py', 'dulwich.tests.test_client', 'LocalGitClientTests', 'test_fetch_into_empty')",0,1,,,,1
https://github.com/dulwich/dulwich/tree/master/dulwich/tests/utils.py,"('https://github.com/dulwich/dulwich/tree/master/dulwich/tests/test_client.py', 'dulwich.tests.test_client', 'LocalGitClientTests', 'test_send_pack_with_changes')",0,1,,,,1
https://github.com/dulwich/dulwich/tree/master/dulwich/tests/utils.py,"('https://github.com/dulwich/dulwich/tree/master/dulwich/tests/test_client.py', 'dulwich.tests.test_client', 'LocalGitClientTests', 'test_fetch_empty')",0,1,,,,1
https://github.com/EducationalTestingService/skll/tree/master/skll/metrics.py,"('https://github.com/EducationalTestingService/skll/tree/master/tests/test_metrics.py', 'tests.test_metrics', '', 'test_invalid_weighted_kappa')",0,1,,,,1
https://github.com/elastic/ecs/tree/master/scripts/schema/finalizer.py,"('https://github.com/elastic/ecs/tree/master/scripts/tests/unit/test_schema_finalizer.py', 'scripts.tests.unit.test_schema_finalizer', 'TestSchemaFinalizer', 'test_calculate_final_values')",0,1,,,,1
https://github.com/elastic/ecs/tree/master/scripts/schema/finalizer.py,"('https://github.com/elastic/ecs/tree/master/scripts/tests/unit/test_schema_finalizer.py', 'scripts.tests.unit.test_schema_finalizer', 'TestSchemaFinalizer', 'test_perform_reuse_with_foreign_reuse_and_self_reuse')",0,1,,,,1
https://github.com/elastic/ecs/tree/master/scripts/schema/finalizer.py,"('https://github.com/elastic/ecs/tree/master/scripts/tests/unit/test_schema_finalizer.py', 'scripts.tests.unit.test_schema_finalizer', 'TestSchemaFinalizer', 'test_calculate_final_values')",0,1,,,,1
https://github.com/Ericsson/codechecker/tree/master/analyzer/tools/statistics_collector/codechecker_statistics_collector/collectors/return_value.py,"('https://github.com/Ericsson/codechecker/tree/master/analyzer/tools/statistics_collector/tests/unit/statistics_collector/statistics_collector_test.py', 'analyzer.tools.statistics_collector.tests.unit.statistics_collector.statistics_collector_test', 'statisticsCollectorTest', 'test_ret_val_coll_neg')",1,1,,,,1
https://github.com/Ericsson/codechecker/tree/master/analyzer/tools/statistics_collector/codechecker_statistics_collector/collectors/return_value.py,"('https://github.com/Ericsson/codechecker/tree/master/analyzer/tools/statistics_collector/tests/unit/statistics_collector/statistics_collector_test.py', 'analyzer.tools.statistics_collector.tests.unit.statistics_collector.statistics_collector_test', 'statisticsCollectorTest', 'test_ret_val_coll_neg')",5,1,,,,1
https://github.com/Ericsson/codechecker/tree/master/analyzer/tools/statistics_collector/codechecker_statistics_collector/collectors/return_value.py,"('https://github.com/Ericsson/codechecker/tree/master/analyzer/tools/statistics_collector/tests/unit/statistics_collector/statistics_collector_test.py', 'analyzer.tools.statistics_collector.tests.unit.statistics_collector.statistics_collector_test', 'statisticsCollectorTest', 'test_ret_val_coll_neg')",2,1,,,,1
https://github.com/Ericsson/codechecker/tree/master/analyzer/tools/statistics_collector/codechecker_statistics_collector/collectors/return_value.py,"('https://github.com/Ericsson/codechecker/tree/master/analyzer/tools/statistics_collector/tests/unit/statistics_collector/statistics_collector_test.py', 'analyzer.tools.statistics_collector.tests.unit.statistics_collector.statistics_collector_test', 'statisticsCollectorTest', 'test_ret_val_coll_neg')",4,1,,,,1
https://github.com/Ericsson/codechecker/tree/master/analyzer/tools/statistics_collector/codechecker_statistics_collector/collectors/return_value.py,"('https://github.com/Ericsson/codechecker/tree/master/analyzer/tools/statistics_collector/tests/unit/statistics_collector/statistics_collector_test.py', 'analyzer.tools.statistics_collector.tests.unit.statistics_collector.statistics_collector_test', 'statisticsCollectorTest', 'test_ret_val_coll_filtering')",6,1,,,,1
https://github.com/Ericsson/codechecker/tree/master/analyzer/tools/statistics_collector/codechecker_statistics_collector/collectors/return_value.py,"('https://github.com/Ericsson/codechecker/tree/master/analyzer/tools/statistics_collector/tests/unit/statistics_collector/statistics_collector_test.py', 'analyzer.tools.statistics_collector.tests.unit.statistics_collector.statistics_collector_test', 'statisticsCollectorTest', 'test_ret_val_coll_filtering')",2,1,,,,1
https://github.com/Ericsson/codechecker/tree/master/analyzer/tools/statistics_collector/codechecker_statistics_collector/collectors/return_value.py,"('https://github.com/Ericsson/codechecker/tree/master/analyzer/tools/statistics_collector/tests/unit/statistics_collector/statistics_collector_test.py', 'analyzer.tools.statistics_collector.tests.unit.statistics_collector.statistics_collector_test', 'statisticsCollectorTest', 'test_ret_val_coll_filtering')",4,1,,,,1
https://github.com/Ericsson/codechecker/tree/master/analyzer/tools/statistics_collector/codechecker_statistics_collector/collectors/return_value.py,"('https://github.com/Ericsson/codechecker/tree/master/analyzer/tools/statistics_collector/tests/unit/statistics_collector/statistics_collector_test.py', 'analyzer.tools.statistics_collector.tests.unit.statistics_collector.statistics_collector_test', 'statisticsCollectorTest', 'test_ret_val_coll_filtering')",9,1,,,,1
https://github.com/Erotemic/ubelt/tree/master/ubelt/orderedset.py,"('https://github.com/Erotemic/ubelt/tree/master/tests/test_orderedset.py', 'tests.test_orderedset', '', 'test_operator_consistency_union')",22,1,,,,1
https://github.com/Erotemic/ubelt/tree/master/ubelt/orderedset.py,"('https://github.com/Erotemic/ubelt/tree/master/tests/test_orderedset.py', 'tests.test_orderedset', '', 'test_operator_consistency_union')",20,1,,,,1
https://github.com/Erotemic/ubelt/tree/master/ubelt/orderedset.py,"('https://github.com/Erotemic/ubelt/tree/master/tests/test_orderedset.py', 'tests.test_orderedset', '', 'test_operator_consistency_union')",15,1,,,,1
https://github.com/Erotemic/ubelt/tree/master/ubelt/orderedset.py,"('https://github.com/Erotemic/ubelt/tree/master/tests/test_orderedset.py', 'tests.test_orderedset', '', 'test_operator_consistency_union')",9,1,,,,1
https://github.com/Erotemic/ubelt/tree/master/ubelt/orderedset.py,"('https://github.com/Erotemic/ubelt/tree/master/tests/test_orderedset.py', 'tests.test_orderedset', '', 'test_operator_consistency_union')",1,1,,,,1
https://github.com/Erotemic/ubelt/tree/master/ubelt/orderedset.py,"('https://github.com/Erotemic/ubelt/tree/master/tests/test_orderedset.py', 'tests.test_orderedset', '', 'test_operator_consistency_union')",16,1,,,,1
https://github.com/Erotemic/ubelt/tree/master/ubelt/orderedset.py,"('https://github.com/Erotemic/ubelt/tree/master/tests/test_orderedset.py', 'tests.test_orderedset', '', 'test_operator_consistency_union')",12,1,,,,1
https://github.com/Erotemic/ubelt/tree/master/ubelt/orderedset.py,"('https://github.com/Erotemic/ubelt/tree/master/tests/test_orderedset.py', 'tests.test_orderedset', '', 'test_operator_consistency_union')",18,1,,,,1
https://github.com/Erotemic/ubelt/tree/master/ubelt/orderedset.py,"('https://github.com/Erotemic/ubelt/tree/master/tests/test_orderedset.py', 'tests.test_orderedset', '', 'test_operator_consistency_union')",3,1,,,,1
https://github.com/Erotemic/ubelt/tree/master/ubelt/orderedset.py,"('https://github.com/Erotemic/ubelt/tree/master/tests/test_orderedset.py', 'tests.test_orderedset', '', 'test_operator_consistency_union')",10,1,,,,1
https://github.com/Erotemic/ubelt/tree/master/ubelt/orderedset.py,"('https://github.com/Erotemic/ubelt/tree/master/tests/test_orderedset.py', 'tests.test_orderedset', '', 'test_operator_consistency_union')",6,1,,,,1
https://github.com/Erotemic/ubelt/tree/master/ubelt/orderedset.py,"('https://github.com/Erotemic/ubelt/tree/master/tests/test_orderedset.py', 'tests.test_orderedset', '', 'test_operator_consistency_union')",7,1,,,,1
https://github.com/Erotemic/ubelt/tree/master/ubelt/orderedset.py,"('https://github.com/Erotemic/ubelt/tree/master/tests/test_orderedset.py', 'tests.test_orderedset', '', 'test_operator_consistency_union')",8,1,,,,1
https://github.com/Erotemic/ubelt/tree/master/ubelt/orderedset.py,"('https://github.com/Erotemic/ubelt/tree/master/tests/test_orderedset.py', 'tests.test_orderedset', '', 'test_operator_consistency_union')",23,1,,,,1
https://github.com/Erotemic/ubelt/tree/master/ubelt/progiter.py,"('https://github.com/Erotemic/ubelt/tree/master/tests/test_progiter.py', 'tests.test_progiter', '', 'test_tqdm_compatibility')",0,1,,,,1
https://github.com/Erotemic/ubelt/tree/master/ubelt/util_cache.py,"('https://github.com/Erotemic/ubelt/tree/master/tests/test_cache.py', 'tests.test_cache', '', 'test_corrupt')",3,1,,,,1
https://github.com/Erotemic/ubelt/tree/master/ubelt/util_cache.py,"('https://github.com/Erotemic/ubelt/tree/master/tests/test_cache.py', 'tests.test_cache', '', 'test_cache_hit')",0,1,,,,1
https://github.com/Erotemic/ubelt/tree/master/ubelt/util_cache.py,"('https://github.com/Erotemic/ubelt/tree/master/tests/test_cache.py', 'tests.test_cache', '', 'test_corrupt')",4,1,,,,1
https://github.com/Erotemic/ubelt/tree/master/ubelt/util_cache.py,"('https://github.com/Erotemic/ubelt/tree/master/tests/test_cache.py', 'tests.test_cache', '', 'test_corrupt')",1,1,,,,1
https://github.com/Erotemic/ubelt/tree/master/ubelt/util_cache.py,"('https://github.com/Erotemic/ubelt/tree/master/tests/test_cache.py', 'tests.test_cache', '', 'test_disable')",0,1,,,,1
https://github.com/facebook/PathPicker/tree/master/src/pathpicker/key_bindings.py,"('https://github.com/facebook/PathPicker/tree/master/src/tests/test_key_bindings_parsing.py', 'src.tests.test_key_bindings_parsing', 'TestKeyBindingsParser', 'test_standard_parsing')",0,1,,,,1
https://github.com/facebook/PathPicker/tree/master/src/pathpicker/key_bindings.py,"('https://github.com/facebook/PathPicker/tree/master/src/tests/test_key_bindings_parsing.py', 'src.tests.test_key_bindings_parsing', 'TestKeyBindingsParser', 'test_ignore_non_existing_configuration_file')",0,1,,,,1
https://github.com/facebookincubator/python-nubia/tree/master/nubia/internal/helpers.py,"('https://github.com/facebookincubator/python-nubia/tree/master/tests/helpers_test.py', 'tests.helpers_test', 'HelpersTest', 'test_find_approx')",7,,1,,,1
https://github.com/facebookincubator/python-nubia/tree/master/nubia/internal/helpers.py,"('https://github.com/facebookincubator/python-nubia/tree/master/tests/helpers_test.py', 'tests.helpers_test', 'HelpersTest', 'test_find_approx')",2,,1,,,1
https://github.com/facebookincubator/python-nubia/tree/master/nubia/internal/helpers.py,"('https://github.com/facebookincubator/python-nubia/tree/master/tests/helpers_test.py', 'tests.helpers_test', 'HelpersTest', 'test_find_approx')",3,,1,,,1
https://github.com/falconry/falcon/tree/master/falcon/testing/helpers.py,"('https://github.com/falconry/falcon/tree/master/tests/test_request_body.py', 'tests.test_request_body', 'TestRequestBody', 'test_request_repr')",0,1,,,,1
https://github.com/falconry/falcon/tree/master/falcon/testing/helpers.py,"('https://github.com/falconry/falcon/tree/master/tests/test_request_body.py', 'tests.test_request_body', 'TestRequestBody', 'test_bounded_stream_property_empty_body')",0,1,,,,1
https://github.com/falconry/falcon/tree/master/falcon/testing/helpers.py,"('https://github.com/falconry/falcon/tree/master/tests/test_testing.py', 'tests.test_testing', '', 'test_create_environ_default_ua_override')",0,1,,,,1
https://github.com/falconry/falcon/tree/master/falcon/testing/helpers.py,"('https://github.com/falconry/falcon/tree/master/tests/test_testing.py', 'tests.test_testing', '', 'test_create_environ_cookies_options_method')",0,1,,,,1
https://github.com/falconry/falcon/tree/master/falcon/testing/helpers.py,"('https://github.com/falconry/falcon/tree/master/tests/test_testing.py', 'tests.test_testing', '', 'test_create_environ_default_ua')",0,1,,,,1
https://github.com/getsentry/sentry-python/tree/master/sentry_sdk/tracing.py,"('https://github.com/getsentry/sentry-python/tree/master/tests/tracing/test_http_headers.py', 'tests.tracing.test_http_headers', '', 'test_to_tracestate')",0,1,,,,1
https://github.com/getsentry/sentry-python/tree/master/sentry_sdk/tracing.py,"('https://github.com/getsentry/sentry-python/tree/master/tests/tracing/test_http_headers.py', 'tests.tracing.test_http_headers', '', 'test_to_tracestate')",1,1,,,,1
https://github.com/getsentry/sentry-python/tree/master/tests/conftest.py,"('https://github.com/getsentry/sentry-python/tree/master/tests/test_sessions.py', 'tests.test_sessions', '', 'test_aggregates_explicitly_disabled_session_tracking_request_mode')",0,1,,,,1
https://github.com/google/budoux/tree/master/budoux/parser.py,"('https://github.com/google/budoux/tree/master/tests/test_parser.py', 'tests.test_parser', 'TestParser', 'test_parse')",2,1,,,,1
https://github.com/google/TensorNetwork/tree/master/tensornetwork/network_components.py,"('https://github.com/google/TensorNetwork/tree/master/examples/fft/fft_test.py', 'examples.fft.fft_test', '', 'test_fft')",0,1,,,,1
https://github.com/grigorig/stcgal/tree/master/stcgal/ihex.py,"('https://github.com/grigorig/stcgal/tree/master/tests/test_ihex.py', 'tests.test_ihex', 'IHEXTests', 'test_empty')",0,1,,,,1
https://github.com/grigorig/stcgal/tree/master/stcgal/ihex.py,"('https://github.com/grigorig/stcgal/tree/master/tests/test_ihex.py', 'tests.test_ihex', 'IHEXTests', 'test_roundtrip')",0,1,,,,1
https://github.com/grigorig/stcgal/tree/master/stcgal/ihex.py,"('https://github.com/grigorig/stcgal/tree/master/tests/test_ihex.py', 'tests.test_ihex', 'IHEXTests', 'test_invalid')",0,1,,,,1
https://github.com/grigorig/stcgal/tree/master/stcgal/ihex.py,"('https://github.com/grigorig/stcgal/tree/master/tests/test_ihex.py', 'tests.test_ihex', 'IHEXTests', 'test_roundtrip')",1,1,,,,1
https://github.com/httpie/http-prompt/tree/master/http_prompt/config.py,"('https://github.com/httpie/http-prompt/tree/master/tests/test_config.py', 'tests.test_config', 'TestConfig', 'test_load_user')",0,1,,,,1
https://github.com/httpie/http-prompt/tree/master/http_prompt/config.py,"('https://github.com/httpie/http-prompt/tree/master/tests/test_config.py', 'tests.test_config', 'TestConfig', 'test_initialize')",1,1,,,,1
https://github.com/httpie/http-prompt/tree/master/http_prompt/config.py,"('https://github.com/httpie/http-prompt/tree/master/tests/test_config.py', 'tests.test_config', 'TestConfig', 'test_load')",0,1,,,,1
https://github.com/httpie/http-prompt/tree/master/http_prompt/contextio.py,"('https://github.com/httpie/http-prompt/tree/master/tests/test_contextio.py', 'tests.test_contextio', 'TestContextIO', 'test_save_and_load_context_non_ascii')",0,1,,,,1
https://github.com/huashengdun/webssh/tree/master/tests/utils.py,"('https://github.com/huashengdun/webssh/tree/master/tests/test_app.py', 'tests.test_app', 'TestAppBasic', 'test_app_post_form_with_large_body_size_by_multipart_form')",0,1,,,,1
https://github.com/huashengdun/webssh/tree/master/tests/utils.py,"('https://github.com/huashengdun/webssh/tree/master/tests/test_app.py', 'tests.test_app', 'TestAppBasic', 'test_app_auth_with_pubkey_exceeds_key_max_size')",0,1,,,,1
https://github.com/huashengdun/webssh/tree/master/tests/utils.py,"('https://github.com/huashengdun/webssh/tree/master/tests/test_app.py', 'tests.test_app', 'TestAppBasic', 'test_app_auth_with_valid_pubkey_by_multipart_form')",0,1,,,,1
https://github.com/huashengdun/webssh/tree/master/webssh/handler.py,"('https://github.com/huashengdun/webssh/tree/master/tests/test_handler.py', 'tests.test_handler', 'TestMixinHandler', 'test_is_forbidden')",0,1,,,,1
https://github.com/huashengdun/webssh/tree/master/webssh/handler.py,"('https://github.com/huashengdun/webssh/tree/master/tests/test_handler.py', 'tests.test_handler', 'TestMixinHandler', 'test_is_forbidden')",6,1,,,,1
https://github.com/huashengdun/webssh/tree/master/webssh/handler.py,"('https://github.com/huashengdun/webssh/tree/master/tests/test_handler.py', 'tests.test_handler', 'TestMixinHandler', 'test_is_forbidden')",5,1,,,,1
https://github.com/huashengdun/webssh/tree/master/webssh/handler.py,"('https://github.com/huashengdun/webssh/tree/master/tests/test_handler.py', 'tests.test_handler', 'TestMixinHandler', 'test_is_forbidden')",1,1,,,,1
https://github.com/huashengdun/webssh/tree/master/webssh/handler.py,"('https://github.com/huashengdun/webssh/tree/master/tests/test_handler.py', 'tests.test_handler', 'TestMixinHandler', 'test_is_forbidden')",7,1,,,,1
https://github.com/huashengdun/webssh/tree/master/webssh/handler.py,"('https://github.com/huashengdun/webssh/tree/master/tests/test_handler.py', 'tests.test_handler', 'TestMixinHandler', 'test_is_forbidden')",2,1,,,,1
https://github.com/huashengdun/webssh/tree/master/webssh/handler.py,"('https://github.com/huashengdun/webssh/tree/master/tests/test_handler.py', 'tests.test_handler', 'TestMixinHandler', 'test_is_forbidden')",4,1,,,,1
https://github.com/huashengdun/webssh/tree/master/webssh/utils.py,"('https://github.com/huashengdun/webssh/tree/master/tests/test_utils.py', 'tests.test_utils', 'TestUitls', 'test_is_same_primary_domain')",0,,1,,,1
https://github.com/huashengdun/webssh/tree/master/webssh/utils.py,"('https://github.com/huashengdun/webssh/tree/master/tests/test_utils.py', 'tests.test_utils', 'TestUitls', 'test_is_same_primary_domain')",1,,1,,,1
https://github.com/huashengdun/webssh/tree/master/webssh/utils.py,"('https://github.com/huashengdun/webssh/tree/master/tests/test_utils.py', 'tests.test_utils', 'TestUitls', 'test_is_same_primary_domain')",3,,1,,,1
https://github.com/huashengdun/webssh/tree/master/webssh/utils.py,"('https://github.com/huashengdun/webssh/tree/master/tests/test_utils.py', 'tests.test_utils', 'TestUitls', 'test_is_same_primary_domain')",6,,1,,,1
https://github.com/in-toto/in-toto/tree/master/in_toto/common_args.py,"('https://github.com/in-toto/in-toto/tree/master/tests/test_common_args.py', 'tests.test_common_args', 'TestCommonArgs', 'test_parse_password_and_prompt_args')",0,,,,1,1
https://github.com/in-toto/in-toto/tree/master/in_toto/user_settings.py,"('https://github.com/in-toto/in-toto/tree/master/tests/test_user_settings.py', 'tests.test_user_settings', 'TestUserSettings', 'test_set_settings')",1,1,,,,1
https://github.com/in-toto/in-toto/tree/master/in_toto/user_settings.py,"('https://github.com/in-toto/in-toto/tree/master/tests/test_user_settings.py', 'tests.test_user_settings', 'TestUserSettings', 'test_set_settings')",0,1,,,,1
https://github.com/Instagram/LibCST/tree/master/libcst/helpers/module.py,"('https://github.com/Instagram/LibCST/tree/master/libcst/helpers/tests/test_module.py', 'libcst.helpers.tests.test_module', 'ModuleTest', 'test_insert_header_comments')",2,1,,,,1
https://github.com/Instagram/LibCST/tree/master/libcst/helpers/module.py,"('https://github.com/Instagram/LibCST/tree/master/libcst/helpers/tests/test_module.py', 'libcst.helpers.tests.test_module', 'ModuleTest', 'test_insert_header_comments')",4,1,,,,1
https://github.com/Instagram/LibCST/tree/master/libcst/helpers/module.py,"('https://github.com/Instagram/LibCST/tree/master/libcst/helpers/tests/test_module.py', 'libcst.helpers.tests.test_module', 'ModuleTest', 'test_insert_header_comments')",0,1,,,,1
https://github.com/Instagram/LibCST/tree/master/libcst/helpers/module.py,"('https://github.com/Instagram/LibCST/tree/master/libcst/helpers/tests/test_module.py', 'libcst.helpers.tests.test_module', 'ModuleTest', 'test_insert_header_comments')",1,1,,,,1
https://github.com/JetBrains/projector-installer/tree/master/projector_installer/dialogs.py,"('https://github.com/JetBrains/projector-installer/tree/master/test/dialogs_test.py', 'test.dialogs_test', 'DialogsTests', 'test_ask_empty')",0,1,,,,1
https://github.com/JetBrains/projector-installer/tree/master/projector_installer/dialogs.py,"('https://github.com/JetBrains/projector-installer/tree/master/test/dialogs_test.py', 'test.dialogs_test', 'DialogsTests', 'test_ask_no')",0,1,,,,1
https://github.com/JetBrains/projector-installer/tree/master/projector_installer/projector_updates.py,"('https://github.com/JetBrains/projector-installer/tree/master/test/projector_updates_test.py', 'test.projector_updates_test', 'ProjectorUpdatesTest', 'test_is_newer_than_current_true')",0,1,,,,1
https://github.com/jupyterhub/the-littlest-jupyterhub/tree/master/tljh/utils.py,"('https://github.com/jupyterhub/the-littlest-jupyterhub/tree/master/tests/test_utils.py', 'tests.test_utils', '', 'test_run_subprocess_exception')",0,1,,,,1
https://github.com/kellyjonbrazil/jc/tree/master/jc/cli.py,"('https://github.com/kellyjonbrazil/jc/tree/master/tests/test_cli.py', 'tests.test_cli', 'MyTests', 'test_cli_about_jc')",2,1,,,,1
https://github.com/kellyjonbrazil/jc/tree/master/jc/cli.py,"('https://github.com/kellyjonbrazil/jc/tree/master/tests/test_cli.py', 'tests.test_cli', 'MyTests', 'test_cli_about_jc')",3,1,,,,1
https://github.com/kellyjonbrazil/jc/tree/master/jc/cli.py,"('https://github.com/kellyjonbrazil/jc/tree/master/tests/test_cli.py', 'tests.test_cli', 'MyTests', 'test_cli_about_jc')",1,1,,,,1
https://github.com/kellyjonbrazil/jc/tree/master/jc/cli.py,"('https://github.com/kellyjonbrazil/jc/tree/master/tests/test_cli.py', 'tests.test_cli', 'MyTests', 'test_cli_about_jc')",0,1,,,,1
https://github.com/kellyjonbrazil/jc/tree/master/jc/parsers/acpi.py,"('https://github.com/kellyjonbrazil/jc/tree/master/tests/test_acpi.py', 'tests.test_acpi', 'MyTests', 'test_acpi_V3')",0,1,,,,1
https://github.com/kellyjonbrazil/jc/tree/master/jc/parsers/acpi.py,"('https://github.com/kellyjonbrazil/jc/tree/master/tests/test_acpi.py', 'tests.test_acpi', 'MyTests', 'test_acpi_V_all')",0,1,,,,1
https://github.com/kellyjonbrazil/jc/tree/master/jc/parsers/crontab_u.py,"('https://github.com/kellyjonbrazil/jc/tree/master/tests/test_crontab_u.py', 'tests.test_crontab_u', 'MyTests', 'test_crontab_u_debian10')",0,1,,,,1
https://github.com/kellyjonbrazil/jc/tree/master/jc/parsers/crontab_u.py,"('https://github.com/kellyjonbrazil/jc/tree/master/tests/test_crontab_u.py', 'tests.test_crontab_u', 'MyTests', 'test_crontab_u_centos_7_7')",0,1,,,,1
https://github.com/kellyjonbrazil/jc/tree/master/jc/parsers/date.py,"('https://github.com/kellyjonbrazil/jc/tree/master/tests/test_date.py', 'tests.test_date', 'MyTests', 'test_date_am_ubuntu_20_04')",0,1,,,,1
https://github.com/kellyjonbrazil/jc/tree/master/jc/parsers/date.py,"('https://github.com/kellyjonbrazil/jc/tree/master/tests/test_date.py', 'tests.test_date', 'MyTests', 'test_date_pm_ubuntu_20_04')",0,1,,,,1
https://github.com/kellyjonbrazil/jc/tree/master/jc/parsers/date.py,"('https://github.com/kellyjonbrazil/jc/tree/master/tests/test_date.py', 'tests.test_date', 'MyTests', 'test_date')",0,1,,,,1
https://github.com/kellyjonbrazil/jc/tree/master/jc/parsers/date.py,"('https://github.com/kellyjonbrazil/jc/tree/master/tests/test_date.py', 'tests.test_date', 'MyTests', 'test_date_before_midnight')",0,1,,,,1
https://github.com/kellyjonbrazil/jc/tree/master/jc/parsers/dmidecode.py,"('https://github.com/kellyjonbrazil/jc/tree/master/tests/test_dmidecode.py', 'tests.test_dmidecode', 'MyTests', 'test_dmidecode_ubuntu_18_4')",0,1,,,,1
https://github.com/kellyjonbrazil/jc/tree/master/jc/parsers/dmidecode.py,"('https://github.com/kellyjonbrazil/jc/tree/master/tests/test_dmidecode.py', 'tests.test_dmidecode', 'MyTests', 'test_dmidecode_fedora32')",0,,1,,,1
https://github.com/kellyjonbrazil/jc/tree/master/jc/parsers/dmidecode.py,"('https://github.com/kellyjonbrazil/jc/tree/master/tests/test_dmidecode.py', 'tests.test_dmidecode', 'MyTests', 'test_dmidecode_nodata')",0,,1,,,1
https://github.com/kellyjonbrazil/jc/tree/master/jc/parsers/dmidecode.py,"('https://github.com/kellyjonbrazil/jc/tree/master/tests/test_dmidecode.py', 'tests.test_dmidecode', 'MyTests', 'test_dmidecode_fedora32')",0,,,,1,1
https://github.com/kellyjonbrazil/jc/tree/master/jc/parsers/finger.py,"('https://github.com/kellyjonbrazil/jc/tree/master/tests/test_finger.py', 'tests.test_finger', 'MyTests', 'test_finger_osx_10_14_6')",0,1,,,,1
https://github.com/kellyjonbrazil/jc/tree/master/jc/parsers/finger.py,"('https://github.com/kellyjonbrazil/jc/tree/master/tests/test_finger.py', 'tests.test_finger', 'MyTests', 'test_finger_ubuntu_18_4')",0,1,,,,1
https://github.com/kellyjonbrazil/jc/tree/master/jc/parsers/finger.py,"('https://github.com/kellyjonbrazil/jc/tree/master/tests/test_finger.py', 'tests.test_finger', 'MyTests', 'test_finger_centos_7_7')",0,1,,,,1
https://github.com/kellyjonbrazil/jc/tree/master/jc/parsers/fstab.py,"('https://github.com/kellyjonbrazil/jc/tree/master/tests/test_fstab.py', 'tests.test_fstab', 'MyTests', 'test_fstab_centos_7_7')",0,,1,,,1
https://github.com/kellyjonbrazil/jc/tree/master/jc/parsers/fstab.py,"('https://github.com/kellyjonbrazil/jc/tree/master/tests/test_fstab.py', 'tests.test_fstab', 'MyTests', 'test_fstab_nodata')",0,1,,,,1
https://github.com/kellyjonbrazil/jc/tree/master/jc/parsers/fstab.py,"('https://github.com/kellyjonbrazil/jc/tree/master/tests/test_fstab.py', 'tests.test_fstab', 'MyTests', 'test_fstab_ubuntu_18_4')",0,,1,,,1
https://github.com/kellyjonbrazil/jc/tree/master/jc/parsers/fstab.py,"('https://github.com/kellyjonbrazil/jc/tree/master/tests/test_fstab.py', 'tests.test_fstab', 'MyTests', 'test_fstab_ubuntu_18_4')",0,1,,,,1
https://github.com/kellyjonbrazil/jc/tree/master/jc/parsers/group.py,"('https://github.com/kellyjonbrazil/jc/tree/master/tests/test_group.py', 'tests.test_group', 'MyTests', 'test_group_ubuntu_18_4')",0,1,,,,1
https://github.com/kellyjonbrazil/jc/tree/master/jc/parsers/group.py,"('https://github.com/kellyjonbrazil/jc/tree/master/tests/test_group.py', 'tests.test_group', 'MyTests', 'test_group_centos_7_7')",0,1,,,,1
https://github.com/kellyjonbrazil/jc/tree/master/jc/parsers/gshadow.py,"('https://github.com/kellyjonbrazil/jc/tree/master/tests/test_gshadow.py', 'tests.test_gshadow', 'MyTests', 'test_gshadow_centos_7_7')",0,,1,,,1
https://github.com/kellyjonbrazil/jc/tree/master/jc/parsers/gshadow.py,"('https://github.com/kellyjonbrazil/jc/tree/master/tests/test_gshadow.py', 'tests.test_gshadow', 'MyTests', 'test_gshadow_ubuntu_18_4')",0,,1,,,1
https://github.com/kellyjonbrazil/jc/tree/master/jc/parsers/hciconfig.py,"('https://github.com/kellyjonbrazil/jc/tree/master/tests/test_hciconfig.py', 'tests.test_hciconfig', 'MyTests', 'test_hciconfig_centos_7_7')",0,,1,,,1
https://github.com/kellyjonbrazil/jc/tree/master/jc/parsers/hciconfig.py,"('https://github.com/kellyjonbrazil/jc/tree/master/tests/test_hciconfig.py', 'tests.test_hciconfig', 'MyTests', 'test_hciconfig_centos_7_7')",0,,1,,,1
https://github.com/kellyjonbrazil/jc/tree/master/jc/parsers/hciconfig.py,"('https://github.com/kellyjonbrazil/jc/tree/master/tests/test_hciconfig.py', 'tests.test_hciconfig', 'MyTests', 'test_hciconfig_a_centos_7_7')",0,,1,,,1
https://github.com/kellyjonbrazil/jc/tree/master/jc/parsers/hciconfig.py,"('https://github.com/kellyjonbrazil/jc/tree/master/tests/test_hciconfig.py', 'tests.test_hciconfig', 'MyTests', 'test_hciconfig_ubuntu_18_4')",0,,1,,,1
https://github.com/kellyjonbrazil/jc/tree/master/jc/parsers/hciconfig.py,"('https://github.com/kellyjonbrazil/jc/tree/master/tests/test_hciconfig.py', 'tests.test_hciconfig', 'MyTests', 'test_hciconfig_a_centos_7_7')",0,,1,,,1
https://github.com/kellyjonbrazil/jc/tree/master/jc/parsers/hciconfig.py,"('https://github.com/kellyjonbrazil/jc/tree/master/tests/test_hciconfig.py', 'tests.test_hciconfig', 'MyTests', 'test_hciconfig_a_ubuntu_18_4')",0,,1,,,1
https://github.com/kellyjonbrazil/jc/tree/master/jc/parsers/hciconfig.py,"('https://github.com/kellyjonbrazil/jc/tree/master/tests/test_hciconfig.py', 'tests.test_hciconfig', 'MyTests', 'test_hciconfig_ubuntu_18_4')",0,,1,,,1
https://github.com/kellyjonbrazil/jc/tree/master/jc/parsers/hosts.py,"('https://github.com/kellyjonbrazil/jc/tree/master/tests/test_hosts.py', 'tests.test_hosts', 'MyTests', 'test_hosts_ubuntu_18_4')",0,,1,,,1
https://github.com/kellyjonbrazil/jc/tree/master/jc/parsers/id.py,"('https://github.com/kellyjonbrazil/jc/tree/master/tests/test_id.py', 'tests.test_id', 'MyTests', 'test_id_centos_7_7')",0,1,,,,1
https://github.com/kellyjonbrazil/jc/tree/master/jc/parsers/id.py,"('https://github.com/kellyjonbrazil/jc/tree/master/tests/test_id.py', 'tests.test_id', 'MyTests', 'test_id_osx_10_14_6')",0,1,,,,1
https://github.com/kellyjonbrazil/jc/tree/master/jc/parsers/id.py,"('https://github.com/kellyjonbrazil/jc/tree/master/tests/test_id.py', 'tests.test_id', 'MyTests', 'test_id_centos_7_7')",0,,1,,,1
https://github.com/kellyjonbrazil/jc/tree/master/jc/parsers/jobs.py,"('https://github.com/kellyjonbrazil/jc/tree/master/tests/test_jobs.py', 'tests.test_jobs', 'MyTests', 'test_jobs_centos_7_7')",0,1,,,,1
https://github.com/kellyjonbrazil/jc/tree/master/jc/parsers/lsmod.py,"('https://github.com/kellyjonbrazil/jc/tree/master/tests/test_lsmod.py', 'tests.test_lsmod', 'MyTests', 'test_lsmod_ubuntu_18_4')",0,1,,,,1
https://github.com/kellyjonbrazil/jc/tree/master/jc/parsers/rpm_qi.py,"('https://github.com/kellyjonbrazil/jc/tree/master/tests/test_rpm_qai.py', 'tests.test_rpm_qai', 'MyTests', 'test_rpm_qai_centos_7_7')",0,,1,,,1
https://github.com/kellyjonbrazil/jc/tree/master/jc/parsers/systemctl_lj.py,"('https://github.com/kellyjonbrazil/jc/tree/master/tests/test_systemctl_lj.py', 'tests.test_systemctl_lj', 'MyTests', 'test_systemctl_lj_ubuntu_18_4')",0,1,,,,1
https://github.com/kellyjonbrazil/jc/tree/master/jc/parsers/systemctl_luf.py,"('https://github.com/kellyjonbrazil/jc/tree/master/tests/test_systemctl_luf.py', 'tests.test_systemctl_luf', 'MyTests', 'test_systemctl_luf_nodata')",0,1,,,,1
https://github.com/kellyjonbrazil/jc/tree/master/jc/parsers/systemctl_luf.py,"('https://github.com/kellyjonbrazil/jc/tree/master/tests/test_systemctl_luf.py', 'tests.test_systemctl_luf', 'MyTests', 'test_systemctl_luf_ubuntu_18_4')",0,1,,,,1
https://github.com/kellyjonbrazil/jc/tree/master/jc/parsers/ufw.py,"('https://github.com/kellyjonbrazil/jc/tree/master/tests/test_ufw.py', 'tests.test_ufw', 'MyTests', 'test_ufw_generic_verbose_numbered2')",0,,1,,,1
https://github.com/kellyjonbrazil/jc/tree/master/jc/parsers/ufw.py,"('https://github.com/kellyjonbrazil/jc/tree/master/tests/test_ufw.py', 'tests.test_ufw', 'MyTests', 'test_ufw_ubuntu_18_04_numbered')",0,,1,,,1
https://github.com/kellyjonbrazil/jc/tree/master/jc/parsers/ufw.py,"('https://github.com/kellyjonbrazil/jc/tree/master/tests/test_ufw.py', 'tests.test_ufw', 'MyTests', 'test_ufw_ubuntu_18_04_verbose')",0,,1,,,1
https://github.com/kellyjonbrazil/jc/tree/master/jc/parsers/ufw.py,"('https://github.com/kellyjonbrazil/jc/tree/master/tests/test_ufw.py', 'tests.test_ufw', 'MyTests', 'test_ufw_generic_verbose_numbered')",0,,1,,,1
https://github.com/kellyjonbrazil/jc/tree/master/jc/parsers/ufw.py,"('https://github.com/kellyjonbrazil/jc/tree/master/tests/test_ufw.py', 'tests.test_ufw', 'MyTests', 'test_ufw_ubuntu_18_04_verbose')",0,,1,,,1
https://github.com/kellyjonbrazil/jc/tree/master/jc/parsers/ufw.py,"('https://github.com/kellyjonbrazil/jc/tree/master/tests/test_ufw.py', 'tests.test_ufw', 'MyTests', 'test_ufw_generic_verbose_numbered')",0,,1,,,1
https://github.com/kellyjonbrazil/jc/tree/master/jc/parsers/ufw.py,"('https://github.com/kellyjonbrazil/jc/tree/master/tests/test_ufw.py', 'tests.test_ufw', 'MyTests', 'test_ufw_generic_verbose_numbered2')",0,,1,,,1
https://github.com/kellyjonbrazil/jc/tree/master/jc/parsers/ufw.py,"('https://github.com/kellyjonbrazil/jc/tree/master/tests/test_ufw.py', 'tests.test_ufw', 'MyTests', 'test_ufw_generic_inactive')",0,,1,,,1
https://github.com/kellyjonbrazil/jc/tree/master/jc/parsers/ufw.py,"('https://github.com/kellyjonbrazil/jc/tree/master/tests/test_ufw.py', 'tests.test_ufw', 'MyTests', 'test_ufw_ubuntu_18_04_numbered')",0,,1,,,1
https://github.com/kellyjonbrazil/jc/tree/master/jc/parsers/ufw.py,"('https://github.com/kellyjonbrazil/jc/tree/master/tests/test_ufw.py', 'tests.test_ufw', 'MyTests', 'test_ufw_generic_verbose_numbered2')",0,,1,,,1
https://github.com/kellyjonbrazil/jc/tree/master/jc/parsers/ufw.py,"('https://github.com/kellyjonbrazil/jc/tree/master/tests/test_ufw.py', 'tests.test_ufw', 'MyTests', 'test_ufw_generic_verbose')",0,,1,,,1
https://github.com/kellyjonbrazil/jc/tree/master/jc/parsers/ufw.py,"('https://github.com/kellyjonbrazil/jc/tree/master/tests/test_ufw.py', 'tests.test_ufw', 'MyTests', 'test_ufw_generic_verbose')",0,,1,,,1
https://github.com/kiwiz/gkeepapi/tree/master/gkeepapi/node.py,"('https://github.com/kiwiz/gkeepapi/tree/master/test/test_nodes.py', 'test.test_nodes', 'LoadTests', 'test_load')",1,1,,,,1
https://github.com/Knio/dominate/tree/master/dominate/dom_tag.py,"('https://github.com/Knio/dominate/tree/master/tests/test_html.py', 'tests.test_html', '', 'test_attributes')",1,1,,,,1
https://github.com/lyft/cartography/tree/master/cartography/graph/querybuilder.py,"('https://github.com/lyft/cartography/tree/master/tests/unit/cartography/graph/test_querybuilder.py', 'tests.unit.cartography.graph.test_querybuilder', '', 'test_build_relationship_ingestion_query')",0,1,,,,1
https://github.com/mammothb/symspellpy/tree/master/symspellpy/helpers.py,"('https://github.com/mammothb/symspellpy/tree/master/tests/test_helpers.py', 'tests.test_helpers', 'TestHelpers', 'test_case_transfer_similar')",5,1,,,,1
https://github.com/mammothb/symspellpy/tree/master/symspellpy/helpers.py,"('https://github.com/mammothb/symspellpy/tree/master/tests/test_helpers.py', 'tests.test_helpers', 'TestHelpers', 'test_case_transfer_similar')",0,1,,,,1
https://github.com/mammothb/symspellpy/tree/master/symspellpy/helpers.py,"('https://github.com/mammothb/symspellpy/tree/master/tests/test_helpers.py', 'tests.test_helpers', 'TestHelpers', 'test_case_transfer_similar')",4,1,,,,1
https://github.com/mammothb/symspellpy/tree/master/symspellpy/helpers.py,"('https://github.com/mammothb/symspellpy/tree/master/tests/test_helpers.py', 'tests.test_helpers', 'TestHelpers', 'test_case_transfer_similar')",2,1,,,,1
https://github.com/microsoft/mssql-scripter/tree/master/mssqlscripter/jsonrpc/jsonrpcclient.py,"('https://github.com/microsoft/mssql-scripter/tree/master/mssqlscripter/jsonrpc/tests/test_jsonrpc.py', 'mssqlscripter.jsonrpc.tests.test_jsonrpc', 'JsonRpcTest', 'test_read_state')",0,1,,,,1
https://github.com/Mimino666/langdetect/tree/master/langdetect/utils/ngram.py,"('https://github.com/Mimino666/langdetect/tree/master/langdetect/tests/utils/test_ngram.py', 'langdetect.tests.utils.test_ngram', 'NGramTest', 'test_ngram')",2,,,,1,1
https://github.com/Mimino666/langdetect/tree/master/langdetect/utils/ngram.py,"('https://github.com/Mimino666/langdetect/tree/master/langdetect/tests/utils/test_ngram.py', 'langdetect.tests.utils.test_ngram', 'NGramTest', 'test_ngram')",0,,,,1,1
https://github.com/Mimino666/langdetect/tree/master/langdetect/utils/ngram.py,"('https://github.com/Mimino666/langdetect/tree/master/langdetect/tests/utils/test_ngram.py', 'langdetect.tests.utils.test_ngram', 'NGramTest', 'test_ngram3')",1,,,,1,1
https://github.com/Mimino666/langdetect/tree/master/langdetect/utils/ngram.py,"('https://github.com/Mimino666/langdetect/tree/master/langdetect/tests/utils/test_ngram.py', 'langdetect.tests.utils.test_ngram', 'NGramTest', 'test_ngram3')",0,,,,1,1
https://github.com/MushroomRL/mushroom-rl/tree/master/mushroom_rl/solvers/dynamic_programming.py,"('https://github.com/MushroomRL/mushroom-rl/tree/master/tests/solvers/test_dynamic_programming.py', 'tests.solvers.test_dynamic_programming', '', 'test_policy_iteration')",0,1,,,,1
https://github.com/mystor/git-revise/tree/master/gitrevise/merge.py,"('https://github.com/mystor/git-revise/tree/master/tests/test_rerere.py', 'tests.test_rerere', '', 'test_normalize_conflicted_file')",1,1,,,,1
https://github.com/mystor/git-revise/tree/master/gitrevise/merge.py,"('https://github.com/mystor/git-revise/tree/master/tests/test_rerere.py', 'tests.test_rerere', '', 'test_normalize_conflicted_file')",2,1,,,,1
https://github.com/NanoVNA-Saver/nanovna-saver/tree/master/NanoVNASaver/RFTools.py,"('https://github.com/NanoVNA-Saver/nanovna-saver/tree/master/test/test_rftools.py', 'test.test_rftools', 'TestRFTools', 'test_groupDelay')",1,1,,,,1
https://github.com/nccgroup/ScoutSuite/tree/master/ScoutSuite/core/conditions.py,"('https://github.com/nccgroup/ScoutSuite/tree/master/tests/test_utils_conditions.py', 'tests.test_utils_conditions', 'TestOpinelConditionClass', 'test_pass_condition')",0,1,,,,1
https://github.com/nccgroup/ScoutSuite/tree/master/ScoutSuite/core/conditions.py,"('https://github.com/nccgroup/ScoutSuite/tree/master/tests/test_utils_conditions.py', 'tests.test_utils_conditions', 'TestOpinelConditionClass', 'test_pass_condition')",1,1,,,,1
https://github.com/networkx/networkx/tree/master/networkx/algorithms/approximation/treewidth.py,"('https://github.com/networkx/networkx/tree/master/networkx/algorithms/approximation/tests/test_treewidth.py', 'networkx.algorithms.approximation.tests.test_treewidth', 'TestTreewidthMinFillIn', 'test_heuristic_first_steps')",2,,1,,,1
https://github.com/networkx/networkx/tree/master/networkx/algorithms/approximation/treewidth.py,"('https://github.com/networkx/networkx/tree/master/networkx/algorithms/approximation/tests/test_treewidth.py', 'networkx.algorithms.approximation.tests.test_treewidth', 'TestTreewidthMinFillIn', 'test_heuristic_first_steps')",0,,1,,,1
https://github.com/networkx/networkx/tree/master/networkx/algorithms/approximation/treewidth.py,"('https://github.com/networkx/networkx/tree/master/networkx/algorithms/approximation/tests/test_treewidth.py', 'networkx.algorithms.approximation.tests.test_treewidth', 'TestTreewidthMinFillIn', 'test_heuristic_first_steps')",1,,1,,,1
https://github.com/networkx/networkx/tree/master/networkx/algorithms/bipartite/centrality.py,"('https://github.com/networkx/networkx/tree/master/networkx/algorithms/bipartite/tests/test_centrality.py', 'networkx.algorithms.bipartite.tests.test_centrality', 'TestBipartiteCentrality', 'test_degree_centrality')",1,1,,,,1
https://github.com/networkx/networkx/tree/master/networkx/algorithms/bipartite/centrality.py,"('https://github.com/networkx/networkx/tree/master/networkx/algorithms/bipartite/tests/test_centrality.py', 'networkx.algorithms.bipartite.tests.test_centrality', 'TestBipartiteCentrality', 'test_degree_centrality')",0,1,,,,1
https://github.com/networkx/networkx/tree/master/networkx/algorithms/bipartite/centrality.py,"('https://github.com/networkx/networkx/tree/master/networkx/algorithms/bipartite/tests/test_centrality.py', 'networkx.algorithms.bipartite.tests.test_centrality', 'TestBipartiteCentrality', 'test_davis_degree_centrality')",0,1,,,,1
https://github.com/networkx/networkx/tree/master/networkx/algorithms/bipartite/generators.py,"('https://github.com/networkx/networkx/tree/master/networkx/algorithms/bipartite/tests/test_generators.py', 'networkx.algorithms.bipartite.tests.test_generators', 'TestGeneratorsBipartite', 'test_configuration_model')",4,1,,,,1
https://github.com/networkx/networkx/tree/master/networkx/algorithms/bipartite/generators.py,"('https://github.com/networkx/networkx/tree/master/networkx/algorithms/bipartite/tests/test_generators.py', 'networkx.algorithms.bipartite.tests.test_generators', 'TestGeneratorsBipartite', 'test_configuration_model')",1,1,,,,1
https://github.com/networkx/networkx/tree/master/networkx/algorithms/bipartite/generators.py,"('https://github.com/networkx/networkx/tree/master/networkx/algorithms/bipartite/tests/test_generators.py', 'networkx.algorithms.bipartite.tests.test_generators', 'TestGeneratorsBipartite', 'test_configuration_model')",0,1,,,,1
https://github.com/networkx/networkx/tree/master/networkx/algorithms/bipartite/generators.py,"('https://github.com/networkx/networkx/tree/master/networkx/algorithms/bipartite/tests/test_generators.py', 'networkx.algorithms.bipartite.tests.test_generators', 'TestGeneratorsBipartite', 'test_configuration_model')",3,1,,,,1
https://github.com/networkx/networkx/tree/master/networkx/algorithms/bipartite/generators.py,"('https://github.com/networkx/networkx/tree/master/networkx/algorithms/bipartite/tests/test_generators.py', 'networkx.algorithms.bipartite.tests.test_generators', 'TestGeneratorsBipartite', 'test_configuration_model')",5,1,,,,1
https://github.com/networkx/networkx/tree/master/networkx/algorithms/community/label_propagation.py,"('https://github.com/networkx/networkx/tree/master/networkx/algorithms/community/tests/test_label_propagation.py', 'networkx.algorithms.community.tests.test_label_propagation', 'TestAsynLpaCommunities', 'test_seed_argument')",0,1,,,,1
https://github.com/networkx/networkx/tree/master/networkx/generators/joint_degree_seq.py,"('https://github.com/networkx/networkx/tree/master/networkx/generators/tests/test_joint_degree_seq.py', 'networkx.generators.tests.test_joint_degree_seq', '', 'test_joint_degree_graph')",3,1,,,,1
https://github.com/networkx/networkx/tree/master/networkx/generators/joint_degree_seq.py,"('https://github.com/networkx/networkx/tree/master/networkx/generators/tests/test_joint_degree_seq.py', 'networkx.generators.tests.test_joint_degree_seq', '', 'test_joint_degree_graph')",9,1,,,,1
https://github.com/networkx/networkx/tree/master/networkx/generators/joint_degree_seq.py,"('https://github.com/networkx/networkx/tree/master/networkx/generators/tests/test_joint_degree_seq.py', 'networkx.generators.tests.test_joint_degree_seq', '', 'test_joint_degree_graph')",0,1,,,,1
https://github.com/networkx/networkx/tree/master/networkx/generators/joint_degree_seq.py,"('https://github.com/networkx/networkx/tree/master/networkx/generators/tests/test_joint_degree_seq.py', 'networkx.generators.tests.test_joint_degree_seq', '', 'test_joint_degree_graph')",8,1,,,,1
https://github.com/networkx/networkx/tree/master/networkx/generators/joint_degree_seq.py,"('https://github.com/networkx/networkx/tree/master/networkx/generators/tests/test_joint_degree_seq.py', 'networkx.generators.tests.test_joint_degree_seq', '', 'test_joint_degree_graph')",4,1,,,,1
https://github.com/networkx/networkx/tree/master/networkx/generators/joint_degree_seq.py,"('https://github.com/networkx/networkx/tree/master/networkx/generators/tests/test_joint_degree_seq.py', 'networkx.generators.tests.test_joint_degree_seq', '', 'test_joint_degree_graph')",7,1,,,,1
https://github.com/networkx/networkx/tree/master/networkx/generators/joint_degree_seq.py,"('https://github.com/networkx/networkx/tree/master/networkx/generators/tests/test_joint_degree_seq.py', 'networkx.generators.tests.test_joint_degree_seq', '', 'test_joint_degree_graph')",1,1,,,,1
https://github.com/networkx/networkx/tree/master/networkx/generators/joint_degree_seq.py,"('https://github.com/networkx/networkx/tree/master/networkx/generators/tests/test_joint_degree_seq.py', 'networkx.generators.tests.test_joint_degree_seq', '', 'test_joint_degree_graph')",5,1,,,,1
https://github.com/networkx/networkx/tree/master/networkx/readwrite/json_graph/tree.py,"('https://github.com/networkx/networkx/tree/master/networkx/readwrite/json_graph/tests/test_tree.py', 'networkx.readwrite.json_graph.tests.test_tree', '', 'test_attrs_deprecation')",0,1,,,,1
https://github.com/networkx/networkx/tree/master/networkx/readwrite/json_graph/tree.py,"('https://github.com/networkx/networkx/tree/master/networkx/readwrite/json_graph/tests/test_tree.py', 'networkx.readwrite.json_graph.tests.test_tree', '', 'test_graph')",0,1,,,,1
https://github.com/networkx/networkx/tree/master/networkx/readwrite/json_graph/tree.py,"('https://github.com/networkx/networkx/tree/master/networkx/readwrite/json_graph/tests/test_tree.py', 'networkx.readwrite.json_graph.tests.test_tree', '', 'test_attrs_deprecation')",1,1,,,,1
https://github.com/networkx/networkx/tree/master/networkx/utils/random_sequence.py,"('https://github.com/networkx/networkx/tree/master/networkx/utils/tests/test_random_sequence.py', 'networkx.utils.tests.test_random_sequence', '', 'test_zipf_rv')",1,1,,,,1
https://github.com/networkx/networkx/tree/master/networkx/utils/random_sequence.py,"('https://github.com/networkx/networkx/tree/master/networkx/utils/tests/test_random_sequence.py', 'networkx.utils.tests.test_random_sequence', '', 'test_zipf_rv')",0,1,,,,1
https://github.com/networkx/networkx/tree/master/networkx/utils/random_sequence.py,"('https://github.com/networkx/networkx/tree/master/networkx/utils/tests/test_random_sequence.py', 'networkx.utils.tests.test_random_sequence', '', 'test_zipf_rv')",2,1,,,,1
https://github.com/Nikolay-Kha/PyCNC/tree/master/cnc/hal_virtual.py,"('https://github.com/Nikolay-Kha/PyCNC/tree/master/tests/test_pulses.py', 'tests.test_pulses', 'TestPulses', 'test_with_hal_virtual')",2,1,,,,1
https://github.com/Nikolay-Kha/PyCNC/tree/master/cnc/hal_virtual.py,"('https://github.com/Nikolay-Kha/PyCNC/tree/master/tests/test_pulses.py', 'tests.test_pulses', 'TestPulses', 'test_with_hal_virtual')",6,1,,,,1
https://github.com/Nikolay-Kha/PyCNC/tree/master/cnc/hal_virtual.py,"('https://github.com/Nikolay-Kha/PyCNC/tree/master/tests/test_pulses.py', 'tests.test_pulses', 'TestPulses', 'test_with_hal_virtual')",4,1,,,,1
https://github.com/Nikolay-Kha/PyCNC/tree/master/cnc/hal_virtual.py,"('https://github.com/Nikolay-Kha/PyCNC/tree/master/tests/test_pulses.py', 'tests.test_pulses', 'TestPulses', 'test_with_hal_virtual')",1,1,,,,1
https://github.com/Nikolay-Kha/PyCNC/tree/master/cnc/hal_virtual.py,"('https://github.com/Nikolay-Kha/PyCNC/tree/master/tests/test_pulses.py', 'tests.test_pulses', 'TestPulses', 'test_with_hal_virtual')",0,1,,,,1
https://github.com/Nikolay-Kha/PyCNC/tree/master/cnc/hal_virtual.py,"('https://github.com/Nikolay-Kha/PyCNC/tree/master/tests/test_pulses.py', 'tests.test_pulses', 'TestPulses', 'test_with_hal_virtual')",3,1,,,,1
https://github.com/Nikolay-Kha/PyCNC/tree/master/cnc/hal_virtual.py,"('https://github.com/Nikolay-Kha/PyCNC/tree/master/tests/test_pulses.py', 'tests.test_pulses', 'TestPulses', 'test_with_hal_virtual')",5,1,,,,1
https://github.com/nodejs/node-gyp/tree/master/gyp/pylib/gyp/generator/msvs.py,"('https://github.com/nodejs/node-gyp/tree/master/gyp/pylib/gyp/generator/msvs_test.py', 'gyp.pylib.gyp.generator.msvs_test', 'TestSequenceFunctions', 'test_GetLibraries')",1,1,,,,1
https://github.com/nodejs/node-gyp/tree/master/gyp/pylib/gyp/generator/msvs.py,"('https://github.com/nodejs/node-gyp/tree/master/gyp/pylib/gyp/generator/msvs_test.py', 'gyp.pylib.gyp.generator.msvs_test', 'TestSequenceFunctions', 'test_GetLibraries')",2,1,,,,1
https://github.com/nodejs/node-gyp/tree/master/gyp/pylib/gyp/generator/msvs.py,"('https://github.com/nodejs/node-gyp/tree/master/gyp/pylib/gyp/generator/msvs_test.py', 'gyp.pylib.gyp.generator.msvs_test', 'TestSequenceFunctions', 'test_GetLibraries')",4,1,,,,1
https://github.com/OmkarPathak/pygorithm/tree/master/pygorithm/data_structures/graph.py,"('https://github.com/OmkarPathak/pygorithm/tree/master/tests/test_data_structure.py', 'tests.test_data_structure', 'TestKruskal', 'test_minimum_spanning_tree')",0,1,,,,1
https://github.com/OmkarPathak/pygorithm/tree/master/pygorithm/data_structures/quadtree.py,"('https://github.com/OmkarPathak/pygorithm/tree/master/tests/test_data_structure.py', 'tests.test_data_structure', 'TestQuadTree', 'test_split_entities')",1,1,,,,1
https://github.com/OmkarPathak/pygorithm/tree/master/pygorithm/data_structures/quadtree.py,"('https://github.com/OmkarPathak/pygorithm/tree/master/tests/test_data_structure.py', 'tests.test_data_structure', 'TestQuadTree', 'test_split_entities')",0,1,,,,1
https://github.com/OmkarPathak/pygorithm/tree/master/pygorithm/math/matrix_operations.py,"('https://github.com/OmkarPathak/pygorithm/tree/master/tests/test_math.py', 'tests.test_math', 'TestMatrixOperations', 'test_matrix_rotate')",0,1,,,,1
https://github.com/openai/gym/tree/master/gym/wrappers/normalize.py,"('https://github.com/openai/gym/tree/master/tests/wrappers/test_normalize.py', 'tests.wrappers.test_normalize', '', 'test_normalize_return_vector_env')",1,1,,,,1
https://github.com/openai/gym/tree/master/gym/wrappers/normalize.py,"('https://github.com/openai/gym/tree/master/tests/wrappers/test_normalize.py', 'tests.wrappers.test_normalize', '', 'test_normalize_return_vector_env')",0,1,,,,1
https://github.com/open-io/oio-sds/tree/master/oio/api/object_storage.py,"('https://github.com/open-io/oio-sds/tree/master/tests/unit/api/test_objectstorage.py', 'tests.unit.api.test_objectstorage', 'ObjectStorageTest', 'test_object_list')",0,1,,,,1
https://github.com/openZH/covid_19/tree/master/scrapers/scrape_common.py,"('https://github.com/openZH/covid_19/tree/master/scrapers/test/test_district_data.py', 'scrapers.test.test_district_data', '', 'test_district_data')",0,1,,,,1
https://github.com/Pebaz/nimporter/tree/master//nimporter.py,"('https://github.com/Pebaz/nimporter/tree/master/tests/test_nimporter.py', 'tests.test_nimporter', '', 'test_hash')",0,1,,,,1
https://github.com/pmneila/morphsnakes/tree/master//morphsnakes.py,"('https://github.com/pmneila/morphsnakes/tree/master//test_morphsnakes.py', 'test_morphsnakes', '', 'test_morphsnakes_simple_shape_chan_vese')",1,1,,,,1
https://github.com/pmneila/morphsnakes/tree/master//morphsnakes.py,"('https://github.com/pmneila/morphsnakes/tree/master//test_morphsnakes.py', 'test_morphsnakes', '', 'test_init_level_sets')",0,1,,,,1
https://github.com/pmneila/morphsnakes/tree/master//morphsnakes.py,"('https://github.com/pmneila/morphsnakes/tree/master//test_morphsnakes.py', 'test_morphsnakes', '', 'test_morphsnakes_simple_shape_chan_vese')",0,1,,,,1
https://github.com/pmneila/morphsnakes/tree/master//morphsnakes.py,"('https://github.com/pmneila/morphsnakes/tree/master//test_morphsnakes.py', 'test_morphsnakes', '', 'test_morphsnakes_black')",0,1,,,,1
https://github.com/pmneila/morphsnakes/tree/master//morphsnakes.py,"('https://github.com/pmneila/morphsnakes/tree/master//test_morphsnakes.py', 'test_morphsnakes', '', 'test_morphsnakes_black')",0,1,,,,1
https://github.com/pmneila/morphsnakes/tree/master//morphsnakes.py,"('https://github.com/pmneila/morphsnakes/tree/master//test_morphsnakes.py', 'test_morphsnakes', '', 'test_morphsnakes_black')",1,1,,,,1
https://github.com/pmneila/morphsnakes/tree/master//morphsnakes.py,"('https://github.com/pmneila/morphsnakes/tree/master//test_morphsnakes.py', 'test_morphsnakes', '', 'test_morphsnakes_3d')",0,1,,,,1
https://github.com/pmneila/morphsnakes/tree/master//morphsnakes.py,"('https://github.com/pmneila/morphsnakes/tree/master//test_morphsnakes.py', 'test_morphsnakes', '', 'test_morphsnakes_simple_shape_geodesic_active_contour')",0,1,,,,1
https://github.com/psf/pyperf/tree/master/pyperf/_bench.py,"('https://github.com/psf/pyperf/tree/master/pyperf/tests/test_bench.py', 'pyperf.tests.test_bench', 'BenchmarkTests', 'test_get_total_duration')",0,1,,,,1
https://github.com/psf/pyperf/tree/master/pyperf/_bench.py,"('https://github.com/psf/pyperf/tree/master/pyperf/tests/test_bench.py', 'pyperf.tests.test_bench', 'BenchmarkTests', 'test_add_run')",0,1,,,,1
https://github.com/psf/pyperf/tree/master/pyperf/_bench.py,"('https://github.com/psf/pyperf/tree/master/pyperf/tests/test_bench.py', 'pyperf.tests.test_bench', 'BenchmarkTests', 'test_get_total_duration')",1,1,,,,1
https://github.com/psf/pyperf/tree/master/pyperf/_bench.py,"('https://github.com/psf/pyperf/tree/master/pyperf/tests/test_bench.py', 'pyperf.tests.test_bench', 'BenchmarkTests', 'test_get_dates')",0,1,,,,1
https://github.com/psf/pyperf/tree/master/pyperf/_bench.py,"('https://github.com/psf/pyperf/tree/master/pyperf/tests/test_bench.py', 'pyperf.tests.test_bench', 'BenchmarkTests', 'test_add_run')",2,1,,,,1
https://github.com/psf/pyperf/tree/master/pyperf/_bench.py,"('https://github.com/psf/pyperf/tree/master/pyperf/tests/test_bench.py', 'pyperf.tests.test_bench', 'BenchmarkTests', 'test_add_run')",1,1,,,,1
https://github.com/psf/pyperf/tree/master/pyperf/_bench.py,"('https://github.com/psf/pyperf/tree/master/pyperf/tests/test_bench.py', 'pyperf.tests.test_bench', 'BenchmarkTests', 'test_get_nvalue')",0,1,,,,1
https://github.com/psf/pyperf/tree/master/pyperf/_formatter.py,"('https://github.com/psf/pyperf/tree/master/pyperf/tests/test_utils.py', 'pyperf.tests.test_utils', 'TestUtils', 'test_timedelta_stdev')",2,1,,,,1
https://github.com/psf/pyperf/tree/master/pyperf/_formatter.py,"('https://github.com/psf/pyperf/tree/master/pyperf/tests/test_utils.py', 'pyperf.tests.test_utils', 'TestUtils', 'test_timedelta_stdev')",0,1,,,,1
https://github.com/python-social-auth/social-core/tree/master/social_core/utils.py,"('https://github.com/python-social-auth/social-core/tree/master/social_core/tests/test_utils.py', 'social_core.tests.test_utils', 'PartialPipelineData', 'test_kwargs_included_in_result')",0,1,,,,1
https://github.com/python-social-auth/social-core/tree/master/social_core/utils.py,"('https://github.com/python-social-auth/social-core/tree/master/social_core/tests/test_utils.py', 'social_core.tests.test_utils', 'PartialPipelineData', 'test_clean_pipeline_when_uid_does_not_match')",0,1,,,,1
https://github.com/python-social-auth/social-core/tree/master/social_core/utils.py,"('https://github.com/python-social-auth/social-core/tree/master/social_core/tests/test_utils.py', 'social_core.tests.test_utils', 'PartialPipelineData', 'test_returns_partial_when_uid_and_email_do_match')",0,1,,,,1
https://github.com/python-social-auth/social-core/tree/master/social_core/utils.py,"('https://github.com/python-social-auth/social-core/tree/master/social_core/tests/test_utils.py', 'social_core.tests.test_utils', 'PartialPipelineData', 'test_kwargs_included_in_result')",0,1,,,,1
https://github.com/python-social-auth/social-core/tree/master/social_core/utils.py,"('https://github.com/python-social-auth/social-core/tree/master/social_core/tests/test_utils.py', 'social_core.tests.test_utils', 'PartialPipelineData', 'test_clean_pipeline_when_uid_does_not_match')",0,1,,,,1
https://github.com/python-social-auth/social-core/tree/master/social_core/utils.py,"('https://github.com/python-social-auth/social-core/tree/master/social_core/tests/test_utils.py', 'social_core.tests.test_utils', 'PartialPipelineData', 'test_update_user')",0,1,,,,1
https://github.com/python-social-auth/social-core/tree/master/social_core/utils.py,"('https://github.com/python-social-auth/social-core/tree/master/social_core/tests/test_utils.py', 'social_core.tests.test_utils', 'PartialPipelineData', 'test_returns_partial_when_uid_and_email_do_match')",0,1,,,,1
https://github.com/PyTorchLightning/lightning-flash/tree/master/flash/core/classification.py,"('https://github.com/PyTorchLightning/lightning-flash/tree/master/tests/core/test_classification.py', 'tests.core.test_classification', '', 'test_classification_outputs_multi_label')",0,1,,,,1
https://github.com/PyTorchLightning/lightning-flash/tree/master/flash/core/data/utils.py,"('https://github.com/PyTorchLightning/lightning-flash/tree/master/tests/core/integrations/labelstudio/test_labelstudio.py', 'tests.core.integrations.labelstudio.test_labelstudio', '', 'test_input_labelstudio')",0,1,,,,1
https://github.com/PyTorchLightning/lightning-flash/tree/master/flash/core/serve/dag/utils.py,"('https://github.com/PyTorchLightning/lightning-flash/tree/master/tests/core/serve/test_dag/test_utils.py', 'tests.core.serve.test_dag.test_utils', '', 'test_partial_by_order')",0,1,,,,1
https://github.com/rlabbe/filterpy/tree/master/filterpy/common/discretization.py,"('https://github.com/rlabbe/filterpy/tree/master/filterpy/common/tests/test_discretization.py', 'filterpy.common.tests.test_discretization', '', 'test_linear_ode')",0,,1,,,1
https://github.com/samuelcolvin/pydantic/tree/master/pydantic/schema.py,"('https://github.com/samuelcolvin/pydantic/tree/master/tests/test_schema.py', 'tests.test_schema', '', 'test_model_name_maps')",0,1,,,,1
https://github.com/schematics/schematics/tree/master/schematics/iteration.py,"('https://github.com/schematics/schematics/tree/master/tests/test_private_api.py', 'tests.test_private_api', '', 'test_atoms_api_keys_param')",0,1,,,,1
https://github.com/sendgrid/sendgrid-python/tree/master/sendgrid/helpers/inbound/send.py,"('https://github.com/sendgrid/sendgrid-python/tree/master/test/test_inbound_send.py', 'test.test_inbound_send', 'UnitTests', 'test_main_call')",0,1,,,,1
https://github.com/seperman/deepdiff/tree/master/deepdiff/diff.py,"('https://github.com/seperman/deepdiff/tree/master/tests/test_diff_other.py', 'tests.test_diff_other', 'TestDiffOther', 'test_get_distance_cache_key')",0,1,,,,1
https://github.com/smicallef/spiderfoot/tree/master/modules/sfp_bitcoinabuse.py,"('https://github.com/smicallef/spiderfoot/tree/master/test/unit/modules/test_sfp_bitcoinabuse.py', 'test.unit.modules.test_sfp_bitcoinabuse', 'TestModuleBitcoinAbuse', 'test_handleEvent_no_api_key_should_set_errorState')",0,1,,,,1
https://github.com/smicallef/spiderfoot/tree/master/modules/sfp_certspotter.py,"('https://github.com/smicallef/spiderfoot/tree/master/test/unit/modules/test_sfp_certspotter.py', 'test.unit.modules.test_sfp_certspotter', 'TestModulecertspotter', 'test_handleEvent_no_api_key_should_set_errorState')",0,1,,,,1
https://github.com/smicallef/spiderfoot/tree/master/modules/sfp_dronebl.py,"('https://github.com/smicallef/spiderfoot/tree/master/test/unit/modules/test_sfp_dronebl.py', 'test.unit.modules.test_sfp_dronebl', 'TestModuledronebl', 'test_handleEvent_event_data_safe_ip_address_not_blocked_should_not_return_event')",0,1,,,,1
https://github.com/smicallef/spiderfoot/tree/master/modules/sfp_grep_app.py,"('https://github.com/smicallef/spiderfoot/tree/master/test/unit/modules/test_sfp_grep_app.py', 'test.unit.modules.test_sfp_grep_app', 'TestModulegrep_app', 'test_setup')",0,1,,,,1
https://github.com/smicallef/spiderfoot/tree/master/modules/sfp_hostio.py,"('https://github.com/smicallef/spiderfoot/tree/master/test/unit/modules/test_sfp_hostio.py', 'test.unit.modules.test_sfp_hostio', 'TestModulehostio', 'test_handleEvent_no_api_key_should_set_errorState')",0,1,,,,1
https://github.com/smicallef/spiderfoot/tree/master/modules/sfp_networksdb.py,"('https://github.com/smicallef/spiderfoot/tree/master/test/unit/modules/test_sfp_networksdb.py', 'test.unit.modules.test_sfp_networksdb', 'TestModulenetworksdb', 'test_setup')",0,1,,,,1
https://github.com/smicallef/spiderfoot/tree/master/modules/sfp_securitytrails.py,"('https://github.com/smicallef/spiderfoot/tree/master/test/unit/modules/test_sfp_securitytrails.py', 'test.unit.modules.test_sfp_securitytrails', 'TestModulesecuritytrails', 'test_setup')",0,1,,,,1
https://github.com/smicallef/spiderfoot/tree/master/modules/sfp_securitytrails.py,"('https://github.com/smicallef/spiderfoot/tree/master/test/unit/modules/test_sfp_securitytrails.py', 'test.unit.modules.test_sfp_securitytrails', 'TestModulesecuritytrails', 'test_handleEvent_no_api_key_should_set_errorState')",0,1,,,,1
https://github.com/smicallef/spiderfoot/tree/master/modules/sfp_snov.py,"('https://github.com/smicallef/spiderfoot/tree/master/test/unit/modules/test_sfp_snov.py', 'test.unit.modules.test_sfp_snov', 'TestModulesnov', 'test_handleEvent_no_api_key_should_set_errorState')",0,1,,,,1
https://github.com/smicallef/spiderfoot/tree/master/modules/sfp_spamhaus.py,"('https://github.com/smicallef/spiderfoot/tree/master/test/unit/modules/test_sfp_spamhaus.py', 'test.unit.modules.test_sfp_spamhaus', 'TestModulespamhaus', 'test_handleEvent_event_data_safe_ip_address_not_blocked_should_not_return_event')",0,1,,,,1
https://github.com/smicallef/spiderfoot/tree/master/modules/sfp_tool_nmap.py,"('https://github.com/smicallef/spiderfoot/tree/master/test/unit/modules/test_sfp_tool_nmap.py', 'test.unit.modules.test_sfp_tool_nmap', 'TestModuletool_nmap', 'test_handleEvent_no_tool_path_configured_should_set_errorState')",0,1,,,,1
https://github.com/smicallef/spiderfoot/tree/master/modules/sfp_tool_nmap.py,"('https://github.com/smicallef/spiderfoot/tree/master/test/unit/modules/test_sfp_tool_nmap.py', 'test.unit.modules.test_sfp_tool_nmap', 'TestModuletool_nmap', 'test_setup')",0,1,,,,1
https://github.com/smicallef/spiderfoot/tree/master/modules/sfp_zetalytics.py,"('https://github.com/smicallef/spiderfoot/tree/master/test/unit/modules/test_sfp_zetalytics.py', 'test.unit.modules.test_sfp_zetalytics', 'TestModuleZetalytics', 'test_handleEvent_no_api_key_should_set_errorState')",0,1,,,,1
https://github.com/socialpoint-labs/sheetfu/tree/master/sheetfu/helpers.py,"('https://github.com/socialpoint-labs/sheetfu/tree/master/tests/test_a1_converters.py', 'tests.test_a1_converters', 'TestCoordinatesToA1', 'test_coordinates_multiple_cells')",2,1,,,,1
https://github.com/socialpoint-labs/sheetfu/tree/master/sheetfu/helpers.py,"('https://github.com/socialpoint-labs/sheetfu/tree/master/tests/test_a1_converters.py', 'tests.test_a1_converters', 'TestCoordinatesToA1', 'test_coordinates_multiple_cells')",0,1,,,,1
https://github.com/socialpoint-labs/sheetfu/tree/master/sheetfu/helpers.py,"('https://github.com/socialpoint-labs/sheetfu/tree/master/tests/test_a1_converters.py', 'tests.test_a1_converters', 'TestCoordinatesToA1', 'test_coordinates_multiple_cells')",3,1,,,,1
https://github.com/spaam/svtplay-dl/tree/master/lib/svtplay_dl/utils/output.py,"('https://github.com/spaam/svtplay-dl/tree/master/lib/svtplay_dl/tests/test_output.py', 'lib.svtplay_dl.tests.test_output', 'EtaTest', 'test_eta_0_100')",3,1,,,,1
https://github.com/spaam/svtplay-dl/tree/master/lib/svtplay_dl/utils/output.py,"('https://github.com/spaam/svtplay-dl/tree/master/lib/svtplay_dl/tests/test_output.py', 'lib.svtplay_dl.tests.test_output', 'EtaTest', 'test_eta_0_100')",0,1,,,,1
https://github.com/stanislav-web/OpenDoor/tree/master/src/lib/package/package.py,"('https://github.com/stanislav-web/OpenDoor/tree/master/tests/test_lib_package.py', 'tests.test_lib_package', 'TestPackage', 'test_check_interpreter')",0,1,,,,1
https://github.com/sunainapai/makesite/tree/master//makesite.py,"('https://github.com/sunainapai/makesite/tree/master/test/test_content.py', 'test.test_content', 'ContentTest', 'test_content_headers')",0,1,,,,1
https://github.com/sunainapai/makesite/tree/master//makesite.py,"('https://github.com/sunainapai/makesite/tree/master/test/test_content.py', 'test.test_content', 'ContentTest', 'test_markdown_import_error')",0,1,,,,1
https://github.com/sunainapai/makesite/tree/master//makesite.py,"('https://github.com/sunainapai/makesite/tree/master/test/test_content.py', 'test.test_content', 'ContentTest', 'test_no_markdown_rendering')",0,1,,,,1
https://github.com/sunainapai/makesite/tree/master//makesite.py,"('https://github.com/sunainapai/makesite/tree/master/test/test_content.py', 'test.test_content', 'ContentTest', 'test_no_markdown_import_error')",0,1,,,,1
https://github.com/sunainapai/makesite/tree/master//makesite.py,"('https://github.com/sunainapai/makesite/tree/master/test/test_content.py', 'test.test_content', 'ContentTest', 'test_content_slug_dated')",0,1,,,,1
https://github.com/sunainapai/makesite/tree/master//makesite.py,"('https://github.com/sunainapai/makesite/tree/master/test/test_content.py', 'test.test_content', 'ContentTest', 'test_content_date_missing')",0,1,,,,1
https://github.com/sunainapai/makesite/tree/master//makesite.py,"('https://github.com/sunainapai/makesite/tree/master/test/test_content.py', 'test.test_content', 'ContentTest', 'test_content_content')",0,1,,,,1
https://github.com/Suor/funcy/tree/master/funcy/seqs.py,"('https://github.com/Suor/funcy/tree/master/tests/test_seqs.py', 'tests.test_seqs', '', 'test_group_by_keys')",0,1,,,,1
https://github.com/Suor/funcy/tree/master/funcy/seqs.py,"('https://github.com/Suor/funcy/tree/master/tests/test_seqs.py', 'tests.test_seqs', '', 'test_group_by')",0,1,,,,1
https://github.com/Suor/funcy/tree/master/funcy/seqs.py,"('https://github.com/Suor/funcy/tree/master/tests/test_seqs.py', 'tests.test_seqs', '', 'test_group_by')",1,1,,,,1
https://github.com/TheLocehiliosan/yadm/tree/master/test/utils.py,"('https://github.com/TheLocehiliosan/yadm/tree/master/test/test_alt.py', 'test.test_alt', '', 'test_stale_link_removal')",0,,1,,,1
https://github.com/tzutalin/labelImg/tree/master/libs/create_ml_io.py,"('https://github.com/tzutalin/labelImg/tree/master/tests/test_io.py', 'tests.test_io', 'TestCreateMLRW', 'test_a_write')",0,,1,,,1
https://github.com/vim-vdebug/vdebug/tree/master/python3/vdebug/breakpoint.py,"('https://github.com/vim-vdebug/vdebug/tree/master/tests/test_breakpoint_breakpoint.py', 'tests.test_breakpoint_breakpoint', 'BreakpointTest', 'test_parse_with_conditional_breakpoint')",0,1,,,,1
https://github.com/yaqwsx/KiKit/tree/master/kikit/intervals.py,"('https://github.com/yaqwsx/KiKit/tree/master/test/units/test_intervals.py', 'test.units.test_intervals', '', 'test_trimShadows')",0,1,,,,1
https://github.com/yt-dlp/yt-dlp/tree/master/yt_dlp/utils.py,"('https://github.com/yt-dlp/yt-dlp/tree/master/test/test_utils.py', 'test.test_utils', 'TestUtil', 'test_xpath_with_ns')",0,1,,,,1
https://github.com/zvtvz/zvt/tree/master/zvt/recorders/em/em_api.py,"('https://github.com/zvtvz/zvt/tree/master/tests/recorders/em/test_em_api.py', 'tests.recorders.em.test_em_api', '', 'test_get_kdata')",1,,1,,,1
https://github.com/zvtvz/zvt/tree/master/zvt/recorders/em/em_api.py,"('https://github.com/zvtvz/zvt/tree/master/tests/recorders/em/test_em_api.py', 'tests.recorders.em.test_em_api', '', 'test_get_kdata')",0,,1,,,1
https://github.com/zvtvz/zvt/tree/master/zvt/recorders/em/em_api.py,"('https://github.com/zvtvz/zvt/tree/master/tests/recorders/em/test_em_api.py', 'tests.recorders.em.test_em_api', '', 'test_get_kdata')",4,,1,,,1
https://github.com/zvtvz/zvt/tree/master/zvt/recorders/em/em_api.py,"('https://github.com/zvtvz/zvt/tree/master/tests/recorders/em/test_em_api.py', 'tests.recorders.em.test_em_api', '', 'test_get_kdata')",4,,1,,,1
https://github.com/zvtvz/zvt/tree/master/zvt/recorders/em/em_api.py,"('https://github.com/zvtvz/zvt/tree/master/tests/recorders/em/test_em_api.py', 'tests.recorders.em.test_em_api', '', 'test_get_kdata')",4,1,,,,1
https://github.com/zvtvz/zvt/tree/master/zvt/recorders/em/em_api.py,"('https://github.com/zvtvz/zvt/tree/master/tests/recorders/em/test_em_api.py', 'tests.recorders.em.test_em_api', '', 'test_get_kdata')",2,,1,,,1
https://github.com/zvtvz/zvt/tree/master/zvt/recorders/em/em_api.py,"('https://github.com/zvtvz/zvt/tree/master/tests/recorders/em/test_em_api.py', 'tests.recorders.em.test_em_api', '', 'test_get_kdata')",5,1,,,,1
https://github.com/zvtvz/zvt/tree/master/zvt/recorders/em/em_api.py,"('https://github.com/zvtvz/zvt/tree/master/tests/recorders/em/test_em_api.py', 'tests.recorders.em.test_em_api', '', 'test_get_kdata')",0,,1,,,1
https://github.com/zvtvz/zvt/tree/master/zvt/recorders/em/em_api.py,"('https://github.com/zvtvz/zvt/tree/master/tests/recorders/em/test_em_api.py', 'tests.recorders.em.test_em_api', '', 'test_get_kdata')",0,1,,,,1
https://github.com/zvtvz/zvt/tree/master/zvt/recorders/em/em_api.py,"('https://github.com/zvtvz/zvt/tree/master/tests/recorders/em/test_em_api.py', 'tests.recorders.em.test_em_api', '', 'test_get_kdata')",5,,1,,,1
https://github.com/zvtvz/zvt/tree/master/zvt/recorders/em/em_api.py,"('https://github.com/zvtvz/zvt/tree/master/tests/recorders/em/test_em_api.py', 'tests.recorders.em.test_em_api', '', 'test_get_kdata')",1,1,,,,1
https://github.com/zvtvz/zvt/tree/master/zvt/utils/time_utils.py,"('https://github.com/zvtvz/zvt/tree/master/tests/utils/test_time_utils.py', 'tests.utils.test_time_utils', '', 'test_split_time_interval_month')",0,1,,,,1
https://github.com/zvtvz/zvt/tree/master/zvt/utils/time_utils.py,"('https://github.com/zvtvz/zvt/tree/master/tests/utils/test_time_utils.py', 'tests.utils.test_time_utils', '', 'test_split_time_interval')",0,1,,,,1
,,,305,60,0,6,
,,,0.822102426,0.161725067,0,0.016172507,
