file_html,test_me_inf,instance,Note,R1-add,R2-replace,R4-overload,R5-complex,
https://github.com/sympy/sympy/tree/master/sympy/solvers/polysys.py,"('https://github.com/sympy/sympy/tree/master/sympy/solvers/tests/test_polysys.py', 'sympy.solvers.tests.test_polysys', '', 'test_solve_triangulated')",1,"zeros:
list",,1,,,1
https://github.com/sympy/sympy/tree/master/sympy/solvers/polysys.py,"('https://github.com/sympy/sympy/tree/master/sympy/solvers/tests/test_polysys.py', 'sympy.solvers.tests.test_polysys', '', 'test_solve_triangulated')",0,,1,,,,1
https://github.com/sympy/sympy/tree/master/sympy/simplify/radsimp.py,"('https://github.com/sympy/sympy/tree/master/sympy/simplify/tests/test_radsimp.py', 'sympy.simplify.tests.test_radsimp', '', 'test_collect_const')",0,,,,,1,1
https://github.com/sympy/sympy/tree/master/sympy/simplify/radsimp.py,"('https://github.com/sympy/sympy/tree/master/sympy/simplify/tests/test_radsimp.py', 'sympy.simplify.tests.test_radsimp', '', 'test_collect_const')",1,,,,,1,1
https://github.com/sympy/sympy/tree/master/sympy/simplify/radsimp.py,"('https://github.com/sympy/sympy/tree/master/sympy/simplify/tests/test_radsimp.py', 'sympy.simplify.tests.test_radsimp', '', 'test_collect_const')",2,,,,,1,1
https://github.com/sympy/sympy/tree/master/sympy/simplify/radsimp.py,"('https://github.com/sympy/sympy/tree/master/sympy/simplify/tests/test_radsimp.py', 'sympy.simplify.tests.test_radsimp', '', 'test_collect_const')",0,,1,,,,1
https://github.com/sympy/sympy/tree/master/sympy/simplify/radsimp.py,"('https://github.com/sympy/sympy/tree/master/sympy/simplify/tests/test_radsimp.py', 'sympy.simplify.tests.test_radsimp', '', 'test_collect_const')",3,,,,,1,1
https://github.com/sympy/sympy/tree/master/sympy/simplify/radsimp.py,"('https://github.com/sympy/sympy/tree/master/sympy/simplify/tests/test_radsimp.py', 'sympy.simplify.tests.test_radsimp', '', 'test_collect_const')",4,,,,,1,1
https://github.com/sympy/sympy/tree/master/sympy/polys/distributedmodules.py,"('https://github.com/sympy/sympy/tree/master/sympy/polys/tests/test_distributedmodules.py', 'sympy.polys.tests.test_distributedmodules', '', 'test_nontrivial')",6,,,,,1,1
https://github.com/sympy/sympy/tree/master/sympy/polys/distributedmodules.py,"('https://github.com/sympy/sympy/tree/master/sympy/polys/tests/test_distributedmodules.py', 'sympy.polys.tests.test_distributedmodules', '', 'test_local')",5,,1,,,,1
https://github.com/sympy/sympy/tree/master/sympy/polys/distributedmodules.py,"('https://github.com/sympy/sympy/tree/master/sympy/polys/tests/test_distributedmodules.py', 'sympy.polys.tests.test_distributedmodules', '', 'test_nontrivial')",13,,1,,,,1
https://github.com/sympy/sympy/tree/master/sympy/polys/distributedmodules.py,"('https://github.com/sympy/sympy/tree/master/sympy/polys/tests/test_distributedmodules.py', 'sympy.polys.tests.test_distributedmodules', '', 'test_nontrivial')",7,,1,,,,1
https://github.com/sympy/sympy/tree/master/sympy/polys/distributedmodules.py,"('https://github.com/sympy/sympy/tree/master/sympy/polys/tests/test_distributedmodules.py', 'sympy.polys.tests.test_distributedmodules', '', 'test_nontrivial')",12,,1,,,,1
https://github.com/sympy/sympy/tree/master/sympy/polys/distributedmodules.py,"('https://github.com/sympy/sympy/tree/master/sympy/polys/tests/test_distributedmodules.py', 'sympy.polys.tests.test_distributedmodules', '', 'test_nontrivial')",10,,1,,,,1
https://github.com/sympy/sympy/tree/master/sympy/polys/distributedmodules.py,"('https://github.com/sympy/sympy/tree/master/sympy/polys/tests/test_distributedmodules.py', 'sympy.polys.tests.test_distributedmodules', '', 'test_nontrivial')",8,,1,,,,1
https://github.com/sympy/sympy/tree/master/sympy/polys/distributedmodules.py,"('https://github.com/sympy/sympy/tree/master/sympy/polys/tests/test_distributedmodules.py', 'sympy.polys.tests.test_distributedmodules', '', 'test_nontrivial')",5,,1,,,,1
https://github.com/sympy/sympy/tree/master/sympy/polys/distributedmodules.py,"('https://github.com/sympy/sympy/tree/master/sympy/polys/tests/test_distributedmodules.py', 'sympy.polys.tests.test_distributedmodules', '', 'test_nontrivial')",9,,1,,,,1
https://github.com/sympy/sympy/tree/master/sympy/polys/distributedmodules.py,"('https://github.com/sympy/sympy/tree/master/sympy/polys/tests/test_distributedmodules.py', 'sympy.polys.tests.test_distributedmodules', '', 'test_nontrivial')",4,,1,,,,1
https://github.com/sympy/sympy/tree/master/sympy/polys/distributedmodules.py,"('https://github.com/sympy/sympy/tree/master/sympy/polys/tests/test_distributedmodules.py', 'sympy.polys.tests.test_distributedmodules', '', 'test_nontrivial')",11,,1,,,,1
https://github.com/sympy/sympy/tree/master/sympy/polys/distributedmodules.py,"('https://github.com/sympy/sympy/tree/master/sympy/polys/tests/test_distributedmodules.py', 'sympy.polys.tests.test_distributedmodules', '', 'test_chain_criterion')",0,,1,,,,1
https://github.com/sympy/sympy/tree/master/sympy/polys/distributedmodules.py,"('https://github.com/sympy/sympy/tree/master/sympy/polys/tests/test_distributedmodules.py', 'sympy.polys.tests.test_distributedmodules', '', 'test_local')",6,,1,,,,1
https://github.com/sympy/sympy/tree/master/sympy/polys/distributedmodules.py,"('https://github.com/sympy/sympy/tree/master/sympy/polys/tests/test_distributedmodules.py', 'sympy.polys.tests.test_distributedmodules', '', 'test_local')",7,,1,,,,1
https://github.com/sympy/sympy/tree/master/sympy/polys/distributedmodules.py,"('https://github.com/sympy/sympy/tree/master/sympy/polys/tests/test_distributedmodules.py', 'sympy.polys.tests.test_distributedmodules', '', 'test_local')",3,,1,,,,1
https://github.com/sympy/sympy/tree/master/sympy/polys/distributedmodules.py,"('https://github.com/sympy/sympy/tree/master/sympy/polys/tests/test_distributedmodules.py', 'sympy.polys.tests.test_distributedmodules', '', 'test_local')",2,,1,,,,1
https://github.com/sympy/sympy/tree/master/sympy/polys/distributedmodules.py,"('https://github.com/sympy/sympy/tree/master/sympy/polys/tests/test_distributedmodules.py', 'sympy.polys.tests.test_distributedmodules', '', 'test_local')",1,,1,,,,1
https://github.com/sympy/sympy/tree/master/sympy/polys/distributedmodules.py,"('https://github.com/sympy/sympy/tree/master/sympy/polys/tests/test_distributedmodules.py', 'sympy.polys.tests.test_distributedmodules', '', 'test_local')",4,,1,,,,1
https://github.com/sympy/sympy/tree/master/sympy/polys/distributedmodules.py,"('https://github.com/sympy/sympy/tree/master/sympy/polys/tests/test_distributedmodules.py', 'sympy.polys.tests.test_distributedmodules', '', 'test_nontrivial')",14,,1,,,,1
https://github.com/sympy/sympy/tree/master/sympy/polys/distributedmodules.py,"('https://github.com/sympy/sympy/tree/master/sympy/polys/tests/test_distributedmodules.py', 'sympy.polys.tests.test_distributedmodules', '', 'test_nontrivial')",15,,1,,,,1
https://github.com/sympy/sympy/tree/master/sympy/polys/distributedmodules.py,"('https://github.com/sympy/sympy/tree/master/sympy/polys/tests/test_distributedmodules.py', 'sympy.polys.tests.test_distributedmodules', '', 'test_nontrivial')",1,,1,,,,1
https://github.com/sympy/sympy/tree/master/sympy/polys/distributedmodules.py,"('https://github.com/sympy/sympy/tree/master/sympy/polys/tests/test_distributedmodules.py', 'sympy.polys.tests.test_distributedmodules', '', 'test_nontrivial')",3,,1,,,,1
https://github.com/sympy/sympy/tree/master/sympy/polys/distributedmodules.py,"('https://github.com/sympy/sympy/tree/master/sympy/polys/tests/test_distributedmodules.py', 'sympy.polys.tests.test_distributedmodules', '', 'test_nontrivial')",2,,1,,,,1
https://github.com/sympy/sympy/tree/master/sympy/polys/distributedmodules.py,"('https://github.com/sympy/sympy/tree/master/sympy/polys/tests/test_distributedmodules.py', 'sympy.polys.tests.test_distributedmodules', '', 'test_local')",0,,1,,,,1
https://github.com/sympy/sympy/tree/master/sympy/polys/distributedmodules.py,"('https://github.com/sympy/sympy/tree/master/sympy/polys/tests/test_distributedmodules.py', 'sympy.polys.tests.test_distributedmodules', '', 'test_nontrivial')",0,,1,,,,1
https://github.com/sympy/sympy/tree/master/sympy/physics/vector/functions.py,"('https://github.com/sympy/sympy/tree/master/sympy/physics/vector/tests/test_frame.py', 'sympy.physics.vector.tests.test_frame', '', 'test_coordinate_vars')",9,,,,,1,1
https://github.com/sympy/sympy/tree/master/sympy/physics/vector/functions.py,"('https://github.com/sympy/sympy/tree/master/sympy/physics/vector/tests/test_frame.py', 'sympy.physics.vector.tests.test_frame', '', 'test_coordinate_vars')",10,,,,,1,1
https://github.com/sympy/sympy/tree/master/sympy/physics/vector/functions.py,"('https://github.com/sympy/sympy/tree/master/sympy/physics/vector/tests/test_frame.py', 'sympy.physics.vector.tests.test_frame', '', 'test_coordinate_vars')",6,,,,,1,1
https://github.com/sympy/sympy/tree/master/sympy/physics/vector/functions.py,"('https://github.com/sympy/sympy/tree/master/sympy/physics/vector/tests/test_frame.py', 'sympy.physics.vector.tests.test_frame', '', 'test_coordinate_vars')",4,,,,,1,1
https://github.com/sympy/sympy/tree/master/sympy/physics/vector/functions.py,"('https://github.com/sympy/sympy/tree/master/sympy/physics/vector/tests/test_frame.py', 'sympy.physics.vector.tests.test_frame', '', 'test_coordinate_vars')",5,,,,,1,1
https://github.com/sympy/sympy/tree/master/sympy/physics/vector/functions.py,"('https://github.com/sympy/sympy/tree/master/sympy/physics/vector/tests/test_frame.py', 'sympy.physics.vector.tests.test_frame', '', 'test_coordinate_vars')",1,,,,,1,1
https://github.com/sympy/sympy/tree/master/sympy/physics/vector/functions.py,"('https://github.com/sympy/sympy/tree/master/sympy/physics/vector/tests/test_frame.py', 'sympy.physics.vector.tests.test_frame', '', 'test_coordinate_vars')",3,,,,,1,1
https://github.com/sympy/sympy/tree/master/sympy/physics/vector/functions.py,"('https://github.com/sympy/sympy/tree/master/sympy/physics/vector/tests/test_frame.py', 'sympy.physics.vector.tests.test_frame', '', 'test_coordinate_vars')",2,,,,,1,1
https://github.com/sympy/sympy/tree/master/sympy/physics/vector/functions.py,"('https://github.com/sympy/sympy/tree/master/sympy/physics/vector/tests/test_frame.py', 'sympy.physics.vector.tests.test_frame', '', 'test_coordinate_vars')",7,,,,,1,1
https://github.com/sympy/sympy/tree/master/sympy/physics/vector/functions.py,"('https://github.com/sympy/sympy/tree/master/sympy/physics/vector/tests/test_frame.py', 'sympy.physics.vector.tests.test_frame', '', 'test_coordinate_vars')",11,,,,,1,1
https://github.com/sympy/sympy/tree/master/sympy/physics/vector/functions.py,"('https://github.com/sympy/sympy/tree/master/sympy/physics/vector/tests/test_frame.py', 'sympy.physics.vector.tests.test_frame', '', 'test_coordinate_vars')",12,,,,,1,1
https://github.com/sympy/sympy/tree/master/sympy/physics/vector/functions.py,"('https://github.com/sympy/sympy/tree/master/sympy/physics/vector/tests/test_frame.py', 'sympy.physics.vector.tests.test_frame', '', 'test_coordinate_vars')",8,,,,,1,1
https://github.com/sympy/sympy/tree/master/sympy/physics/vector/functions.py,"('https://github.com/sympy/sympy/tree/master/sympy/physics/vector/tests/test_frame.py', 'sympy.physics.vector.tests.test_frame', '', 'test_coordinate_vars')",0,,,,,1,1
https://github.com/sympy/sympy/tree/master/sympy/ntheory/residue_ntheory.py,"('https://github.com/sympy/sympy/tree/master/sympy/ntheory/tests/test_residue.py', 'sympy.ntheory.tests.test_residue', '', 'test_residue')",23,,,,,1,1
https://github.com/sympy/sympy/tree/master/sympy/ntheory/residue_ntheory.py,"('https://github.com/sympy/sympy/tree/master/sympy/ntheory/tests/test_residue.py', 'sympy.ntheory.tests.test_residue', '', 'test_residue')",21,,,,,1,1
https://github.com/sympy/sympy/tree/master/sympy/ntheory/residue_ntheory.py,"('https://github.com/sympy/sympy/tree/master/sympy/ntheory/tests/test_residue.py', 'sympy.ntheory.tests.test_residue', '', 'test_residue')",18,,,,,1,1
https://github.com/sympy/sympy/tree/master/sympy/ntheory/residue_ntheory.py,"('https://github.com/sympy/sympy/tree/master/sympy/ntheory/tests/test_residue.py', 'sympy.ntheory.tests.test_residue', '', 'test_residue')",22,,,,,1,1
https://github.com/sympy/sympy/tree/master/sympy/ntheory/residue_ntheory.py,"('https://github.com/sympy/sympy/tree/master/sympy/ntheory/tests/test_residue.py', 'sympy.ntheory.tests.test_residue', '', 'test_residue')",4,,,,,1,1
https://github.com/sympy/sympy/tree/master/sympy/ntheory/residue_ntheory.py,"('https://github.com/sympy/sympy/tree/master/sympy/ntheory/tests/test_residue.py', 'sympy.ntheory.tests.test_residue', '', 'test_residue')",17,,,,,1,1
https://github.com/sympy/sympy/tree/master/sympy/ntheory/residue_ntheory.py,"('https://github.com/sympy/sympy/tree/master/sympy/ntheory/tests/test_residue.py', 'sympy.ntheory.tests.test_residue', '', 'test_residue')",19,,,,,1,1
https://github.com/sympy/sympy/tree/master/sympy/ntheory/residue_ntheory.py,"('https://github.com/sympy/sympy/tree/master/sympy/ntheory/tests/test_residue.py', 'sympy.ntheory.tests.test_residue', '', 'test_residue')",15,,,,,1,1
https://github.com/sympy/sympy/tree/master/sympy/ntheory/residue_ntheory.py,"('https://github.com/sympy/sympy/tree/master/sympy/ntheory/tests/test_residue.py', 'sympy.ntheory.tests.test_residue', '', 'test_residue')",14,,,,,1,1
https://github.com/sympy/sympy/tree/master/sympy/ntheory/residue_ntheory.py,"('https://github.com/sympy/sympy/tree/master/sympy/ntheory/tests/test_residue.py', 'sympy.ntheory.tests.test_residue', '', 'test_residue')",20,,,,,1,1
https://github.com/sympy/sympy/tree/master/sympy/ntheory/residue_ntheory.py,"('https://github.com/sympy/sympy/tree/master/sympy/ntheory/tests/test_residue.py', 'sympy.ntheory.tests.test_residue', '', 'test_residue')",16,,,,,1,1
https://github.com/sympy/sympy/tree/master/sympy/ntheory/residue_ntheory.py,"('https://github.com/sympy/sympy/tree/master/sympy/ntheory/tests/test_residue.py', 'sympy.ntheory.tests.test_residue', '', 'test_residue')",2,,,,,1,1
https://github.com/sympy/sympy/tree/master/sympy/ntheory/residue_ntheory.py,"('https://github.com/sympy/sympy/tree/master/sympy/ntheory/tests/test_residue.py', 'sympy.ntheory.tests.test_residue', '', 'test_residue')",11,,,,,1,1
https://github.com/sympy/sympy/tree/master/sympy/ntheory/residue_ntheory.py,"('https://github.com/sympy/sympy/tree/master/sympy/ntheory/tests/test_residue.py', 'sympy.ntheory.tests.test_residue', '', 'test_residue')",3,,,,,1,1
https://github.com/sympy/sympy/tree/master/sympy/ntheory/residue_ntheory.py,"('https://github.com/sympy/sympy/tree/master/sympy/ntheory/tests/test_residue.py', 'sympy.ntheory.tests.test_residue', '', 'test_residue')",13,,,,,1,1
https://github.com/sympy/sympy/tree/master/sympy/ntheory/residue_ntheory.py,"('https://github.com/sympy/sympy/tree/master/sympy/ntheory/tests/test_residue.py', 'sympy.ntheory.tests.test_residue', '', 'test_residue')",10,,,,,1,1
https://github.com/sympy/sympy/tree/master/sympy/ntheory/residue_ntheory.py,"('https://github.com/sympy/sympy/tree/master/sympy/ntheory/tests/test_residue.py', 'sympy.ntheory.tests.test_residue', '', 'test_residue')",12,,,,,1,1
https://github.com/sympy/sympy/tree/master/sympy/ntheory/residue_ntheory.py,"('https://github.com/sympy/sympy/tree/master/sympy/ntheory/tests/test_residue.py', 'sympy.ntheory.tests.test_residue', '', 'test_residue')",9,,,,,1,1
https://github.com/sympy/sympy/tree/master/sympy/ntheory/residue_ntheory.py,"('https://github.com/sympy/sympy/tree/master/sympy/ntheory/tests/test_residue.py', 'sympy.ntheory.tests.test_residue', '', 'test_residue')",8,,,,,1,1
https://github.com/sympy/sympy/tree/master/sympy/ntheory/residue_ntheory.py,"('https://github.com/sympy/sympy/tree/master/sympy/ntheory/tests/test_residue.py', 'sympy.ntheory.tests.test_residue', '', 'test_residue')",7,,,,,1,1
https://github.com/sympy/sympy/tree/master/sympy/ntheory/residue_ntheory.py,"('https://github.com/sympy/sympy/tree/master/sympy/ntheory/tests/test_residue.py', 'sympy.ntheory.tests.test_residue', '', 'test_residue')",6,,,,,1,1
https://github.com/sympy/sympy/tree/master/sympy/ntheory/residue_ntheory.py,"('https://github.com/sympy/sympy/tree/master/sympy/ntheory/tests/test_residue.py', 'sympy.ntheory.tests.test_residue', '', 'test_residue')",0,,,,,1,1
https://github.com/sympy/sympy/tree/master/sympy/ntheory/residue_ntheory.py,"('https://github.com/sympy/sympy/tree/master/sympy/ntheory/tests/test_residue.py', 'sympy.ntheory.tests.test_residue', '', 'test_residue')",1,,,,,1,1
https://github.com/sympy/sympy/tree/master/sympy/ntheory/residue_ntheory.py,"('https://github.com/sympy/sympy/tree/master/sympy/ntheory/tests/test_residue.py', 'sympy.ntheory.tests.test_residue', '', 'test_residue')",5,,,,,1,1
https://github.com/sympy/sympy/tree/master/sympy/combinatorics/testutil.py,"('https://github.com/sympy/sympy/tree/master/sympy/combinatorics/tests/test_testutil.py', 'sympy.combinatorics.tests.test_testutil', '', 'test_verify_normal_closure')",1,,,,1,1,2
https://github.com/sympy/sympy/tree/master/sympy/combinatorics/testutil.py,"('https://github.com/sympy/sympy/tree/master/sympy/combinatorics/tests/test_perm_groups.py', 'sympy.combinatorics.tests.test_perm_groups', '', 'test_normal_closure')",6,,,,1,1,2
https://github.com/sympy/sympy/tree/master/sympy/combinatorics/testutil.py,"('https://github.com/sympy/sympy/tree/master/sympy/combinatorics/tests/test_perm_groups.py', 'sympy.combinatorics.tests.test_perm_groups', '', 'test_normal_closure')",7,,,,1,1,2
https://github.com/sympy/sympy/tree/master/sympy/combinatorics/testutil.py,"('https://github.com/sympy/sympy/tree/master/sympy/combinatorics/tests/test_perm_groups.py', 'sympy.combinatorics.tests.test_perm_groups', '', 'test_normal_closure')",118,,,,1,1,2
https://github.com/sympy/sympy/tree/master/sympy/combinatorics/testutil.py,"('https://github.com/sympy/sympy/tree/master/sympy/combinatorics/tests/test_perm_groups.py', 'sympy.combinatorics.tests.test_perm_groups', '', 'test_normal_closure')",15,,,,1,1,2
https://github.com/sympy/sympy/tree/master/sympy/combinatorics/testutil.py,"('https://github.com/sympy/sympy/tree/master/sympy/combinatorics/tests/test_perm_groups.py', 'sympy.combinatorics.tests.test_perm_groups', '', 'test_normal_closure')",97,,,,1,1,2
https://github.com/sympy/sympy/tree/master/sympy/combinatorics/testutil.py,"('https://github.com/sympy/sympy/tree/master/sympy/combinatorics/tests/test_perm_groups.py', 'sympy.combinatorics.tests.test_perm_groups', '', 'test_normal_closure')",37,,,,1,1,2
https://github.com/sympy/sympy/tree/master/sympy/combinatorics/testutil.py,"('https://github.com/sympy/sympy/tree/master/sympy/combinatorics/tests/test_perm_groups.py', 'sympy.combinatorics.tests.test_perm_groups', '', 'test_normal_closure')",117,,,,1,1,2
https://github.com/sympy/sympy/tree/master/sympy/combinatorics/testutil.py,"('https://github.com/sympy/sympy/tree/master/sympy/combinatorics/tests/test_perm_groups.py', 'sympy.combinatorics.tests.test_perm_groups', '', 'test_normal_closure')",123,,,,1,1,2
https://github.com/sympy/sympy/tree/master/sympy/combinatorics/testutil.py,"('https://github.com/sympy/sympy/tree/master/sympy/combinatorics/tests/test_perm_groups.py', 'sympy.combinatorics.tests.test_perm_groups', '', 'test_normal_closure')",51,,,,1,1,2
https://github.com/sympy/sympy/tree/master/sympy/combinatorics/testutil.py,"('https://github.com/sympy/sympy/tree/master/sympy/combinatorics/tests/test_perm_groups.py', 'sympy.combinatorics.tests.test_perm_groups', '', 'test_normal_closure')",35,,,,1,1,2
https://github.com/sympy/sympy/tree/master/sympy/combinatorics/testutil.py,"('https://github.com/sympy/sympy/tree/master/sympy/combinatorics/tests/test_perm_groups.py', 'sympy.combinatorics.tests.test_perm_groups', '', 'test_normal_closure')",98,,,,1,1,2
https://github.com/sympy/sympy/tree/master/sympy/combinatorics/testutil.py,"('https://github.com/sympy/sympy/tree/master/sympy/combinatorics/tests/test_perm_groups.py', 'sympy.combinatorics.tests.test_perm_groups', '', 'test_normal_closure')",122,,,,1,1,2
https://github.com/sympy/sympy/tree/master/sympy/combinatorics/testutil.py,"('https://github.com/sympy/sympy/tree/master/sympy/combinatorics/tests/test_perm_groups.py', 'sympy.combinatorics.tests.test_perm_groups', '', 'test_normal_closure')",116,,,,1,1,2
https://github.com/sympy/sympy/tree/master/sympy/combinatorics/testutil.py,"('https://github.com/sympy/sympy/tree/master/sympy/combinatorics/tests/test_perm_groups.py', 'sympy.combinatorics.tests.test_perm_groups', '', 'test_normal_closure')",18,,,,1,1,2
https://github.com/sympy/sympy/tree/master/sympy/combinatorics/testutil.py,"('https://github.com/sympy/sympy/tree/master/sympy/combinatorics/tests/test_perm_groups.py', 'sympy.combinatorics.tests.test_perm_groups', '', 'test_normal_closure')",114,,,,1,1,2
https://github.com/sympy/sympy/tree/master/sympy/combinatorics/testutil.py,"('https://github.com/sympy/sympy/tree/master/sympy/combinatorics/tests/test_perm_groups.py', 'sympy.combinatorics.tests.test_perm_groups', '', 'test_normal_closure')",115,,,,1,1,2
https://github.com/sympy/sympy/tree/master/sympy/combinatorics/testutil.py,"('https://github.com/sympy/sympy/tree/master/sympy/combinatorics/tests/test_perm_groups.py', 'sympy.combinatorics.tests.test_perm_groups', '', 'test_normal_closure')",19,,,,1,1,2
https://github.com/sympy/sympy/tree/master/sympy/combinatorics/testutil.py,"('https://github.com/sympy/sympy/tree/master/sympy/combinatorics/tests/test_perm_groups.py', 'sympy.combinatorics.tests.test_perm_groups', '', 'test_normal_closure')",49,,,,1,1,2
https://github.com/sympy/sympy/tree/master/sympy/combinatorics/testutil.py,"('https://github.com/sympy/sympy/tree/master/sympy/combinatorics/tests/test_perm_groups.py', 'sympy.combinatorics.tests.test_perm_groups', '', 'test_normal_closure')",107,,,,1,1,2
https://github.com/sympy/sympy/tree/master/sympy/combinatorics/testutil.py,"('https://github.com/sympy/sympy/tree/master/sympy/combinatorics/tests/test_perm_groups.py', 'sympy.combinatorics.tests.test_perm_groups', '', 'test_normal_closure')",106,,,,1,1,2
https://github.com/sympy/sympy/tree/master/sympy/combinatorics/testutil.py,"('https://github.com/sympy/sympy/tree/master/sympy/combinatorics/tests/test_perm_groups.py', 'sympy.combinatorics.tests.test_perm_groups', '', 'test_normal_closure')",26,,,,1,1,2
https://github.com/sympy/sympy/tree/master/sympy/combinatorics/testutil.py,"('https://github.com/sympy/sympy/tree/master/sympy/combinatorics/tests/test_perm_groups.py', 'sympy.combinatorics.tests.test_perm_groups', '', 'test_normal_closure')",99,,,,1,1,2
https://github.com/sympy/sympy/tree/master/sympy/combinatorics/testutil.py,"('https://github.com/sympy/sympy/tree/master/sympy/combinatorics/tests/test_perm_groups.py', 'sympy.combinatorics.tests.test_perm_groups', '', 'test_normal_closure')",103,,,,1,1,2
https://github.com/sympy/sympy/tree/master/sympy/combinatorics/testutil.py,"('https://github.com/sympy/sympy/tree/master/sympy/combinatorics/tests/test_perm_groups.py', 'sympy.combinatorics.tests.test_perm_groups', '', 'test_normal_closure')",22,,,,1,1,2
https://github.com/sympy/sympy/tree/master/sympy/combinatorics/testutil.py,"('https://github.com/sympy/sympy/tree/master/sympy/combinatorics/tests/test_perm_groups.py', 'sympy.combinatorics.tests.test_perm_groups', '', 'test_normal_closure')",82,,,,1,1,2
https://github.com/sympy/sympy/tree/master/sympy/combinatorics/testutil.py,"('https://github.com/sympy/sympy/tree/master/sympy/combinatorics/tests/test_perm_groups.py', 'sympy.combinatorics.tests.test_perm_groups', '', 'test_normal_closure')",95,,,,1,1,2
https://github.com/sympy/sympy/tree/master/sympy/combinatorics/testutil.py,"('https://github.com/sympy/sympy/tree/master/sympy/combinatorics/tests/test_perm_groups.py', 'sympy.combinatorics.tests.test_perm_groups', '', 'test_normal_closure')",83,,,,1,1,2
https://github.com/sympy/sympy/tree/master/sympy/combinatorics/testutil.py,"('https://github.com/sympy/sympy/tree/master/sympy/combinatorics/tests/test_perm_groups.py', 'sympy.combinatorics.tests.test_perm_groups', '', 'test_normal_closure')",96,,,,1,1,2
https://github.com/sympy/sympy/tree/master/sympy/combinatorics/testutil.py,"('https://github.com/sympy/sympy/tree/master/sympy/combinatorics/tests/test_perm_groups.py', 'sympy.combinatorics.tests.test_perm_groups', '', 'test_normal_closure')",28,,,,1,1,2
https://github.com/sympy/sympy/tree/master/sympy/combinatorics/testutil.py,"('https://github.com/sympy/sympy/tree/master/sympy/combinatorics/tests/test_perm_groups.py', 'sympy.combinatorics.tests.test_perm_groups', '', 'test_normal_closure')",93,,,,1,1,2
https://github.com/sympy/sympy/tree/master/sympy/combinatorics/testutil.py,"('https://github.com/sympy/sympy/tree/master/sympy/combinatorics/tests/test_perm_groups.py', 'sympy.combinatorics.tests.test_perm_groups', '', 'test_normal_closure')",94,,,,1,1,2
https://github.com/sympy/sympy/tree/master/sympy/combinatorics/testutil.py,"('https://github.com/sympy/sympy/tree/master/sympy/combinatorics/tests/test_perm_groups.py', 'sympy.combinatorics.tests.test_perm_groups', '', 'test_normal_closure')",92,,,,1,1,2
https://github.com/sympy/sympy/tree/master/sympy/combinatorics/testutil.py,"('https://github.com/sympy/sympy/tree/master/sympy/combinatorics/tests/test_perm_groups.py', 'sympy.combinatorics.tests.test_perm_groups', '', 'test_normal_closure')",64,,,,1,1,2
https://github.com/sympy/sympy/tree/master/sympy/combinatorics/testutil.py,"('https://github.com/sympy/sympy/tree/master/sympy/combinatorics/tests/test_testutil.py', 'sympy.combinatorics.tests.test_testutil', '', 'test_verify_normal_closure')",2,,,,1,1,2
https://github.com/sympy/sympy/tree/master/sympy/combinatorics/testutil.py,"('https://github.com/sympy/sympy/tree/master/sympy/combinatorics/tests/test_perm_groups.py', 'sympy.combinatorics.tests.test_perm_groups', '', 'test_normal_closure')",63,,,,1,1,2
https://github.com/sympy/sympy/tree/master/sympy/combinatorics/testutil.py,"('https://github.com/sympy/sympy/tree/master/sympy/combinatorics/tests/test_perm_groups.py', 'sympy.combinatorics.tests.test_perm_groups', '', 'test_normal_closure')",67,,,,1,1,2
https://github.com/sympy/sympy/tree/master/sympy/combinatorics/testutil.py,"('https://github.com/sympy/sympy/tree/master/sympy/combinatorics/tests/test_perm_groups.py', 'sympy.combinatorics.tests.test_perm_groups', '', 'test_normal_closure')",8,,,,1,1,2
https://github.com/sympy/sympy/tree/master/sympy/combinatorics/testutil.py,"('https://github.com/sympy/sympy/tree/master/sympy/combinatorics/tests/test_perm_groups.py', 'sympy.combinatorics.tests.test_perm_groups', '', 'test_normal_closure')",72,,,,1,1,2
https://github.com/sympy/sympy/tree/master/sympy/combinatorics/testutil.py,"('https://github.com/sympy/sympy/tree/master/sympy/combinatorics/tests/test_perm_groups.py', 'sympy.combinatorics.tests.test_perm_groups', '', 'test_normal_closure')",13,,,,1,1,2
https://github.com/sympy/sympy/tree/master/sympy/combinatorics/testutil.py,"('https://github.com/sympy/sympy/tree/master/sympy/combinatorics/tests/test_perm_groups.py', 'sympy.combinatorics.tests.test_perm_groups', '', 'test_normal_closure')",58,,,,1,1,2
https://github.com/sympy/sympy/tree/master/sympy/combinatorics/testutil.py,"('https://github.com/sympy/sympy/tree/master/sympy/combinatorics/tests/test_perm_groups.py', 'sympy.combinatorics.tests.test_perm_groups', '', 'test_normal_closure')",10,,,,1,1,2
https://github.com/sympy/sympy/tree/master/sympy/combinatorics/testutil.py,"('https://github.com/sympy/sympy/tree/master/sympy/combinatorics/tests/test_perm_groups.py', 'sympy.combinatorics.tests.test_perm_groups', '', 'test_normal_closure')",54,,,,1,1,2
https://github.com/sympy/sympy/tree/master/sympy/combinatorics/testutil.py,"('https://github.com/sympy/sympy/tree/master/sympy/combinatorics/tests/test_perm_groups.py', 'sympy.combinatorics.tests.test_perm_groups', '', 'test_normal_closure')",11,,,,1,1,2
https://github.com/sympy/sympy/tree/master/sympy/combinatorics/testutil.py,"('https://github.com/sympy/sympy/tree/master/sympy/combinatorics/tests/test_perm_groups.py', 'sympy.combinatorics.tests.test_perm_groups', '', 'test_normal_closure')",12,,,,1,1,2
https://github.com/sympy/sympy/tree/master/sympy/combinatorics/testutil.py,"('https://github.com/sympy/sympy/tree/master/sympy/combinatorics/tests/test_perm_groups.py', 'sympy.combinatorics.tests.test_perm_groups', '', 'test_normal_closure')",59,,,,1,1,2
https://github.com/sympy/sympy/tree/master/sympy/combinatorics/testutil.py,"('https://github.com/sympy/sympy/tree/master/sympy/combinatorics/tests/test_perm_groups.py', 'sympy.combinatorics.tests.test_perm_groups', '', 'test_normal_closure')",40,,,,1,1,2
https://github.com/sympy/sympy/tree/master/sympy/combinatorics/testutil.py,"('https://github.com/sympy/sympy/tree/master/sympy/combinatorics/tests/test_perm_groups.py', 'sympy.combinatorics.tests.test_perm_groups', '', 'test_normal_closure')",45,,,,1,1,2
https://github.com/sympy/sympy/tree/master/sympy/combinatorics/testutil.py,"('https://github.com/sympy/sympy/tree/master/sympy/combinatorics/tests/test_perm_groups.py', 'sympy.combinatorics.tests.test_perm_groups', '', 'test_normal_closure')",29,,,,1,1,2
https://github.com/sympy/sympy/tree/master/sympy/combinatorics/testutil.py,"('https://github.com/sympy/sympy/tree/master/sympy/combinatorics/tests/test_perm_groups.py', 'sympy.combinatorics.tests.test_perm_groups', '', 'test_normal_closure')",39,,,,1,1,2
https://github.com/sympy/sympy/tree/master/sympy/combinatorics/testutil.py,"('https://github.com/sympy/sympy/tree/master/sympy/combinatorics/tests/test_perm_groups.py', 'sympy.combinatorics.tests.test_perm_groups', '', 'test_normal_closure')",77,,,,1,1,2
https://github.com/sympy/sympy/tree/master/sympy/combinatorics/testutil.py,"('https://github.com/sympy/sympy/tree/master/sympy/combinatorics/tests/test_perm_groups.py', 'sympy.combinatorics.tests.test_perm_groups', '', 'test_normal_closure')",110,,,,1,1,2
https://github.com/sympy/sympy/tree/master/sympy/combinatorics/testutil.py,"('https://github.com/sympy/sympy/tree/master/sympy/combinatorics/tests/test_perm_groups.py', 'sympy.combinatorics.tests.test_perm_groups', '', 'test_normal_closure')",31,,,,1,1,2
https://github.com/sympy/sympy/tree/master/sympy/combinatorics/testutil.py,"('https://github.com/sympy/sympy/tree/master/sympy/combinatorics/tests/test_perm_groups.py', 'sympy.combinatorics.tests.test_perm_groups', '', 'test_normal_closure')",86,,,,1,1,2
https://github.com/sympy/sympy/tree/master/sympy/combinatorics/testutil.py,"('https://github.com/sympy/sympy/tree/master/sympy/combinatorics/tests/test_perm_groups.py', 'sympy.combinatorics.tests.test_perm_groups', '', 'test_normal_closure')",73,,,,1,1,2
https://github.com/sympy/sympy/tree/master/sympy/combinatorics/testutil.py,"('https://github.com/sympy/sympy/tree/master/sympy/combinatorics/tests/test_perm_groups.py', 'sympy.combinatorics.tests.test_perm_groups', '', 'test_normal_closure')",88,,,,1,1,2
https://github.com/sympy/sympy/tree/master/sympy/combinatorics/testutil.py,"('https://github.com/sympy/sympy/tree/master/sympy/combinatorics/tests/test_perm_groups.py', 'sympy.combinatorics.tests.test_perm_groups', '', 'test_normal_closure')",48,,,,1,1,2
https://github.com/sympy/sympy/tree/master/sympy/combinatorics/testutil.py,"('https://github.com/sympy/sympy/tree/master/sympy/combinatorics/tests/test_perm_groups.py', 'sympy.combinatorics.tests.test_perm_groups', '', 'test_normal_closure')",112,,,,1,1,2
https://github.com/sympy/sympy/tree/master/sympy/combinatorics/testutil.py,"('https://github.com/sympy/sympy/tree/master/sympy/combinatorics/tests/test_perm_groups.py', 'sympy.combinatorics.tests.test_perm_groups', '', 'test_normal_closure')",78,,,,1,1,2
https://github.com/sympy/sympy/tree/master/sympy/combinatorics/testutil.py,"('https://github.com/sympy/sympy/tree/master/sympy/combinatorics/tests/test_perm_groups.py', 'sympy.combinatorics.tests.test_perm_groups', '', 'test_normal_closure')",65,,,,1,1,2
https://github.com/sympy/sympy/tree/master/sympy/combinatorics/testutil.py,"('https://github.com/sympy/sympy/tree/master/sympy/combinatorics/tests/test_perm_groups.py', 'sympy.combinatorics.tests.test_perm_groups', '', 'test_normal_closure')",66,,,,1,1,2
https://github.com/sympy/sympy/tree/master/sympy/combinatorics/testutil.py,"('https://github.com/sympy/sympy/tree/master/sympy/combinatorics/tests/test_perm_groups.py', 'sympy.combinatorics.tests.test_perm_groups', '', 'test_normal_closure')",69,,,,1,1,2
https://github.com/sympy/sympy/tree/master/sympy/combinatorics/testutil.py,"('https://github.com/sympy/sympy/tree/master/sympy/combinatorics/tests/test_perm_groups.py', 'sympy.combinatorics.tests.test_perm_groups', '', 'test_normal_closure')",55,,,,1,1,2
https://github.com/sympy/sympy/tree/master/sympy/combinatorics/testutil.py,"('https://github.com/sympy/sympy/tree/master/sympy/combinatorics/tests/test_perm_groups.py', 'sympy.combinatorics.tests.test_perm_groups', '', 'test_normal_closure')",119,,,,1,1,2
https://github.com/sympy/sympy/tree/master/sympy/combinatorics/testutil.py,"('https://github.com/sympy/sympy/tree/master/sympy/combinatorics/tests/test_perm_groups.py', 'sympy.combinatorics.tests.test_perm_groups', '', 'test_normal_closure')",71,,,,1,1,2
https://github.com/sympy/sympy/tree/master/sympy/combinatorics/testutil.py,"('https://github.com/sympy/sympy/tree/master/sympy/combinatorics/tests/test_perm_groups.py', 'sympy.combinatorics.tests.test_perm_groups', '', 'test_normal_closure')",60,,,,1,1,2
https://github.com/sympy/sympy/tree/master/sympy/combinatorics/testutil.py,"('https://github.com/sympy/sympy/tree/master/sympy/combinatorics/tests/test_perm_groups.py', 'sympy.combinatorics.tests.test_perm_groups', '', 'test_normal_closure')",20,,,,1,1,2
https://github.com/sympy/sympy/tree/master/sympy/combinatorics/testutil.py,"('https://github.com/sympy/sympy/tree/master/sympy/combinatorics/tests/test_perm_groups.py', 'sympy.combinatorics.tests.test_perm_groups', '', 'test_normal_closure')",57,,,,1,1,2
https://github.com/sympy/sympy/tree/master/sympy/combinatorics/testutil.py,"('https://github.com/sympy/sympy/tree/master/sympy/combinatorics/tests/test_perm_groups.py', 'sympy.combinatorics.tests.test_perm_groups', '', 'test_normal_closure')",62,,,,1,1,2
https://github.com/sympy/sympy/tree/master/sympy/combinatorics/testutil.py,"('https://github.com/sympy/sympy/tree/master/sympy/combinatorics/tests/test_perm_groups.py', 'sympy.combinatorics.tests.test_perm_groups', '', 'test_normal_closure')",33,,,,1,1,2
https://github.com/sympy/sympy/tree/master/sympy/combinatorics/testutil.py,"('https://github.com/sympy/sympy/tree/master/sympy/combinatorics/tests/test_perm_groups.py', 'sympy.combinatorics.tests.test_perm_groups', '', 'test_normal_closure')",108,,,,1,1,2
https://github.com/sympy/sympy/tree/master/sympy/combinatorics/testutil.py,"('https://github.com/sympy/sympy/tree/master/sympy/combinatorics/tests/test_perm_groups.py', 'sympy.combinatorics.tests.test_perm_groups', '', 'test_normal_closure')",34,,,,1,1,2
https://github.com/sympy/sympy/tree/master/sympy/combinatorics/testutil.py,"('https://github.com/sympy/sympy/tree/master/sympy/combinatorics/tests/test_perm_groups.py', 'sympy.combinatorics.tests.test_perm_groups', '', 'test_normal_closure')",53,,,,1,1,2
https://github.com/sympy/sympy/tree/master/sympy/combinatorics/testutil.py,"('https://github.com/sympy/sympy/tree/master/sympy/combinatorics/tests/test_perm_groups.py', 'sympy.combinatorics.tests.test_perm_groups', '', 'test_normal_closure')",121,,,,1,1,2
https://github.com/sympy/sympy/tree/master/sympy/combinatorics/testutil.py,"('https://github.com/sympy/sympy/tree/master/sympy/combinatorics/tests/test_perm_groups.py', 'sympy.combinatorics.tests.test_perm_groups', '', 'test_normal_closure')",17,,,,1,1,2
https://github.com/sympy/sympy/tree/master/sympy/combinatorics/testutil.py,"('https://github.com/sympy/sympy/tree/master/sympy/combinatorics/tests/test_perm_groups.py', 'sympy.combinatorics.tests.test_perm_groups', '', 'test_normal_closure')",32,,,,1,1,2
https://github.com/sympy/sympy/tree/master/sympy/combinatorics/testutil.py,"('https://github.com/sympy/sympy/tree/master/sympy/combinatorics/tests/test_perm_groups.py', 'sympy.combinatorics.tests.test_perm_groups', '', 'test_normal_closure')",25,,,,1,1,2
https://github.com/sympy/sympy/tree/master/sympy/combinatorics/testutil.py,"('https://github.com/sympy/sympy/tree/master/sympy/combinatorics/tests/test_perm_groups.py', 'sympy.combinatorics.tests.test_perm_groups', '', 'test_normal_closure')",43,,,,1,1,2
https://github.com/sympy/sympy/tree/master/sympy/combinatorics/testutil.py,"('https://github.com/sympy/sympy/tree/master/sympy/combinatorics/tests/test_perm_groups.py', 'sympy.combinatorics.tests.test_perm_groups', '', 'test_normal_closure')",38,,,,1,1,2
https://github.com/sympy/sympy/tree/master/sympy/combinatorics/testutil.py,"('https://github.com/sympy/sympy/tree/master/sympy/combinatorics/tests/test_perm_groups.py', 'sympy.combinatorics.tests.test_perm_groups', '', 'test_normal_closure')",16,,,,1,1,2
https://github.com/sympy/sympy/tree/master/sympy/combinatorics/testutil.py,"('https://github.com/sympy/sympy/tree/master/sympy/combinatorics/tests/test_perm_groups.py', 'sympy.combinatorics.tests.test_perm_groups', '', 'test_normal_closure')",113,,,,1,1,2
https://github.com/sympy/sympy/tree/master/sympy/combinatorics/testutil.py,"('https://github.com/sympy/sympy/tree/master/sympy/combinatorics/tests/test_perm_groups.py', 'sympy.combinatorics.tests.test_perm_groups', '', 'test_normal_closure')",41,,,,1,1,2
https://github.com/sympy/sympy/tree/master/sympy/combinatorics/testutil.py,"('https://github.com/sympy/sympy/tree/master/sympy/combinatorics/tests/test_perm_groups.py', 'sympy.combinatorics.tests.test_perm_groups', '', 'test_normal_closure')",46,,,,1,1,2
https://github.com/sympy/sympy/tree/master/sympy/combinatorics/testutil.py,"('https://github.com/sympy/sympy/tree/master/sympy/combinatorics/tests/test_perm_groups.py', 'sympy.combinatorics.tests.test_perm_groups', '', 'test_normal_closure')",47,,,,1,1,2
https://github.com/sympy/sympy/tree/master/sympy/combinatorics/testutil.py,"('https://github.com/sympy/sympy/tree/master/sympy/combinatorics/tests/test_perm_groups.py', 'sympy.combinatorics.tests.test_perm_groups', '', 'test_normal_closure')",79,,,,1,1,2
https://github.com/sympy/sympy/tree/master/sympy/combinatorics/testutil.py,"('https://github.com/sympy/sympy/tree/master/sympy/combinatorics/tests/test_perm_groups.py', 'sympy.combinatorics.tests.test_perm_groups', '', 'test_normal_closure')",52,,,,1,1,2
https://github.com/sympy/sympy/tree/master/sympy/combinatorics/testutil.py,"('https://github.com/sympy/sympy/tree/master/sympy/combinatorics/tests/test_perm_groups.py', 'sympy.combinatorics.tests.test_perm_groups', '', 'test_normal_closure')",109,,,,1,1,2
https://github.com/sympy/sympy/tree/master/sympy/combinatorics/testutil.py,"('https://github.com/sympy/sympy/tree/master/sympy/combinatorics/tests/test_perm_groups.py', 'sympy.combinatorics.tests.test_perm_groups', '', 'test_normal_closure')",85,,,,1,1,2
https://github.com/sympy/sympy/tree/master/sympy/combinatorics/testutil.py,"('https://github.com/sympy/sympy/tree/master/sympy/combinatorics/tests/test_perm_groups.py', 'sympy.combinatorics.tests.test_perm_groups', '', 'test_normal_closure')",24,,,,1,1,2
https://github.com/sympy/sympy/tree/master/sympy/combinatorics/testutil.py,"('https://github.com/sympy/sympy/tree/master/sympy/combinatorics/tests/test_perm_groups.py', 'sympy.combinatorics.tests.test_perm_groups', '', 'test_normal_closure')",21,,,,1,1,2
https://github.com/sympy/sympy/tree/master/sympy/combinatorics/testutil.py,"('https://github.com/sympy/sympy/tree/master/sympy/combinatorics/tests/test_perm_groups.py', 'sympy.combinatorics.tests.test_perm_groups', '', 'test_normal_closure')",102,,,,1,1,2
https://github.com/sympy/sympy/tree/master/sympy/combinatorics/testutil.py,"('https://github.com/sympy/sympy/tree/master/sympy/combinatorics/tests/test_perm_groups.py', 'sympy.combinatorics.tests.test_perm_groups', '', 'test_normal_closure')",105,,,,1,1,2
https://github.com/sympy/sympy/tree/master/sympy/combinatorics/testutil.py,"('https://github.com/sympy/sympy/tree/master/sympy/combinatorics/tests/test_perm_groups.py', 'sympy.combinatorics.tests.test_perm_groups', '', 'test_normal_closure')",91,,,,1,1,2
https://github.com/sympy/sympy/tree/master/sympy/combinatorics/testutil.py,"('https://github.com/sympy/sympy/tree/master/sympy/combinatorics/tests/test_perm_groups.py', 'sympy.combinatorics.tests.test_perm_groups', '', 'test_normal_closure')",76,,,,1,1,2
https://github.com/sympy/sympy/tree/master/sympy/combinatorics/testutil.py,"('https://github.com/sympy/sympy/tree/master/sympy/combinatorics/tests/test_perm_groups.py', 'sympy.combinatorics.tests.test_perm_groups', '', 'test_normal_closure')",100,,,,1,1,2
https://github.com/sympy/sympy/tree/master/sympy/combinatorics/testutil.py,"('https://github.com/sympy/sympy/tree/master/sympy/combinatorics/tests/test_perm_groups.py', 'sympy.combinatorics.tests.test_perm_groups', '', 'test_normal_closure')",84,,,,1,1,2
https://github.com/sympy/sympy/tree/master/sympy/combinatorics/testutil.py,"('https://github.com/sympy/sympy/tree/master/sympy/combinatorics/tests/test_perm_groups.py', 'sympy.combinatorics.tests.test_perm_groups', '', 'test_normal_closure')",89,,,,1,1,2
https://github.com/sympy/sympy/tree/master/sympy/combinatorics/testutil.py,"('https://github.com/sympy/sympy/tree/master/sympy/combinatorics/tests/test_perm_groups.py', 'sympy.combinatorics.tests.test_perm_groups', '', 'test_normal_closure')",81,,,,1,1,2
https://github.com/sympy/sympy/tree/master/sympy/combinatorics/testutil.py,"('https://github.com/sympy/sympy/tree/master/sympy/combinatorics/tests/test_perm_groups.py', 'sympy.combinatorics.tests.test_perm_groups', '', 'test_normal_closure')",74,,,,1,1,2
https://github.com/sympy/sympy/tree/master/sympy/combinatorics/testutil.py,"('https://github.com/sympy/sympy/tree/master/sympy/combinatorics/tests/test_perm_groups.py', 'sympy.combinatorics.tests.test_perm_groups', '', 'test_normal_closure')",127,,,,1,1,2
https://github.com/sympy/sympy/tree/master/sympy/combinatorics/testutil.py,"('https://github.com/sympy/sympy/tree/master/sympy/combinatorics/tests/test_perm_groups.py', 'sympy.combinatorics.tests.test_perm_groups', '', 'test_normal_closure')",128,,,,1,1,2
https://github.com/sympy/sympy/tree/master/sympy/combinatorics/testutil.py,"('https://github.com/sympy/sympy/tree/master/sympy/combinatorics/tests/test_perm_groups.py', 'sympy.combinatorics.tests.test_perm_groups', '', 'test_normal_closure')",70,,,,1,1,2
https://github.com/sympy/sympy/tree/master/sympy/combinatorics/testutil.py,"('https://github.com/sympy/sympy/tree/master/sympy/combinatorics/tests/test_perm_groups.py', 'sympy.combinatorics.tests.test_perm_groups', '', 'test_normal_closure')",68,,,,1,1,2
https://github.com/sympy/sympy/tree/master/sympy/combinatorics/testutil.py,"('https://github.com/sympy/sympy/tree/master/sympy/combinatorics/tests/test_perm_groups.py', 'sympy.combinatorics.tests.test_perm_groups', '', 'test_normal_closure')",126,,,,1,1,2
https://github.com/sympy/sympy/tree/master/sympy/combinatorics/testutil.py,"('https://github.com/sympy/sympy/tree/master/sympy/combinatorics/tests/test_perm_groups.py', 'sympy.combinatorics.tests.test_perm_groups', '', 'test_normal_closure')",61,,,,1,1,2
https://github.com/sympy/sympy/tree/master/sympy/combinatorics/testutil.py,"('https://github.com/sympy/sympy/tree/master/sympy/combinatorics/tests/test_perm_groups.py', 'sympy.combinatorics.tests.test_perm_groups', '', 'test_normal_closure')",124,,,,1,1,2
https://github.com/sympy/sympy/tree/master/sympy/combinatorics/testutil.py,"('https://github.com/sympy/sympy/tree/master/sympy/combinatorics/tests/test_perm_groups.py', 'sympy.combinatorics.tests.test_perm_groups', '', 'test_normal_closure')",56,,,,1,1,2
https://github.com/sympy/sympy/tree/master/sympy/combinatorics/testutil.py,"('https://github.com/sympy/sympy/tree/master/sympy/combinatorics/tests/test_perm_groups.py', 'sympy.combinatorics.tests.test_perm_groups', '', 'test_normal_closure')",42,,,,1,1,2
https://github.com/sympy/sympy/tree/master/sympy/combinatorics/testutil.py,"('https://github.com/sympy/sympy/tree/master/sympy/combinatorics/tests/test_perm_groups.py', 'sympy.combinatorics.tests.test_perm_groups', '', 'test_normal_closure')",125,,,,1,1,2
https://github.com/sympy/sympy/tree/master/sympy/combinatorics/testutil.py,"('https://github.com/sympy/sympy/tree/master/sympy/combinatorics/tests/test_perm_groups.py', 'sympy.combinatorics.tests.test_perm_groups', '', 'test_normal_closure')",44,,,,1,1,2
https://github.com/sympy/sympy/tree/master/sympy/combinatorics/testutil.py,"('https://github.com/sympy/sympy/tree/master/sympy/combinatorics/tests/test_perm_groups.py', 'sympy.combinatorics.tests.test_perm_groups', '', 'test_normal_closure')",30,,,,1,1,2
https://github.com/sympy/sympy/tree/master/sympy/combinatorics/testutil.py,"('https://github.com/sympy/sympy/tree/master/sympy/combinatorics/tests/test_perm_groups.py', 'sympy.combinatorics.tests.test_perm_groups', '', 'test_normal_closure')",111,,,,1,1,2
https://github.com/sympy/sympy/tree/master/sympy/combinatorics/testutil.py,"('https://github.com/sympy/sympy/tree/master/sympy/combinatorics/tests/test_perm_groups.py', 'sympy.combinatorics.tests.test_perm_groups', '', 'test_normal_closure')",87,,,,1,1,2
https://github.com/sympy/sympy/tree/master/sympy/combinatorics/testutil.py,"('https://github.com/sympy/sympy/tree/master/sympy/combinatorics/tests/test_perm_groups.py', 'sympy.combinatorics.tests.test_perm_groups', '', 'test_normal_closure')",75,,,,1,1,2
https://github.com/sympy/sympy/tree/master/sympy/combinatorics/testutil.py,"('https://github.com/sympy/sympy/tree/master/sympy/combinatorics/tests/test_perm_groups.py', 'sympy.combinatorics.tests.test_perm_groups', '', 'test_normal_closure')",120,,,,1,1,2
https://github.com/sympy/sympy/tree/master/sympy/combinatorics/testutil.py,"('https://github.com/sympy/sympy/tree/master/sympy/combinatorics/tests/test_perm_groups.py', 'sympy.combinatorics.tests.test_perm_groups', '', 'test_normal_closure')",14,,,,1,1,2
https://github.com/sympy/sympy/tree/master/sympy/combinatorics/testutil.py,"('https://github.com/sympy/sympy/tree/master/sympy/combinatorics/tests/test_perm_groups.py', 'sympy.combinatorics.tests.test_perm_groups', '', 'test_normal_closure')",36,,,,1,1,2
https://github.com/sympy/sympy/tree/master/sympy/combinatorics/testutil.py,"('https://github.com/sympy/sympy/tree/master/sympy/combinatorics/tests/test_perm_groups.py', 'sympy.combinatorics.tests.test_perm_groups', '', 'test_normal_closure')",50,,,,1,1,2
https://github.com/sympy/sympy/tree/master/sympy/combinatorics/testutil.py,"('https://github.com/sympy/sympy/tree/master/sympy/combinatorics/tests/test_perm_groups.py', 'sympy.combinatorics.tests.test_perm_groups', '', 'test_normal_closure')",101,,,,1,1,2
https://github.com/sympy/sympy/tree/master/sympy/combinatorics/testutil.py,"('https://github.com/sympy/sympy/tree/master/sympy/combinatorics/tests/test_perm_groups.py', 'sympy.combinatorics.tests.test_perm_groups', '', 'test_normal_closure')",104,,,,1,1,2
https://github.com/sympy/sympy/tree/master/sympy/combinatorics/testutil.py,"('https://github.com/sympy/sympy/tree/master/sympy/combinatorics/tests/test_perm_groups.py', 'sympy.combinatorics.tests.test_perm_groups', '', 'test_normal_closure')",80,,,,1,1,2
https://github.com/sympy/sympy/tree/master/sympy/combinatorics/testutil.py,"('https://github.com/sympy/sympy/tree/master/sympy/combinatorics/tests/test_perm_groups.py', 'sympy.combinatorics.tests.test_perm_groups', '', 'test_normal_closure')",23,,,,1,1,2
https://github.com/sympy/sympy/tree/master/sympy/combinatorics/testutil.py,"('https://github.com/sympy/sympy/tree/master/sympy/combinatorics/tests/test_perm_groups.py', 'sympy.combinatorics.tests.test_perm_groups', '', 'test_normal_closure')",27,,,,1,1,2
https://github.com/sympy/sympy/tree/master/sympy/combinatorics/testutil.py,"('https://github.com/sympy/sympy/tree/master/sympy/combinatorics/tests/test_perm_groups.py', 'sympy.combinatorics.tests.test_perm_groups', '', 'test_normal_closure')",90,,,,1,1,2
https://github.com/sympy/sympy/tree/master/sympy/combinatorics/testutil.py,"('https://github.com/sympy/sympy/tree/master/sympy/combinatorics/tests/test_perm_groups.py', 'sympy.combinatorics.tests.test_perm_groups', '', 'test_normal_closure')",4,,,,1,1,2
https://github.com/sympy/sympy/tree/master/sympy/combinatorics/testutil.py,"('https://github.com/sympy/sympy/tree/master/sympy/combinatorics/tests/test_perm_groups.py', 'sympy.combinatorics.tests.test_perm_groups', '', 'test_normal_closure')",3,,,,1,1,2
https://github.com/sympy/sympy/tree/master/sympy/combinatorics/testutil.py,"('https://github.com/sympy/sympy/tree/master/sympy/combinatorics/tests/test_perm_groups.py', 'sympy.combinatorics.tests.test_perm_groups', '', 'test_normal_closure')",5,,,,1,1,2
https://github.com/sympy/sympy/tree/master/sympy/combinatorics/testutil.py,"('https://github.com/sympy/sympy/tree/master/sympy/combinatorics/tests/test_perm_groups.py', 'sympy.combinatorics.tests.test_perm_groups', '', 'test_normal_closure')",1,,,,1,1,2
https://github.com/sympy/sympy/tree/master/sympy/combinatorics/testutil.py,"('https://github.com/sympy/sympy/tree/master/sympy/combinatorics/tests/test_perm_groups.py', 'sympy.combinatorics.tests.test_perm_groups', '', 'test_normal_closure')",157,,,,1,1,2
https://github.com/sympy/sympy/tree/master/sympy/combinatorics/testutil.py,"('https://github.com/sympy/sympy/tree/master/sympy/combinatorics/tests/test_perm_groups.py', 'sympy.combinatorics.tests.test_perm_groups', '', 'test_normal_closure')",155,,,,1,1,2
https://github.com/sympy/sympy/tree/master/sympy/combinatorics/testutil.py,"('https://github.com/sympy/sympy/tree/master/sympy/combinatorics/tests/test_perm_groups.py', 'sympy.combinatorics.tests.test_perm_groups', '', 'test_normal_closure')",163,,,,1,1,2
https://github.com/sympy/sympy/tree/master/sympy/combinatorics/testutil.py,"('https://github.com/sympy/sympy/tree/master/sympy/combinatorics/tests/test_perm_groups.py', 'sympy.combinatorics.tests.test_perm_groups', '', 'test_normal_closure')",161,,,,1,1,2
https://github.com/sympy/sympy/tree/master/sympy/combinatorics/testutil.py,"('https://github.com/sympy/sympy/tree/master/sympy/combinatorics/tests/test_perm_groups.py', 'sympy.combinatorics.tests.test_perm_groups', '', 'test_normal_closure')",151,,,,1,1,2
https://github.com/sympy/sympy/tree/master/sympy/combinatorics/testutil.py,"('https://github.com/sympy/sympy/tree/master/sympy/combinatorics/tests/test_perm_groups.py', 'sympy.combinatorics.tests.test_perm_groups', '', 'test_normal_closure')",0,,,,1,1,2
https://github.com/sympy/sympy/tree/master/sympy/combinatorics/testutil.py,"('https://github.com/sympy/sympy/tree/master/sympy/combinatorics/tests/test_testutil.py', 'sympy.combinatorics.tests.test_testutil', '', 'test_verify_normal_closure')",0,,,,1,1,2
https://github.com/sympy/sympy/tree/master/sympy/combinatorics/testutil.py,"('https://github.com/sympy/sympy/tree/master/sympy/combinatorics/tests/test_perm_groups.py', 'sympy.combinatorics.tests.test_perm_groups', '', 'test_normal_closure')",2,,,,1,1,2
https://github.com/sympy/sympy/tree/master/sympy/combinatorics/testutil.py,"('https://github.com/sympy/sympy/tree/master/sympy/combinatorics/tests/test_perm_groups.py', 'sympy.combinatorics.tests.test_perm_groups', '', 'test_normal_closure')",158,,,,1,1,2
https://github.com/sympy/sympy/tree/master/sympy/combinatorics/testutil.py,"('https://github.com/sympy/sympy/tree/master/sympy/combinatorics/tests/test_perm_groups.py', 'sympy.combinatorics.tests.test_perm_groups', '', 'test_normal_closure')",156,,,,1,1,2
https://github.com/sympy/sympy/tree/master/sympy/combinatorics/testutil.py,"('https://github.com/sympy/sympy/tree/master/sympy/combinatorics/tests/test_perm_groups.py', 'sympy.combinatorics.tests.test_perm_groups', '', 'test_normal_closure')",164,,,,1,1,2
https://github.com/sympy/sympy/tree/master/sympy/combinatorics/testutil.py,"('https://github.com/sympy/sympy/tree/master/sympy/combinatorics/tests/test_perm_groups.py', 'sympy.combinatorics.tests.test_perm_groups', '', 'test_normal_closure')",162,,,,1,1,2
https://github.com/sympy/sympy/tree/master/sympy/combinatorics/testutil.py,"('https://github.com/sympy/sympy/tree/master/sympy/combinatorics/tests/test_perm_groups.py', 'sympy.combinatorics.tests.test_perm_groups', '', 'test_normal_closure')",137,,,,1,1,2
https://github.com/sympy/sympy/tree/master/sympy/combinatorics/testutil.py,"('https://github.com/sympy/sympy/tree/master/sympy/combinatorics/tests/test_perm_groups.py', 'sympy.combinatorics.tests.test_perm_groups', '', 'test_normal_closure')",132,,,,1,1,2
https://github.com/sympy/sympy/tree/master/sympy/combinatorics/testutil.py,"('https://github.com/sympy/sympy/tree/master/sympy/combinatorics/tests/test_perm_groups.py', 'sympy.combinatorics.tests.test_perm_groups', '', 'test_normal_closure')",9,,,,1,1,2
https://github.com/sympy/sympy/tree/master/sympy/combinatorics/testutil.py,"('https://github.com/sympy/sympy/tree/master/sympy/combinatorics/tests/test_perm_groups.py', 'sympy.combinatorics.tests.test_perm_groups', '', 'test_normal_closure')",138,,,,1,1,2
https://github.com/sympy/sympy/tree/master/sympy/combinatorics/testutil.py,"('https://github.com/sympy/sympy/tree/master/sympy/combinatorics/tests/test_perm_groups.py', 'sympy.combinatorics.tests.test_perm_groups', '', 'test_normal_closure')",133,,,,1,1,2
https://github.com/sympy/sympy/tree/master/sympy/combinatorics/testutil.py,"('https://github.com/sympy/sympy/tree/master/sympy/combinatorics/tests/test_perm_groups.py', 'sympy.combinatorics.tests.test_perm_groups', '', 'test_normal_closure')",134,,,,1,1,2
https://github.com/sympy/sympy/tree/master/sympy/combinatorics/testutil.py,"('https://github.com/sympy/sympy/tree/master/sympy/combinatorics/tests/test_perm_groups.py', 'sympy.combinatorics.tests.test_perm_groups', '', 'test_normal_closure')",135,,1,,,1,2
https://github.com/sympy/sympy/tree/master/sympy/combinatorics/testutil.py,"('https://github.com/sympy/sympy/tree/master/sympy/combinatorics/tests/test_perm_groups.py', 'sympy.combinatorics.tests.test_perm_groups', '', 'test_normal_closure')",144,,1,,,1,2
https://github.com/sympy/sympy/tree/master/sympy/combinatorics/testutil.py,"('https://github.com/sympy/sympy/tree/master/sympy/combinatorics/tests/test_perm_groups.py', 'sympy.combinatorics.tests.test_perm_groups', '', 'test_normal_closure')",131,,1,,,1,2
https://github.com/sympy/sympy/tree/master/sympy/combinatorics/testutil.py,"('https://github.com/sympy/sympy/tree/master/sympy/combinatorics/tests/test_perm_groups.py', 'sympy.combinatorics.tests.test_perm_groups', '', 'test_normal_closure')",139,,1,,,1,2
https://github.com/sympy/sympy/tree/master/sympy/combinatorics/testutil.py,"('https://github.com/sympy/sympy/tree/master/sympy/combinatorics/tests/test_perm_groups.py', 'sympy.combinatorics.tests.test_perm_groups', '', 'test_normal_closure')",145,,1,,,1,2
https://github.com/sympy/sympy/tree/master/sympy/combinatorics/testutil.py,"('https://github.com/sympy/sympy/tree/master/sympy/combinatorics/tests/test_perm_groups.py', 'sympy.combinatorics.tests.test_perm_groups', '', 'test_normal_closure')",130,,1,,,1,2
https://github.com/sympy/sympy/tree/master/sympy/combinatorics/testutil.py,"('https://github.com/sympy/sympy/tree/master/sympy/combinatorics/tests/test_perm_groups.py', 'sympy.combinatorics.tests.test_perm_groups', '', 'test_normal_closure')",146,,1,,,1,2
https://github.com/sympy/sympy/tree/master/sympy/combinatorics/testutil.py,"('https://github.com/sympy/sympy/tree/master/sympy/combinatorics/tests/test_perm_groups.py', 'sympy.combinatorics.tests.test_perm_groups', '', 'test_normal_closure')",153,,1,,,1,2
https://github.com/sympy/sympy/tree/master/sympy/combinatorics/testutil.py,"('https://github.com/sympy/sympy/tree/master/sympy/combinatorics/tests/test_perm_groups.py', 'sympy.combinatorics.tests.test_perm_groups', '', 'test_normal_closure')",136,,1,,,1,2
https://github.com/sympy/sympy/tree/master/sympy/combinatorics/testutil.py,"('https://github.com/sympy/sympy/tree/master/sympy/combinatorics/tests/test_perm_groups.py', 'sympy.combinatorics.tests.test_perm_groups', '', 'test_normal_closure')",154,,1,,,1,2
https://github.com/sympy/sympy/tree/master/sympy/combinatorics/testutil.py,"('https://github.com/sympy/sympy/tree/master/sympy/combinatorics/tests/test_perm_groups.py', 'sympy.combinatorics.tests.test_perm_groups', '', 'test_normal_closure')",143,,1,,,1,2
https://github.com/sympy/sympy/tree/master/sympy/combinatorics/testutil.py,"('https://github.com/sympy/sympy/tree/master/sympy/combinatorics/tests/test_perm_groups.py', 'sympy.combinatorics.tests.test_perm_groups', '', 'test_normal_closure')",152,,1,,,1,2
https://github.com/sympy/sympy/tree/master/sympy/combinatorics/testutil.py,"('https://github.com/sympy/sympy/tree/master/sympy/combinatorics/tests/test_perm_groups.py', 'sympy.combinatorics.tests.test_perm_groups', '', 'test_normal_closure')",166,,1,,,1,2
https://github.com/sympy/sympy/tree/master/sympy/combinatorics/testutil.py,"('https://github.com/sympy/sympy/tree/master/sympy/combinatorics/tests/test_perm_groups.py', 'sympy.combinatorics.tests.test_perm_groups', '', 'test_normal_closure')",159,,1,,,1,2
https://github.com/sympy/sympy/tree/master/sympy/combinatorics/testutil.py,"('https://github.com/sympy/sympy/tree/master/sympy/combinatorics/tests/test_perm_groups.py', 'sympy.combinatorics.tests.test_perm_groups', '', 'test_normal_closure')",160,,1,,,1,2
https://github.com/sympy/sympy/tree/master/sympy/combinatorics/testutil.py,"('https://github.com/sympy/sympy/tree/master/sympy/combinatorics/tests/test_perm_groups.py', 'sympy.combinatorics.tests.test_perm_groups', '', 'test_normal_closure')",165,,1,,,1,2
https://github.com/sympy/sympy/tree/master/sympy/combinatorics/testutil.py,"('https://github.com/sympy/sympy/tree/master/sympy/combinatorics/tests/test_perm_groups.py', 'sympy.combinatorics.tests.test_perm_groups', '', 'test_normal_closure')",129,,1,,,1,2
https://github.com/sympy/sympy/tree/master/sympy/combinatorics/testutil.py,"('https://github.com/sympy/sympy/tree/master/sympy/combinatorics/tests/test_perm_groups.py', 'sympy.combinatorics.tests.test_perm_groups', '', 'test_normal_closure')",142,,1,,,1,2
https://github.com/sympy/sympy/tree/master/sympy/combinatorics/testutil.py,"('https://github.com/sympy/sympy/tree/master/sympy/combinatorics/tests/test_perm_groups.py', 'sympy.combinatorics.tests.test_perm_groups', '', 'test_normal_closure')",141,,1,,,1,2
https://github.com/sympy/sympy/tree/master/sympy/combinatorics/testutil.py,"('https://github.com/sympy/sympy/tree/master/sympy/combinatorics/tests/test_perm_groups.py', 'sympy.combinatorics.tests.test_perm_groups', '', 'test_normal_closure')",140,,1,,,1,2
https://github.com/sympy/sympy/tree/master/sympy/combinatorics/testutil.py,"('https://github.com/sympy/sympy/tree/master/sympy/combinatorics/tests/test_perm_groups.py', 'sympy.combinatorics.tests.test_perm_groups', '', 'test_normal_closure')",148,,1,,,1,2
https://github.com/sympy/sympy/tree/master/sympy/combinatorics/testutil.py,"('https://github.com/sympy/sympy/tree/master/sympy/combinatorics/tests/test_perm_groups.py', 'sympy.combinatorics.tests.test_perm_groups', '', 'test_normal_closure')",149,,1,,,1,2
https://github.com/sympy/sympy/tree/master/sympy/combinatorics/testutil.py,"('https://github.com/sympy/sympy/tree/master/sympy/combinatorics/tests/test_perm_groups.py', 'sympy.combinatorics.tests.test_perm_groups', '', 'test_normal_closure')",150,,1,,,1,2
https://github.com/sympy/sympy/tree/master/sympy/combinatorics/testutil.py,"('https://github.com/sympy/sympy/tree/master/sympy/combinatorics/tests/test_perm_groups.py', 'sympy.combinatorics.tests.test_perm_groups', '', 'test_normal_closure')",147,,1,,,1,2
https://github.com/smicallef/spiderfoot/tree/master//sflib.py,"('https://github.com/smicallef/spiderfoot/tree/master/test/unit/test_spiderfoot.py', 'test.unit.test_spiderfoot', 'TestSpiderFoot', 'test_parse_emails_should_return_list_of_emails_from_string')",0,,,,,1,1
https://github.com/smicallef/spiderfoot/tree/master//sflib.py,"('https://github.com/smicallef/spiderfoot/tree/master/test/unit/test_spiderfoot.py', 'test.unit.test_spiderfoot', 'TestSpiderFoot', 'test_parse_emails_invalid_data_should_return_list')",0,,1,,,,1
https://github.com/rasbt/mlxtend/tree/master/mlxtend/preprocessing/transactionencoder.py,"('https://github.com/rasbt/mlxtend/tree/master/mlxtend/preprocessing/tests/test_transactionencoder.py', 'mlxtend.preprocessing.tests.test_transactionencoder', '', 'test_cloning')",1,,,1,,,1
https://github.com/rasbt/mlxtend/tree/master/mlxtend/preprocessing/transactionencoder.py,"('https://github.com/rasbt/mlxtend/tree/master/mlxtend/preprocessing/tests/test_transactionencoder.py', 'mlxtend.preprocessing.tests.test_transactionencoder', '', 'test_fit')",0,,,1,,,1
https://github.com/rasbt/mlxtend/tree/master/mlxtend/preprocessing/transactionencoder.py,"('https://github.com/rasbt/mlxtend/tree/master/mlxtend/preprocessing/tests/test_transactionencoder.py', 'mlxtend.preprocessing.tests.test_transactionencoder', '', 'test_transform_sparse')",0,,,1,,,1
https://github.com/rasbt/mlxtend/tree/master/mlxtend/preprocessing/transactionencoder.py,"('https://github.com/rasbt/mlxtend/tree/master/mlxtend/preprocessing/tests/test_transactionencoder.py', 'mlxtend.preprocessing.tests.test_transactionencoder', '', 'test_transform')",0,,,1,,,1
https://github.com/rasbt/mlxtend/tree/master/mlxtend/preprocessing/transactionencoder.py,"('https://github.com/rasbt/mlxtend/tree/master/mlxtend/preprocessing/tests/test_transactionencoder.py', 'mlxtend.preprocessing.tests.test_transactionencoder', '', 'test_cloning')",0,,,1,,,1
https://github.com/rasbt/mlxtend/tree/master/mlxtend/preprocessing/transactionencoder.py,"('https://github.com/rasbt/mlxtend/tree/master/mlxtend/preprocessing/tests/test_transactionencoder.py', 'mlxtend.preprocessing.tests.test_transactionencoder', '', 'test_inverse_transform')",0,,,1,,,1
https://github.com/nilearn/nilearn/tree/master/nilearn/datasets/func.py,"('https://github.com/nilearn/nilearn/tree/master/nilearn/datasets/tests/test_func.py', 'nilearn.datasets.tests.test_func', '', 'test_select_from_index')",0,,,1,,,1
https://github.com/nilearn/nilearn/tree/master/nilearn/datasets/func.py,"('https://github.com/nilearn/nilearn/tree/master/nilearn/datasets/tests/test_func.py', 'nilearn.datasets.tests.test_func', '', 'test_select_from_index')",2,,,,,1,1
https://github.com/nilearn/nilearn/tree/master/nilearn/datasets/func.py,"('https://github.com/nilearn/nilearn/tree/master/nilearn/datasets/tests/test_func.py', 'nilearn.datasets.tests.test_func', '', 'test_select_from_index')",1,,,,,1,1
https://github.com/nilearn/nilearn/tree/master/nilearn/datasets/func.py,"('https://github.com/nilearn/nilearn/tree/master/nilearn/datasets/tests/test_func.py', 'nilearn.datasets.tests.test_func', '', 'test_select_from_index')",4,,,,,1,1
https://github.com/nilearn/nilearn/tree/master/nilearn/datasets/func.py,"('https://github.com/nilearn/nilearn/tree/master/nilearn/datasets/tests/test_func.py', 'nilearn.datasets.tests.test_func', '', 'test_select_from_index')",3,,1,,,,1
https://github.com/nilearn/nilearn/tree/master/nilearn/datasets/func.py,"('https://github.com/nilearn/nilearn/tree/master/nilearn/datasets/tests/test_func.py', 'nilearn.datasets.tests.test_func', '', 'test_select_from_index')",5,,1,,,,1
https://github.com/luozhouyang/python-string-similarity/tree/master/strsimpy/sorensen_dice.py,"('https://github.com/luozhouyang/python-string-similarity/tree/master/strsimpy/sorensen_dice_test.py', 'strsimpy.sorensen_dice_test', 'TestSorensenDice', 'test_sorensen_dice')",1,,1,,,,1
https://github.com/luozhouyang/python-string-similarity/tree/master/strsimpy/sorensen_dice.py,"('https://github.com/luozhouyang/python-string-similarity/tree/master/strsimpy/sorensen_dice_test.py', 'strsimpy.sorensen_dice_test', 'TestSorensenDice', 'test_sorensen_dice')",0,,1,,,,1
https://github.com/luozhouyang/python-string-similarity/tree/master/strsimpy/overlap_coefficient.py,"('https://github.com/luozhouyang/python-string-similarity/tree/master/strsimpy/overlap_coefficient_test.py', 'strsimpy.overlap_coefficient_test', 'TestOverlapCoefficient', 'test_overlap_coefficient_halfsimilar_return1')",0,,1,,,,1
https://github.com/luozhouyang/python-string-similarity/tree/master/strsimpy/overlap_coefficient.py,"('https://github.com/luozhouyang/python-string-similarity/tree/master/strsimpy/overlap_coefficient_test.py', 'strsimpy.overlap_coefficient_test', 'TestOverlapCoefficient', 'test_overlap_coefficient_halfsimilar_return1')",1,,1,,,,1
https://github.com/luozhouyang/python-string-similarity/tree/master/strsimpy/overlap_coefficient.py,"('https://github.com/luozhouyang/python-string-similarity/tree/master/strsimpy/overlap_coefficient_test.py', 'strsimpy.overlap_coefficient_test', 'TestOverlapCoefficient', 'test_overlap_coefficient_onestringissubsetofother_return1')",0,,1,,,,1
https://github.com/luozhouyang/python-string-similarity/tree/master/strsimpy/overlap_coefficient.py,"('https://github.com/luozhouyang/python-string-similarity/tree/master/strsimpy/overlap_coefficient_test.py', 'strsimpy.overlap_coefficient_test', 'TestOverlapCoefficient', 'test_overlap_coefficient_onestringissubset_return1')",0,,1,,,,1
https://github.com/luozhouyang/python-string-similarity/tree/master/strsimpy/jaccard.py,"('https://github.com/luozhouyang/python-string-similarity/tree/master/strsimpy/jaccard_test.py', 'strsimpy.jaccard_test', 'TestJaccard', 'test_jaccard')",11,,,1,,,1
https://github.com/luozhouyang/python-string-similarity/tree/master/strsimpy/jaccard.py,"('https://github.com/luozhouyang/python-string-similarity/tree/master/strsimpy/jaccard_test.py', 'strsimpy.jaccard_test', 'TestJaccard', 'test_jaccard')",10,,,1,,,1
https://github.com/luozhouyang/python-string-similarity/tree/master/strsimpy/jaccard.py,"('https://github.com/luozhouyang/python-string-similarity/tree/master/strsimpy/jaccard_test.py', 'strsimpy.jaccard_test', 'TestJaccard', 'test_jaccard')",9,,,1,,,1
https://github.com/luozhouyang/python-string-similarity/tree/master/strsimpy/jaccard.py,"('https://github.com/luozhouyang/python-string-similarity/tree/master/strsimpy/jaccard_test.py', 'strsimpy.jaccard_test', 'TestJaccard', 'test_jaccard')",8,,,1,,,1
https://github.com/luozhouyang/python-string-similarity/tree/master/strsimpy/jaccard.py,"('https://github.com/luozhouyang/python-string-similarity/tree/master/strsimpy/jaccard_test.py', 'strsimpy.jaccard_test', 'TestJaccard', 'test_jaccard')",7,,,1,,,1
https://github.com/luozhouyang/python-string-similarity/tree/master/strsimpy/jaccard.py,"('https://github.com/luozhouyang/python-string-similarity/tree/master/strsimpy/jaccard_test.py', 'strsimpy.jaccard_test', 'TestJaccard', 'test_jaccard')",6,,,1,,,1
https://github.com/luozhouyang/python-string-similarity/tree/master/strsimpy/jaccard.py,"('https://github.com/luozhouyang/python-string-similarity/tree/master/strsimpy/jaccard_test.py', 'strsimpy.jaccard_test', 'TestJaccard', 'test_jaccard')",5,,1,,,,1
https://github.com/luozhouyang/python-string-similarity/tree/master/strsimpy/jaccard.py,"('https://github.com/luozhouyang/python-string-similarity/tree/master/strsimpy/jaccard_test.py', 'strsimpy.jaccard_test', 'TestJaccard', 'test_jaccard')",3,,1,,,,1
https://github.com/luozhouyang/python-string-similarity/tree/master/strsimpy/jaccard.py,"('https://github.com/luozhouyang/python-string-similarity/tree/master/strsimpy/jaccard_test.py', 'strsimpy.jaccard_test', 'TestJaccard', 'test_jaccard')",2,,1,,,,1
https://github.com/luozhouyang/python-string-similarity/tree/master/strsimpy/jaccard.py,"('https://github.com/luozhouyang/python-string-similarity/tree/master/strsimpy/jaccard_test.py', 'strsimpy.jaccard_test', 'TestJaccard', 'test_jaccard')",4,,1,,,,1
https://github.com/luozhouyang/python-string-similarity/tree/master/strsimpy/jaccard.py,"('https://github.com/luozhouyang/python-string-similarity/tree/master/strsimpy/jaccard_test.py', 'strsimpy.jaccard_test', 'TestJaccard', 'test_jaccard')",1,,1,,,,1
https://github.com/luozhouyang/python-string-similarity/tree/master/strsimpy/jaccard.py,"('https://github.com/luozhouyang/python-string-similarity/tree/master/strsimpy/jaccard_test.py', 'strsimpy.jaccard_test', 'TestJaccard', 'test_jaccard')",0,,1,,,,1
https://github.com/cloud-custodian/cloud-custodian/tree/master/c7n/mu.py,"('https://github.com/cloud-custodian/cloud-custodian/tree/master/tests/test_mu.py', 'tests.test_mu', 'DiffTags', 'test_removal')",0,,1,,,,1
https://github.com/cloud-custodian/cloud-custodian/tree/master/c7n/mu.py,"('https://github.com/cloud-custodian/cloud-custodian/tree/master/tests/test_mu.py', 'tests.test_mu', 'DiffTags', 'test_update')",0,,1,,,,1
https://github.com/cloud-custodian/cloud-custodian/tree/master/c7n/mu.py,"('https://github.com/cloud-custodian/cloud-custodian/tree/master/tests/test_mu.py', 'tests.test_mu', 'DiffTags', 'test_empty')",0,,1,,,,1
https://github.com/cloud-custodian/cloud-custodian/tree/master/c7n/mu.py,"('https://github.com/cloud-custodian/cloud-custodian/tree/master/tests/test_mu.py', 'tests.test_mu', 'DiffTags', 'test_addition')",0,,1,,,,1
https://github.com/buildbot/buildbot/tree/master/master/buildbot/reporters/utils.py,"('https://github.com/buildbot/buildbot/tree/master/master/buildbot/test/unit/reporters/test_utils.py', 'master.buildbot.test.unit.reporters.test_utils', 'TestDataUtils', 'test_getResponsibleUsers')",0,,1,,,,1
https://github.com/buildbot/buildbot/tree/master/master/buildbot/reporters/utils.py,"('https://github.com/buildbot/buildbot/tree/master/master/buildbot/test/unit/reporters/test_utils.py', 'master.buildbot.test.unit.reporters.test_utils', 'TestDataUtils', 'test_getResponsibleUsersFromPatch')",0,,1,,,,1
https://github.com/bndr/pipreqs/tree/master/pipreqs/pipreqs.py,"('https://github.com/bndr/pipreqs/tree/master/tests/test_pipreqs.py', 'tests.test_pipreqs', 'TestPipreqs', 'test_get_pkg_names')",0,,,,,1,1
https://github.com/bndr/pipreqs/tree/master/pipreqs/pipreqs.py,"('https://github.com/bndr/pipreqs/tree/master/tests/test_pipreqs.py', 'tests.test_pipreqs', 'TestPipreqs', 'test_deduplicate_dependencies')",0,,,,,1,1
https://github.com/aws/chalice/tree/master/chalice/deploy/validate.py,"('https://github.com/aws/chalice/tree/master/tests/unit/deploy/test_validate.py', 'tests.unit.deploy.test_validate', '', 'test_can_validate_feature_flags')",0,,1,,,,1
https://github.com/aws/chalice/tree/master/chalice/deploy/validate.py,"('https://github.com/aws/chalice/tree/master/tests/unit/deploy/test_validate.py', 'tests.unit.deploy.test_validate', '', 'test_can_validate_feature_flags')",1,,1,,,,1
,,,,73,14,146,219,
,,,,0.161504425,0.030973451,0.32300885,0.484513274,
